slug,nome,regiao,operadora_link,operadora_nome,cidade,endereco,latitude,longitude,listingtype,capacitytype,url
3rd-cta-sao-paulo-data-center,Data Center Marechal Rondon,sao-paulo,brazilian-army,Brazilian Army,Sao Paulo,"R. da Independencia, 632 ",-23.5701367,-46.6167762,Facility,Government,https://www.datacentermap.com/brazil/sao-paulo/3rd-cta-sao-paulo-data-center/
ada-rio-de-janeiro,ADA Rio de Janeiro,rio-de-janeiro,ada-infrastructure,Ada Infrastructure,Duque de Caxias,Rua Oliveira Roxo,-22.70650052424456,-43.23743247257072,Campus,Colocation,https://www.datacentermap.com/brazil/rio-de-janeiro/ada-rio-de-janeiro/
ada-sao-paulo,ADA Sao Paulo,sao-paulo,ada-infrastructure,Ada Infrastructure,Sao Paulo,"Av. Brig. Faria Lima, 3930",-23.5902486,-46.6818551,Campus,Colocation,https://www.datacentermap.com/brazil/sao-paulo/ada-sao-paulo/
adentro,Adentro DC Porto Alegre,porto-alegre,adentro-data-center-solutions-ltda,ADENTRO DATA CENTER SOLUTIONS LTDA,Porto Alegre,"Av. Bahia, 1258",-30.0134047,-51.2010249,Facility,Colocation,https://www.datacentermap.com/brazil/porto-alegre/adentro/
algar-tech-uberlandia,Algar Tech Uberlandia - Jaraguá,uberlandia,algar-technologia-bpo,Algar Tech,Uberlandia,"Rua Janaúba, 145",-18.9209149,-48.3090492,Facility,Colocation,https://www.datacentermap.com/brazil/uberlandia/algar-tech-uberlandia/
algar-tecnologia,Algar Tech Uberlandia - Granja Marileusa,uberlandia,algar-technologia-bpo,Algar Tech,Uberlandia,"Av. Floriano Peixoto, 6500",-18.8725131,-48.2451629,Facility,Colocation,https://www.datacentermap.com/brazil/uberlandia/algar-tecnologia/
aligned-rj-01,ODATA RJ01,rio-de-janeiro,odata-an-aligned-data-centers-company,"ODATA, an Aligned Data Centers Company",São João de Meriti,"Rod. Pres. Dutra, 4648",-22.7966834,-43.3572998,Facility,Colocation,https://www.datacentermap.com/brazil/rio-de-janeiro/aligned-rj-01/
aligned-sp-01,ODATA SP01,sao-paulo,odata-an-aligned-data-centers-company,"ODATA, an Aligned Data Centers Company","Votuparim, Santana de Parnaíba","39,2, Estr. dos Romeiros, 943",-23.4550357423391,-46.91510647119536,Facility,Colocation,https://www.datacentermap.com/brazil/sao-paulo/aligned-sp-01/
aligned-sp-02,ODATA SP02 Campus,sao-paulo,odata-an-aligned-data-centers-company,"ODATA, an Aligned Data Centers Company","Chácaras Assay, Hortolândia","R. José Blumer, 150",-22.9008002,-47.1935167,Campus,Colocation,https://www.datacentermap.com/brazil/sao-paulo/aligned-sp-02/
aligned-sp-03,ODATA SP03,sao-paulo,odata-an-aligned-data-centers-company,"ODATA, an Aligned Data Centers Company","Tamboré, Barueri","Alameda Araguacema, 187",-23.502083727189984,-46.82507025582267,Facility,Colocation,https://www.datacentermap.com/brazil/sao-paulo/aligned-sp-03/
angonap-fortaleza,AngoNAP Fortaleza,fortaleza,angola-cables,Angola Cables,Fortaleza,"Av. Trajano de Medeiros, 1851 - Vicente Pinzon",-3.735294671531065,-38.46167526644695,Facility,Colocation,https://www.datacentermap.com/brazil/fortaleza/angonap-fortaleza/
armazem-dc-brusque,Armazem DC Brusque,blumenau,armazem-cloud,Armazém Cloud,Brusque,"R. Atílio Battistoti, 199 - Azambuja",-27.1076999,-48.9186753,Facility,Colocation,https://www.datacentermap.com/brazil/blumenau/armazem-dc-brusque/
armazem-dc-joinville,Armazem DC Joinville,joinville,armazem-cloud,Armazém Cloud,Joinville,"R. Dona Francisca, 8300 - Distrito Industrial Norte",-26.2426531,-48.8834796,Facility,Colocation,https://www.datacentermap.com/brazil/joinville/armazem-dc-joinville/
asap-sp1,ASAP SP1,sao-paulo,asap-telecom,ASAP Telecom,São Paulo,"Av. das Nações Unidas, 22540",-23.6761714,-46.6992381,Facility,Colocation,https://www.datacentermap.com/brazil/sao-paulo/asap-sp1/
ascenty,Ascenty - Campinas CPS1,campinas,ascenty-data-centers,Ascenty Data Centers,Campinas,"Avenida Pierre Simon de Laplace, 1211",-22.848037,-47.153369,Facility,Colocation,https://www.datacentermap.com/brazil/campinas/ascenty/
ascenty-hortolandia-campus,Ascenty Hortolandia Campus,campinas,ascenty-data-centers,Ascenty Data Centers,Hortolândia,R. Papa João Paulo II 4,-22.89580421484941,-47.17949818945308,Campus,Colocation,https://www.datacentermap.com/brazil/campinas/ascenty-hortolandia-campus/
ascenty-hortolandia-htl6,Ascenty - Hortolandia HTL6,campinas,ascenty-data-centers,Ascenty Data Centers,Hortolândia,Rua Papa João Paulo II,-22.8961068,-47.181245,Facility,Colocation,https://www.datacentermap.com/brazil/campinas/ascenty-hortolandia-htl6/
ascenty-htl04,Ascenty - Hortolandia HTL4,campinas,ascenty-data-centers,Ascenty Data Centers,Hortolândia,"Rua Papa João Paulo II, 4",-22.8948579,-47.1789044,Facility,Colocation,https://www.datacentermap.com/brazil/campinas/ascenty-htl04/
ascenty-htl05,Ascenty - Hortolandia HTL5,campinas,ascenty-data-centers,Ascenty Data Centers,Hortolândia,"Rua Papa João Paulo II, 4",-22.8958925,-47.1801919,Facility,Colocation,https://www.datacentermap.com/brazil/campinas/ascenty-htl05/
ascenty-jundiai1,Ascenty - Jundiai JDI1,sao-paulo,ascenty-data-centers,Ascenty Data Centers,Jundiaí,"Rua Presbítero Plínio Alves de Souza, 757",-23.1919541,-46.9742117,Facility,Colocation,https://www.datacentermap.com/brazil/sao-paulo/ascenty-jundiai1/
ascenty-jundiai2,Ascenty - Jundiai JDI2,sao-paulo,ascenty-data-centers,Ascenty Data Centers,Jundiaí,"Av. Beirute, 863",-23.1924667,-46.9729886,Facility,Colocation,https://www.datacentermap.com/brazil/sao-paulo/ascenty-jundiai2/
ascenty-sao-paulo-capital-campus,Ascenty Sao Paulo Capital Campus,sao-paulo,ascenty-data-centers,Ascenty Data Centers,Osasco,"Av. Roberto Pinto Sobrinho, 350",-23.490669788951806,-46.77612948633123,Campus,Colocation,https://www.datacentermap.com/brazil/sao-paulo/ascenty-sao-paulo-capital-campus/
ascenty-sao-paulo-sp5,Ascenty - Sao Paulo SP5,sao-paulo,ascenty-data-centers,Ascenty Data Centers,Osasco,"Avenida Roberto Pinto Sobrinho, 350",-23.4892381,-46.7757703,Facility,Colocation,https://www.datacentermap.com/brazil/sao-paulo/ascenty-sao-paulo-sp5/
ascenty-sao-paulo-sp6,Ascenty - Sao Paulo SP6,sao-paulo,ascenty-data-centers,Ascenty Data Centers,Osasco,"Av. Roberto Pinto Sobrinho, 350",-23.4906888,-46.7749425,Facility,Colocation,https://www.datacentermap.com/brazil/sao-paulo/ascenty-sao-paulo-sp6/
ascenty-sao-paulo-sp7,Ascenty - Sao Paulo SP7,sao-paulo,ascenty-data-centers,Ascenty Data Centers,Osasco,within 1 km S/SW of Osasco Campus across SP-270,-23.48473731725123,-46.76933685910062,Facility,Colocation,https://www.datacentermap.com/brazil/sao-paulo/ascenty-sao-paulo-sp7/
ascenty-sao-paulo-sp8,Ascenty - Sao Paulo SP8,sao-paulo,ascenty-data-centers,Ascenty Data Centers,Osasco,within 1 km S/SW of Osasco Campus across SP-270,-23.48473731725123,-46.76933685910062,Facility,Colocation,https://www.datacentermap.com/brazil/sao-paulo/ascenty-sao-paulo-sp8/
ascenty-sp4,Ascenty - Sao Paulo SP4,sao-paulo,ascenty-data-centers,Ascenty Data Centers,Osasco,"Avenida Roberto Pinto Sobrinho, 350",-23.4898885,-46.7752556,Facility,Colocation,https://www.datacentermap.com/brazil/sao-paulo/ascenty-sp4/
ascenty-sum03,Ascenty - Sumare SUM3,campinas,ascenty-data-centers,Ascenty Data Centers,Sumaré,"Rodovia Anhanguera s/n, Parque das Industrias (Nova Veneza)",-22.8139696,-47.2115227,Facility,Colocation,https://www.datacentermap.com/brazil/campinas/ascenty-sum03/
ascenty-sum04,Ascenty - Sumare SUM4,campinas,ascenty-data-centers,Ascenty Data Centers,Sumaré,"Rodovia Anhanguera s/n, Parque das Industrias (Nova Veneza)",-22.8145195,-47.2122186,Facility,Colocation,https://www.datacentermap.com/brazil/campinas/ascenty-sum04/
ascenty-sumare-campus,Ascenty Sumare Campus,campinas,ascenty-data-centers,Ascenty Data Centers,Sumaré,"Rodovia Anhanguera s/n, Parque das Industrias (Nova Veneza)",-22.81398445421749,-47.21224965631805,Campus,Colocation,https://www.datacentermap.com/brazil/campinas/ascenty-sumare-campus/
ascenty-sumare-sum5,Ascenty - Sumare SUM5,campinas,ascenty-data-centers,Ascenty Data Centers,Sumaré,"Rodovia Anhanguera s/n, Parque das Industrias (Nova Veneza)",-22.8152822,-47.2120903,Facility,Colocation,https://www.datacentermap.com/brazil/campinas/ascenty-sumare-sum5/
ascenty-vin02,Ascenty - Vinhedo VIN2,campinas,ascenty-data-centers,Ascenty Data Centers,Vinhedo,"Av. 2, 50, Quadra G1, Distrito Industrial Benedito Storani",-23.0703237,-47.0129472,Facility,Colocation,https://www.datacentermap.com/brazil/campinas/ascenty-vin02/
ascenty-vinhedo-campus,Ascenty Vinhedo Campus,campinas,ascenty-data-centers,Ascenty Data Centers,Vinhedo,"Av. 2, 50, Quadra G1, Distrito Industrial Benedito Storani",-23.070314447734205,-47.01239479446002,Campus,Colocation,https://www.datacentermap.com/brazil/campinas/ascenty-vinhedo-campus/
ativas-datacenter-sa,Sonda Ativas,belo-horizonte,sonda-sa,Sonda S.A.,Belo Horizonte,"Agenério de Araújo st. , 20 Camargos",-19.942833,-44.011552,Facility,Colocation,https://www.datacentermap.com/brazil/belo-horizonte/ativas-datacenter-sa/
av-2-50-quadra-g1,Ascenty - Vinhedo VIN1,campinas,ascenty-data-centers,Ascenty Data Centers,Vinhedo,"Av. 2, 50, Quadra G1, Distrito Industrial Benedito Storani",-23.0700044,-47.0118244,Facility,Colocation,https://www.datacentermap.com/brazil/campinas/av-2-50-quadra-g1/
av-cel-phidias-távora-513-1,Ascenty - Rio de Janeiro RJ1,rio-de-janeiro,ascenty-data-centers,Ascenty Data Centers,Rio de Janeiro,"Avenida Coronel Phidias Tavora, 513",-22.8059441,-43.3480909,Facility,Colocation,https://www.datacentermap.com/brazil/rio-de-janeiro/av-cel-phidias-távora-513-1/
av-cel-phidias-távora-513-2,Ascenty- Rio de Janeiro RJ2,rio-de-janeiro,ascenty-data-centers,Ascenty Data Centers,Rio de Janeiro,"R. Mercúrio, 1736",-22.8050847,-43.3484313,Facility,Colocation,https://www.datacentermap.com/brazil/rio-de-janeiro/av-cel-phidias-távora-513-2/
av-roberto-pinto-sobrinho-350-1,Ascenty - Sao Paulo SP1,sao-paulo,ascenty-data-centers,Ascenty Data Centers,Osasco,"Avenida Roberto Pinto Sobrinho, 350",-23.4920417,-46.7759971,Facility,Colocation,https://www.datacentermap.com/brazil/sao-paulo/av-roberto-pinto-sobrinho-350-1/
av-roberto-pinto-sobrinho-350-2,Ascenty - Sao Paulo SP2,sao-paulo,ascenty-data-centers,Ascenty Data Centers,Osasco,"Avenida Roberto Pinto Sobrinho, 350",-23.4923861,-46.7771987,Facility,Colocation,https://www.datacentermap.com/brazil/sao-paulo/av-roberto-pinto-sobrinho-350-2/
av-roberto-pinto-sobrinho-350-3,Ascenty - Sao Paulo SP3,sao-paulo,ascenty-data-centers,Ascenty Data Centers,Osasco,"Avenida Roberto Pinto Sobrinho, 350",-23.491232,-46.7759313,Facility,Colocation,https://www.datacentermap.com/brazil/sao-paulo/av-roberto-pinto-sobrinho-350-3/
avato-joinville,Avato Joinville,joinville,avato,Ávato,Joinville,"Av. Santos Dumont, 935 - Santo Antônio",-26.26412048317817,-48.85177190343191,Facility,Colocation,https://www.datacentermap.com/brazil/joinville/avato-joinville/
b3-data-center,B3 Data Center,sao-paulo,b3-sa-brasil-bolsa-balco,"B3 S.A. – Brasil, Bolsa, Balcão",Santana de Parnaiba,"R. Ricardo Prudente de Aquino, 85 - Res. Tambore III",-23.4662448,-46.863993,Facility,Colocation,https://www.datacentermap.com/brazil/sao-paulo/b3-data-center/
brdrive-data-center,BRDrive Data Center,videira,brdrive,BRDrive,Videira,"R. Frederico Bortolaz, 971 - Panazzolo",-27.0019197,-51.16753689999999,Facility,Colocation,https://www.datacentermap.com/brazil/videira/brdrive-data-center/
brdrive-sc-vda,BRDrive - Santa Catarina - VDA,videira,brdrive1,BRDrive,Videira,within Centro,-27.0018484,-51.1675386,Facility,Colocation,https://www.datacentermap.com/brazil/videira/brdrive-sc-vda/
casa-dos-ventos-data-center,Pecém Data Center,fortaleza,casa-dos-ventos,Casa dos Ventos,São Gonçalo do Amarante,Complexo Industrial e Portuário do Pecém,-3.653321,-38.8251428,Facility,Colocation,https://www.datacentermap.com/brazil/fortaleza/casa-dos-ventos-data-center/
cdznet-data-center,CDZNet Data Center,sao-paulo,cdznet-data-center,cdznet data center,Sao Jose do Rio Preto,"R. Independência, 2472",-20.8119075,-49.3886276,Facility,Colocation,https://www.datacentermap.com/brazil/sao-paulo/cdznet-data-center/
century-cem-dc01,Century CEM-DC01,belo-horizonte,century-telecom-ltda,Century Telecom LTDA,Contagem,"José Permínio da Silva st., 80",-19.9305832,-44.0614069,Facility,Colocation,https://www.datacentermap.com/brazil/belo-horizonte/century-cem-dc01/
cirion-cur1,Cirion CUR1,curitiba,cirion,Cirion,Curitiba,"R. do Semeador, 350",-25.4703512,-49.3502146,Facility,Colocation,https://www.datacentermap.com/brazil/curitiba/cirion-cur1/
cirion-rio2,Cirion RIO2,rio-de-janeiro,cirion,Cirion,Rio de Janeiro,"Av. Pedro II, 235",-22.9049036,-43.2159206,Facility,Colocation,https://www.datacentermap.com/brazil/rio-de-janeiro/cirion-rio2/
claro-lapa,Claro Data Center LAPA,sao-paulo,claro,Claro,São Paulo,"R. Aldo de Azevedo, 200 - Vila Madalena",-23.54195739494818,-46.70931247916715,Facility,Colocation,https://www.datacentermap.com/brazil/sao-paulo/claro-lapa/
clickip-datacenters,ClickIP Datacenters,manaus,clickip-datacenters,ClickIP Datacenters,Manaus,"Rua Presidente João Batista Figueiredo, 15",-3.0553292,-59.990585,Facility,Colocation,https://www.datacentermap.com/brazil/manaus/clickip-datacenters/
cloudhq-gig1,CloudHQ GIG1,rio-de-janeiro,cloudhq,CloudHQ,São João de Meriti,"R. Maria Soares Sendas, Parque Barreto",-22.79429627273789,-43.35038030225854,Facility,Colocation,https://www.datacentermap.com/brazil/rio-de-janeiro/cloudhq-gig1/
cloudhq-gru-campus,CloudHQ GRU Campus,campinas,cloudhq,CloudHQ,Paulínia,Parque das Indústrias,-22.77138788859079,-47.10601347144599,Campus,Colocation,https://www.datacentermap.com/brazil/campinas/cloudhq-gru-campus/
cloudhq-gru1,CloudHQ GRU1,campinas,cloudhq,CloudHQ,Paulínia,Parque das Indústrias,-22.7725025,-47.1082519,Facility,Colocation,https://www.datacentermap.com/brazil/campinas/cloudhq-gru1/
cloudhq-gru2,CloudHQ GRU2,campinas,cloudhq,CloudHQ,Paulínia,Parque das Indústrias,-22.773284,-47.1068786,Facility,Colocation,https://www.datacentermap.com/brazil/campinas/cloudhq-gru2/
cloudhq-gru3,CloudHQ GRU3,campinas,cloudhq,CloudHQ,Paulínia,Parque das Indústrias,-22.7716023,-47.104486,Facility,Colocation,https://www.datacentermap.com/brazil/campinas/cloudhq-gru3/
cloudhq-gru4,CloudHQ GRU4,campinas,cloudhq,CloudHQ,Paulínia,Parque das Indústrias,-22.770555,-47.102456,Facility,Colocation,https://www.datacentermap.com/brazil/campinas/cloudhq-gru4/
cloudhq-gru5,CloudHQ GRU5,campinas,cloudhq,CloudHQ,Paulínia,Parque das Indústrias,-22.76951,-47.10069,Facility,Colocation,https://www.datacentermap.com/brazil/campinas/cloudhq-gru5/
cloudhq-gru6,CloudHQ GRU6,campinas,cloudhq,CloudHQ,Paulínia,Parque das Indústrias,-22.768695,-47.101916,Facility,Colocation,https://www.datacentermap.com/brazil/campinas/cloudhq-gru6/
cma,Novvacore Data Center,sao-paulo,cma,Novvacore,Sao Paulo,Rua Professor Filadelfo de Azevedo 712,-23.5877666,-46.6706535,Facility,Colocation,https://www.datacentermap.com/brazil/sao-paulo/cma/
connect-web,Connect Web Data Center,sao-paulo,connect-web,Connect Web,São Paulo,"Av. das Nações Unidas, 12995",-23.6055862,-46.6960933,Facility,Colocation,https://www.datacentermap.com/brazil/sao-paulo/connect-web/
constel-tecnologia-minas,Constel Cascavel Centro,cascavel,constel-tecnologia,Constel Tecnologia,Cascavel,"Rua Minas Gerais, 1932 - Centro",-24.9480313,-53.4498304,Facility,Colocation,https://www.datacentermap.com/brazil/cascavel/constel-tecnologia-minas/
constel-tecnologia-para,Constel Cascavel Country,cascavel,constel-tecnologia,Constel Tecnologia,Cascavel,"Rua Pará, 812 - Country",-24.9393548,-53.4416307,Facility,Colocation,https://www.datacentermap.com/brazil/cascavel/constel-tecnologia-para/
contato-cloud,Contato Data Center,ararangu,contato-cloud,Contato Data Center,Araranguá,"Rua Doutor Américo Cavalcante Rabello, 241",-28.9420155,-49.4979287,Facility,Colocation,https://www.datacentermap.com/brazil/ararangu/contato-cloud/
convex-idc-rpo,Convex IDC Ribeirão Preto,ribeirao-preto,convex-internet-solutions,Convex Internet Solutions,Ribeirao Preto,"R. Bernardino de Campos, 1001",-21.1852257,-47.8081915,Facility,Colocation,https://www.datacentermap.com/brazil/ribeirao-preto/convex-idc-rpo/
cope-p,COPE-P Brasilia,brasilia,telebras,Telebras,Brasília,St. de Habitações Individuais Sul,-15.85834223206172,-47.89905002324178,Facility,Government,https://www.datacentermap.com/brazil/brasilia/cope-p/
cope-s,COPE-S Rio de Janeiro,rio-de-janeiro,telebras,Telebras,Rio de Janeiro,Rua Américo Goulart - Cacuia,-22.82647149440208,-43.17830367112702,Facility,Government,https://www.datacentermap.com/brazil/rio-de-janeiro/cope-s/
cwbhn-01,CWB-HN 01,curitiba,hosting-now,Hosting Now,Curitiba,Rua Brasílio Itiberê 2217,-25.44583383579607,-49.26575676773692,Facility,Colocation,https://www.datacentermap.com/brazil/curitiba/cwbhn-01/
datacenter-locaweb-itapaiuna,Locaweb Data Center Itapaiuna,sao-paulo,locaweb-sa,Locaweb S/A,Sao Paulo,"Rua Itapaiuna, 2434",-23.6416742,-46.7288851,Facility,Colocation,https://www.datacentermap.com/brazil/sao-paulo/datacenter-locaweb-itapaiuna/
datacenter-locaweb-jk,Locaweb Data Center JK,sao-paulo,locaweb-sa,Locaweb S/A,São Paulo,"Av. Presidente Juscelino Kubitscheck, 1830 1º Andar",-23.5910194,-46.6866995,Facility,Colocation,https://www.datacentermap.com/brazil/sao-paulo/datacenter-locaweb-jk/
dc-coracao-do-rio-grande,Avato Santa Maria,santa-maria,avato,Ávato,Santa Maria,"Av. Fernando Ferrari, 1280 - Nossa Sra. de Lourdes",-29.6957946,-53.7978236,Facility,Colocation,https://www.datacentermap.com/brazil/santa-maria/dc-coracao-do-rio-grande/
dc-ultranet-telecom,Ultranet Telecom DC Fortaleza,fortaleza,ultranet-telecom,Ultranet Telecom,Fortaleza,"Av. Santos Dumont, 2122",-3.7344285,-38.5049194,Facility,Colocation,https://www.datacentermap.com/brazil/fortaleza/dc-ultranet-telecom/
dc-ultranet-telecom1,Ultranet Telecom DC Centro,rio-de-janeiro,ultranet-telecom,Ultranet Telecom,Centro,"Av. Pres. Vargas, 3131",-22.9101794,-43.2044016,Facility,Colocation,https://www.datacentermap.com/brazil/rio-de-janeiro/dc-ultranet-telecom1/
dsi-pae-a01,DSI - PAE-A01,porto-alegre,dsi-internet,DSI Internet,Porto Alegre,"R. Mostardeiro, 265 - Rio Branco",-30.0290429,-51.2045037,Facility,Colocation,https://www.datacentermap.com/brazil/porto-alegre/dsi-pae-a01/
edge-connection--cps01,Edge Connection - CPS01,campinas,edge-connection,Edge Connection,Campinas,"Rua Angelo Sellin, 401",-22.8148445,-47.0287932,Facility,Colocation,https://www.datacentermap.com/brazil/campinas/edge-connection--cps01/
elea-bel1,Elea BEL1,belem,elea-digital,Elea Data Centers,Belém,"508, Passagem Belo Horizonte, 256 - Barreiro",-1.41264568658525,-48.48808399344105,Facility,Colocation,https://www.datacentermap.com/brazil/belem/elea-bel1/
elea-digital-bsb1,Elea BSB1,brasilia,elea-digital,Elea Data Centers,Brasilia,Scn Q 3,-15.7883222,-47.8855136,Facility,Colocation,https://www.datacentermap.com/brazil/brasilia/elea-digital-bsb1/
elea-digital-bsb2,Elea BSB2,brasilia,elea-digital,Elea Data Centers,Brasilia,Sig Q 2,-15.7894869,-47.9115011,Facility,Colocation,https://www.datacentermap.com/brazil/brasilia/elea-digital-bsb2/
elea-digital-cta1,Elea CTA1,curitiba,elea-digital,Elea Data Centers,Curitiba,Tv. Teixeira de Freitas 73,-25.4247684,-49.2811411,Facility,Colocation,https://www.datacentermap.com/brazil/curitiba/elea-digital-cta1/
elea-digital-poa1,Elea POA1,porto-alegre,elea-digital,Elea Data Centers,Porto Alegre,Rua Engenheiro Afonso Cavalcanti 100,-30.0344071,-51.1911759,Facility,Colocation,https://www.datacentermap.com/brazil/porto-alegre/elea-digital-poa1/
elea-digital-poa2,Elea POA2,porto-alegre,elea-digital,Elea Data Centers,Porto Alegre,R. Voluntários da Pátria 1555,-30.0204138,-51.214324,Facility,Colocation,https://www.datacentermap.com/brazil/porto-alegre/elea-digital-poa2/
elea-digital-rjo1,Elea RJO1,rio-de-janeiro,elea-digital,Elea Data Centers,Rio de Janeiro,R. Vargem Grande 100,-22.9683248,-43.3805263,Facility,Colocation,https://www.datacentermap.com/brazil/rio-de-janeiro/elea-digital-rjo1/
elea-digital-spo1,Elea SPO1,sao-paulo,elea-digital,Elea Data Centers,Sao Paulo,Av. Guido Caloi 1000,-23.6518054,-46.7261678,Facility,Colocation,https://www.datacentermap.com/brazil/sao-paulo/elea-digital-spo1/
elea-digital-spo2,Elea SPO2,sao-paulo,elea-digital,Elea Data Centers,São Bernardo do Campo,"Av. Marginal Direita Anchieta, 1241",-23.6774468,-46.5725548,Facility,Colocation,https://www.datacentermap.com/brazil/sao-paulo/elea-digital-spo2/
elea-digital-spo3,Elea SPO3,sao-paulo,elea-digital,Elea Data Centers,Barueri,"Al. Rio Negro, 530",-23.5013594,-46.8473233,Facility,Colocation,https://www.datacentermap.com/brazil/sao-paulo/elea-digital-spo3/
elea-rjo2,Elea RJO2,rio-de-janeiro,elea-digital,Elea Data Centers,Rio de Janeiro,"Est. Arroio Pavuna, 1993-1787",-22.96681659168444,-43.38080634198599,Facility,Colocation,https://www.datacentermap.com/brazil/rio-de-janeiro/elea-rjo2/
elea-rjo3,Elea RJO3,rio-de-janeiro,elea-digital,Elea Data Centers,Rio de Janeiro,"Est. Arroio Pavuna, 1464-1786",-22.96527862278515,-43.38160795485794,Facility,Colocation,https://www.datacentermap.com/brazil/rio-de-janeiro/elea-rjo3/
elea-rjo4,Elea RJO4,rio-de-janeiro,elea-digital,Elea Data Centers,Rio de Janeiro,"Est. Arroio Pavuna, 1464-1786",-22.96352534540635,-43.38217515289966,Facility,Colocation,https://www.datacentermap.com/brazil/rio-de-janeiro/elea-rjo4/
enegix-piau,Enegix Piauí,parnaiba,enegix,Enegix,Parnaíba,within ZPE Parnaíba,-2.956195978406484,-41.76979620360595,Facility,Enterprise,https://www.datacentermap.com/brazil/parnaiba/enegix-piau/
engetronics-brasilia,Engetronics Brasilia,brasilia,engetronics-internet-datacenter,ENGETRONICS INTERNET DATACENTER,Brasilia,"Setor Hoteleiro Norte, Qd 2 Bl H",-15.7892783,-47.8863236,Facility,Colocation,https://www.datacentermap.com/brazil/brasilia/engetronics-brasilia/
equinix-rj1,Equinix RJ1,rio-de-janeiro,equinix,Equinix,Rio de Janeiro,"Rua Voluntarios da Patria, 360, Botafogo",-22.95490599063348,-43.19455146789551,Facility,Colocation,https://www.datacentermap.com/brazil/rio-de-janeiro/equinix-rj1/
equinix-rj2,Equinix RJ2,rio-de-janeiro,equinix,Equinix,Rio de Janeiro,"Estrada Adhemar Bebiano, 1380, Del Castilho",-22.87137100666576,-43.2732367515564,Facility,Colocation,https://www.datacentermap.com/brazil/rio-de-janeiro/equinix-rj2/
equinix-rj3,Equinix RJ3,rio-de-janeiro,equinix,Equinix,São João de Meriti,"Rua Maria Soares Sendas, 6-B/2",-22.7963142,-43.3485363,Facility,Colocation,https://www.datacentermap.com/brazil/rio-de-janeiro/equinix-rj3/
equinix-sp1,Equinix SP1,sao-paulo,equinix,Equinix,São Paulo,"Rua Doutor Miguel Couto, 58, Centro",-23.54601881056474,-46.63581758737564,Facility,Colocation,https://www.datacentermap.com/brazil/sao-paulo/equinix-sp1/
equinix-sp2,Equinix SP2,sao-paulo,equinix,Equinix,Barueri,"Alameda Araguaia, 3641 Tamboré",-23.50295173401723,-46.8272066116333,Facility,Colocation,https://www.datacentermap.com/brazil/sao-paulo/equinix-sp2/
equinix-sp3,Equinix SP3,sao-paulo,equinix,Equinix,Santana do Parnaíba,"Av. Marcos Penteado de Ulhôa Rodrigues, 249",-23.46633659842699,-46.86304092407227,Facility,Colocation,https://www.datacentermap.com/brazil/sao-paulo/equinix-sp3/
equinix-sp4,Equinix SP4,sao-paulo,equinix,Equinix,Barueri,"Av. Ceci, 1900 - Res. Tambore, Tamboré",-23.49343730305815,-46.80943965911865,Facility,Colocation,https://www.datacentermap.com/brazil/sao-paulo/equinix-sp4/
equinix-sp5x,Equinix SP5x,sao-paulo,equinix,Equinix,Santana de Parnaíba,"Av. Marcos Penteado de Ulhôa Rodrigues, 888",-23.46393786425595,-46.8626817427955,Facility,Colocation,https://www.datacentermap.com/brazil/sao-paulo/equinix-sp5x/
equinix-sp6,Equinix SP6,sao-paulo,equinix,Equinix,Santana de Parnaíba,"Av. Marcos Penteado de Ulhoa Rodrigues, 1413",-23.4617951,-46.8571846,Facility,Colocation,https://www.datacentermap.com/brazil/sao-paulo/equinix-sp6/
equinix-sp7,Equinix SP7,sao-paulo,equinix,Equinix,Santana de Parnaíba,"Av. Marcos Penteado de Ulhoa Rodrigues, 1413",-23.46273037128772,-46.85742464143956,Facility,Colocation,https://www.datacentermap.com/brazil/sao-paulo/equinix-sp7/
everest-digital-data-center,Everest Digital Data Center,goiania,everest-digital,Everest Digital,Goiânia,"Av. Fued José Sebba, 700 - Térreo 2 - Jardim Goiás",-16.68937263321776,-49.24135147797131,Facility,Colocation,https://www.datacentermap.com/brazil/goiania/everest-digital-data-center/
evo-cta-01,EVO-CTA-01,curitiba,grupo-evo,Grupo EVO,Curitiba,105 R. Álvaro Maravalhas,-25.4702121,-49.3513786,Facility,Colocation,https://www.datacentermap.com/brazil/curitiba/evo-cta-01/
ferenz-networks,FERENZ NETWORKS SERVIÇOS DE INTERNET LTDA,xaxim,ferenz-networks,Ferenz Networks,Xaxim,"Rua Governador Irineu Bornhausen, 473, Bairro Germânico",-26.968319,-52.5254562,Facility,Colocation,https://www.datacentermap.com/brazil/xaxim/ferenz-networks/
gblx-rio,Cirion RIO1,rio-de-janeiro,cirion,Cirion,Rio de Janeiro,"Av. Pedro II, 329",-22.9049983,-43.2179064,Facility,Colocation,https://www.datacentermap.com/brazil/rio-de-janeiro/gblx-rio/
getcard-data-center,GetTI Data Center,maringa,getcard-provedora-de-transacoes-eletrônicas,GetCard Provedora de Transações Eletrônicas,Maringa,"Av. Advogado Horacio Racanello Filho, 5570",-23.4179188,-51.9354338,Facility,Colocation,https://www.datacentermap.com/brazil/maringa/getcard-data-center/
gox-dc,GOX DATA CENTER LTDA,itauna,gox-data-center-ltda,GOX DATA CENTER LTDA,Itaúna,"Rua Zezé Lima, 212",-20.070645,-44.5765583,Facility,Colocation,https://www.datacentermap.com/brazil/itauna/gox-dc/
gvt-curitiba,Vivo Curitiba Data Center,curitiba,gvt,Vivo,Curitiba,"Rua Francisco Nunes, 1395",-25.453427,-49.253815,Facility,Colocation,https://www.datacentermap.com/brazil/curitiba/gvt-curitiba/
gvt-rio-de-janeiro,Vivo Rio de Janeiro Data Center,rio-de-janeiro,gvt,Vivo,Rio de Janeiro,"Rua Sara, 36",-22.9032603,-43.2044208,Facility,Colocation,https://www.datacentermap.com/brazil/rio-de-janeiro/gvt-rio-de-janeiro/
gvt-sao-paulo,Vivo São Paulo - Guarulhos Data Center,sao-paulo,gvt,Vivo,Guarulhos,"Rua Doutor Timóteo Penteado, 976",-23.456573,-46.537871,Facility,Colocation,https://www.datacentermap.com/brazil/sao-paulo/gvt-sao-paulo/
hasest-sia,Hasest SIA,brasilia,hasest,Hasest,Brasilia,"SIA Trecho 05, Lotes 05/35",-15.7980495,-47.9500677,Facility,Colocation,https://www.datacentermap.com/brazil/brasilia/hasest-sia/
hexam2,HEXAM2,rio-de-janeiro,hexam2,HEXAM2,Rio de Janeiro,"Rua Ceara, 356",-22.91009621308617,-43.20449709892273,Facility,Colocation,https://www.datacentermap.com/brazil/rio-de-janeiro/hexam2/
hostdime-brazil,HostDime Brazil (João Pessoa),joao-pessoa,hostdime-com,HostDime Global Corp,João Pessoa,"Av São Paulo, 1223",-7.115262,-34.880473,Facility,Colocation,https://www.datacentermap.com/brazil/joao-pessoa/hostdime-brazil/
hostdime-so-paulo,HostDime Brazil (São Paulo),sao-paulo,hostdime-com,HostDime Global Corp,Cotia,"Av. Eid Mansur, 666 - Parque Sao George",-23.5979056,-46.8488169,Facility,Colocation,https://www.datacentermap.com/brazil/sao-paulo/hostdime-so-paulo/
hostweb-fortaleza,Hostweb Fortaleza,fortaleza,hostweb,Hostweb,Fortaleza,"R. Vitóriano Borges, 455",-3.781561141089867,-38.55193468110386,Facility,Colocation,https://www.datacentermap.com/brazil/fortaleza/hostweb-fortaleza/
hostzone-cge1,Hostzone CGE1,campina-grande,hostzone,Hostzone,Campina Grande,"within R. Paulo de Frontin, Campina Grande",-7.2280191,-35.8828993,Facility,Colocation,https://www.datacentermap.com/brazil/campina-grande/hostzone-cge1/
hotlink-internet,HOTlink Internet Data Center,recife,hotlink-internet-ltda,hotlink internet ltda,Recife,"Rua Manoel Bezerra, 165",-8.055152,-34.9105355,Facility,Colocation,https://www.datacentermap.com/brazil/recife/hotlink-internet/
hunti-cta1,Hunti CTA1,curitiba,hunti-data,Hunti Data,Curitiba,"Av. Republica Argentina, 1505",-25.4598581,-49.2889804,Facility,Colocation,https://www.datacentermap.com/brazil/curitiba/hunti-cta1/
idc-centro,IDC Centro,brasilia,reitec-fibra,Reitec Fibra,Brasília ,SRTVS 701 Bloco O 2 andar,-15.7978188,-47.8949725,Facility,Colocation,https://www.datacentermap.com/brazil/brasilia/idc-centro/
idx-data-centers-it-services,IDX Data Centers & IT Services,palmas,idx-data-centers-it-services,IDX Data Centers & IT Services,Palmas,"Q. 103 Sul Rua SO 5, 274 - Plano Diretor Sul",-10.1875328,-48.340776,Facility,Colocation,https://www.datacentermap.com/brazil/palmas/idx-data-centers-it-services/
ipxon-fortaleza,IPXON Fortaleza,fortaleza,ipxon-networks,IPXON Networks,Fortaleza,"R. Quatorze, 1161 - Fortaleza",-3.8308368,-38.6112238,Facility,Colocation,https://www.datacentermap.com/brazil/fortaleza/ipxon-fortaleza/
ipxon-rio-de-janeiro,IPXON Rio de Janeiro,rio-de-janeiro,ipxon-networks,IPXON Networks,Rio de Janeiro,"Av. Cel. Phidias Távora, 513 - Pavuna",-22.8059797,-43.3480982,Facility,Colocation,https://www.datacentermap.com/brazil/rio-de-janeiro/ipxon-rio-de-janeiro/
ipxon-sao-paulo,IPXON Sao Paulo,sao-paulo,ipxon-networks,IPXON Networks,Osasco,"Avenida Roberto Pinto Sobrinho, 350",-23.4920457,-46.7760135,Facility,Colocation,https://www.datacentermap.com/brazil/sao-paulo/ipxon-sao-paulo/
kinghost,KingHost Data Center,porto-alegre,kinghost,KingHost,Porto Alegre,"Av. Cristóvão Colombo, 2360",-30.0175841,-51.1971931,Facility,Colocation,https://www.datacentermap.com/brazil/porto-alegre/kinghost/
kyndryl-dc-hortolandia,Kyndryl Hortolandia,sao-paulo,kyndryl,Kyndryl,Hortolândia ,"Rodovia Jornalista Francisco Aguirre Proença, Km 09 - S/N",-22.90004171218494,-47.20120587899308,Facility,Colocation,https://www.datacentermap.com/brazil/sao-paulo/kyndryl-dc-hortolandia/
local-dc-campinas,Local DC Campinas,campinas,local-dc,Local DC,Campinas,within a former Banco Itau building in Campinas,-22.9050824,-47.0613327,Facility,Colocation,https://www.datacentermap.com/brazil/campinas/local-dc-campinas/
lumen-fortaleza,Lumen Fortaleza,fortaleza,level3,Lumen,Fortaleza,"Av. Dioguinho, 2950",-3.7418705,-38.4537917,Facility,Colocation,https://www.datacentermap.com/brazil/fortaleza/lumen-fortaleza/
lumen-parque-sao-georgia,Cirion SAO1,sao-paulo,cirion,Cirion,Cotia,"Av. Eid Mansur, 666",-23.5979329,-46.848808,Facility,Colocation,https://www.datacentermap.com/brazil/sao-paulo/lumen-parque-sao-georgia/
maila-networks-dc1,Maila Networks DC1,porto-alegre,maila-networks,Maila Networks,Porto Alegre,R. Baronesa do Gravataí 738,-30.0283916,-51.2297492,Facility,Colocation,https://www.datacentermap.com/brazil/porto-alegre/maila-networks-dc1/
maila-networks-dc2,Maila Networks - DC2 ,porto-alegre,maila-networks,Maila Networks,Porto Alegre,R. Gomes de Freitas,-30.0121095,-51.1432885,Facility,Colocation,https://www.datacentermap.com/brazil/porto-alegre/maila-networks-dc2/
master-da-web,Master da Web,belo-horizonte,master-da-web,Master da Web,Belo Horizonte,Rua Pirapetinga 196,-19.9408887,-43.9240841,Facility,Colocation,https://www.datacentermap.com/brazil/belo-horizonte/master-da-web/
matrix,SBA Edge Sao Paulo,sao-paulo,continuum-data-centers-llc,SBA Edge,Sao Paulo,"Rua Jose Abrantes, 186",-23.6465586,-46.7175713,Facility,Colocation,https://www.datacentermap.com/brazil/sao-paulo/matrix/
maxihost,Latitude.sh SAO,sao-paulo,maxihost,Latitude.sh,Sao Paulo,"Rua Dr. Eduardo Martinelli, 100",-23.5799648,-46.6410651,Facility,Neocloud,https://www.datacentermap.com/brazil/sao-paulo/maxihost/
microsoft-hortolandia,Microsoft Hortolandia,sao-paulo,microsoft,Microsoft,Hortolândia,"Rua Uirapuru, 340, Chácara Recreio Alvorada",-22.8453232,-47.2355628,Facility,Hyperscaler,https://www.datacentermap.com/brazil/sao-paulo/microsoft-hortolandia/
microsoft-sao-paulo,Microsoft Sao Paulo,sao-paulo,microsoft,Microsoft,Sao Paulo,"Rua Santa Teresa, 64",-23.4841697,-46.7142191,Facility,Hyperscaler,https://www.datacentermap.com/brazil/sao-paulo/microsoft-sao-paulo/
microsoft-taquara-branca,Microsoft Taquara Branca,sao-paulo,microsoft,Microsoft,Hortolândia,"Estr. Mun. Pedrina Guilherme, 1995 - Jardim Res. Firenze",-22.8787486,-47.2446609,Facility,Hyperscaler,https://www.datacentermap.com/brazil/sao-paulo/microsoft-taquara-branca/
minidc-mcr1,MiniDC MCR1,sao-paulo,minidc,MiniDC by tryideas,Mal. Cândido Rondon,"R. Santa Catarina, 311 - Centro",-24.5647801,-54.05378289999999,Facility,Colocation,https://www.datacentermap.com/brazil/sao-paulo/minidc-mcr1/
nabiax-tambore,NextStream Tamboré,sao-paulo,actis,NextStream,Santana de Parnaíba,Av. Marcos Penteado de Ulhôa Rodrigues,-23.4641876,-46.8588568,Facility,Colocation,https://www.datacentermap.com/brazil/sao-paulo/nabiax-tambore/
nextstream-curitiba,NextStream Curitiba,curitiba,actis,NextStream,Curitiba,"Rua Senador Accioly Filho, 2200 ",-25.49543025558597,-49.32874498873221,Facility,Colocation,https://www.datacentermap.com/brazil/curitiba/nextstream-curitiba/
nicnet-cravinhos-data-center,NICNET - Cravinhos - Data Center,cravinhos,nicnet-telecom-ltda,Nicnet Telecom Ltda,Cravinhos,Rua Cesário Motta 231,-21.3374876,-47.7344121,Facility,Colocation,https://www.datacentermap.com/brazil/cravinhos/nicnet-cravinhos-data-center/
nuv-datacenter-nuv1,NUV Datacenter - NUV1,vitoria,nuv-datacenter,NUV Datacenter,Serra,"Rua Fioravanet Cassini, 28",-20.2226002,-40.2710429,Facility,Colocation,https://www.datacentermap.com/brazil/vitoria/nuv-datacenter-nuv1/
nuv-datacenter-nuv2,NUV Datacenter - NUV2,vitoria,nuv-datacenter,NUV Datacenter,Vitória,"R. Prof. Almeida Cousin, 125",-20.3137649,-40.2941776,Facility,Colocation,https://www.datacentermap.com/brazil/vitoria/nuv-datacenter-nuv2/
nwi-brasilia,NWI Datacenter Brasília SIG,brasilia,nwi,NWI,Brasília,SIG Quadra 1 Lote 725,-15.79208893311143,-47.91015569951395,Facility,Colocation,https://www.datacentermap.com/brazil/brasilia/nwi-brasilia/
odata-sp02-dc1,ODATA SP02 DC1,sao-paulo,odata-an-aligned-data-centers-company,"ODATA, an Aligned Data Centers Company","Chácaras Assay, Hortolândia","R. José Blumer, 150",-22.900571,-47.19466,Facility,Colocation,https://www.datacentermap.com/brazil/sao-paulo/odata-sp02-dc1/
odata-sp02-dc2,ODATA SP02 DC2,sao-paulo,odata-an-aligned-data-centers-company,"ODATA, an Aligned Data Centers Company","Chácaras Assay, Hortolândia","R. José Blumer, 150",-22.90168622626165,-47.19386399262817,Facility,Colocation,https://www.datacentermap.com/brazil/sao-paulo/odata-sp02-dc2/
odata-sp04,ODATA SP04,sao-paulo,odata-an-aligned-data-centers-company,"ODATA, an Aligned Data Centers Company",Osasco,"R. Herman, 02 - Industrial Anhangüera",-23.48330711230518,-46.77617843757606,Facility,Colocation,https://www.datacentermap.com/brazil/sao-paulo/odata-sp04/
parks-data-center-cachoeirinha,Parks Data Center Cachoeirinha,porto-alegre,parks-sa-comunicaes-digitais,Parks S/A Comunicações Digitais,Cachoeirinha,"Av. Cruzeiro, 530 - Distrito Industrial",-29.93029341315945,-51.10729266012558,Facility,Colocation,https://www.datacentermap.com/brazil/porto-alegre/parks-data-center-cachoeirinha/
piau-link-data-center,Piauí Link Data Center,teresina,etipi,ETIPI - PI,Teresina,"Av. Pedro Freitas, 1570",-5.106522106753856,-42.81234212673621,Facility,Colocation,https://www.datacentermap.com/brazil/teresina/piau-link-data-center/
pix-g8-aracaju,PIX G8 Aracaju,aracaju,megatelecom,Megatelecom,Aracaju,"Rua Pacatuba, 254",-10.9162733,-37.0493841,Facility,Colocation,https://www.datacentermap.com/brazil/aracaju/pix-g8-aracaju/
pix-g8-brasilia,PIX G8 Brasilia,brasilia,megatelecom,Megatelecom,Brasília,Setor Comercial Norte Q 6 Id,-15.7866473,-47.8905467,Facility,Colocation,https://www.datacentermap.com/brazil/brasilia/pix-g8-brasilia/
pix-g8-goiania,PIX G8 Goiania,goiania,megatelecom,Megatelecom,Goiânia,"Avenida T-63, 3182",-16.714315,-49.26494839999999,Facility,Colocation,https://www.datacentermap.com/brazil/goiania/pix-g8-goiania/
pix-g8-manaus,PIX G8 Manaus,manaus,megatelecom,Megatelecom,Manaus,"Corporate Trade, Rodovia Alvaro Maia, 2357",-3.1153562,-60.01181150000001,Facility,Colocation,https://www.datacentermap.com/brazil/manaus/pix-g8-manaus/
pix-g8-sao-paulo,PIX G8 Sao Paulo,sao-paulo,megatelecom,Megatelecom,Sao Paulo,"Rua Florida, 1738",-23.6070262,-46.6944171,Facility,Colocation,https://www.datacentermap.com/brazil/sao-paulo/pix-g8-sao-paulo/
provenet-idc,ProveNET IDC,fortaleza,provenet-internet-services-ltda,ProveNET Internet Services LTDA,Fortaleza,"Rua Isaías Domingos da Silveira, 215",-3.7356148,-38.466709,Facility,Colocation,https://www.datacentermap.com/brazil/fortaleza/provenet-idc/
qnax-data-center,QNAX Data Center,sao-paulo,qnax-data-center,QNAX Data Center,São Paulo,"Av. Nossa Senhora do Ó, 865 - Limão",-23.5042049,-46.6803806,Facility,Colocation,https://www.datacentermap.com/brazil/sao-paulo/qnax-data-center/
quantico-canoas,Quântico Data Center,porto-alegre,quantico-data-center,Quântico Data Center,Canoas,"R. Eng. Homero Carlos Simon, 1100 - Guajuviras",-29.9040072,-51.1283808,Facility,Colocation,https://www.datacentermap.com/brazil/porto-alegre/quantico-canoas/
r-papa-joao-paulo-ii-4,Ascenty - Hortolandia HTL1,campinas,ascenty-data-centers,Ascenty Data Centers,Hortolândia,R. Papa João Paulo II 4,-22.8963861,-47.1784993,Facility,Colocation,https://www.datacentermap.com/brazil/campinas/r-papa-joao-paulo-ii-4/
r-sebastião-cardoso,Ascenty - Paulinia PLN1,campinas,ascenty-data-centers,Ascenty Data Centers,Paulínia,R. Sebastião Cardoso 350,-22.7970795,-47.1352301,Facility,Colocation,https://www.datacentermap.com/brazil/campinas/r-sebastião-cardoso/
r4-data-center,R4 Data Center,maringa,r4-data-center,R4 Data Center,Maringá,"Avenida Duque de Caxias, 882 - Novo Centro",-23.417585,-51.9393961,Facility,Colocation,https://www.datacentermap.com/brazil/maringa/r4-data-center/
r4c-networks,R4C Datacenter,rio-de-janeiro,r4c,R4C,Barra da Tijuca,Av. Das Americas 500,-23.00337473995276,-43.31882357597351,Facility,Colocation,https://www.datacentermap.com/brazil/rio-de-janeiro/r4c-networks/
recife1,Atlantic Data Center Recife 1,recife,atlantic-data-centers,Atlantic Data Centers,Recife,"R. Min. Mario Andreaza, 815 - Várzea",-8.0658641,-34.9880118,Facility,Colocation,https://www.datacentermap.com/brazil/recife/recife1/
rgk4it-data-center,RGK4IT Data Center,maringa,rgk4it,RGK4IT,Maringá,"Av. José Alves Nendo, 467 - Jardim São Silvestre",-23.4554895,-51.9151828,Facility,Colocation,https://www.datacentermap.com/brazil/maringa/rgk4it-data-center/
rio-ai-city,Rio AI City,rio-de-janeiro,elea-digital,Elea Data Centers,Rio de Janeiro,"R. Vargem Grande, 100 / Est. Arroio Pavuna, 1786",-22.9663990193939,-43.37684022647017,Campus,Colocation,https://www.datacentermap.com/brazil/rio-de-janeiro/rio-ai-city/
riverhook-village-18-campus,RiverHook Village 18 Campus,sao-paulo,riverhook-village-18,RiverHook Village 18,Pindamonhangaba,Av. Estrutural,-22.912227,-45.413716,Campus,Colocation,https://www.datacentermap.com/brazil/sao-paulo/riverhook-village-18-campus/
riverhook-village-18-dc1,RiverHook Village 18 DC1,sao-paulo,riverhook-village-18,RiverHook Village 18,Pindamonhangaba,Av. Estrutural,-22.913869,-45.413605,Facility,Colocation,https://www.datacentermap.com/brazil/sao-paulo/riverhook-village-18-dc1/
riverhook-village-18-dc2,RiverHook Village 18 DC2,sao-paulo,riverhook-village-18,RiverHook Village 18,Pindamonhangaba,Av. Estrutural,-22.911549,-45.415284,Facility,Colocation,https://www.datacentermap.com/brazil/sao-paulo/riverhook-village-18-dc2/
rodovia-anhanguera-bldg-1,Ascenty - Sumare SUM1,campinas,ascenty-data-centers,Ascenty Data Centers,Sumaré,"Rodovia Anhanguera s/n, Parque das Industrias (Nova Veneza)",-22.8132231,-47.2126154,Facility,Colocation,https://www.datacentermap.com/brazil/campinas/rodovia-anhanguera-bldg-1/
rodovia-anhanguera-bldg-2,Ascenty - Sumare SUM2,campinas,ascenty-data-centers,Ascenty Data Centers,Sumaré,"Rodovia Anhanguera s/n, Parque das Industrias (Nova Veneza)",-22.8138615,-47.2133634,Facility,Colocation,https://www.datacentermap.com/brazil/campinas/rodovia-anhanguera-bldg-2/
rpodc,Insidesign Ribeirao Data Center,sao-paulo,insidesign-tecnologia-ltda-epp,Insidesign Tecnologia Ltda EPP,Ribeirao Preto,"Av. Saudade, 1210 - Campos Elísios",-21.1622069,-47.8011541,Facility,Colocation,https://www.datacentermap.com/brazil/sao-paulo/rpodc/
rt-one-uberlndia,RT-One Uberlândia,uberlandia,rt-one,RT-One,Uberlândia,"within Uberlândia by BR-497, towards Prata",-18.94893942693562,-48.33580789389012,Facility,Colocation,https://www.datacentermap.com/brazil/uberlandia/rt-one-uberlndia/
rua-papa-joao-paulo-ii-4-building-2,Ascenty - Hortolandia HTL2,campinas,ascenty-data-centers,Ascenty Data Centers,Hortolândia,"Rua Papa João Paulo II, 4",-22.8949687,-47.1794405,Facility,Colocation,https://www.datacentermap.com/brazil/campinas/rua-papa-joao-paulo-ii-4-building-2/
rua-papa-joao-paulo-ii-4-building-3,Ascenty - Hortolandia HTL3,campinas,ascenty-data-centers,Ascenty Data Centers,Hortolândia,"Rua Papa João Paulo II, 4",-22.8942092,-47.1797024,Facility,Colocation,https://www.datacentermap.com/brazil/campinas/rua-papa-joao-paulo-ii-4-building-3/
rua-quatorze-1161,Ascenty - Fortaleza FTZ1,fortaleza,ascenty-data-centers,Ascenty Data Centers,Fortaleza,"Rua Quatorze, 1161",-3.8308368,-38.6112238,Facility,Colocation,https://www.datacentermap.com/brazil/fortaleza/rua-quatorze-1161/
scala-ai-city,Scala AI City,porto-alegre,scala-data-centers,Scala Data Centers,Eldorado do Sul,Rodovia Osvaldo Aranha,-30.07425077314578,-51.49400150419427,Campus,Colocation,https://www.datacentermap.com/brazil/porto-alegre/scala-ai-city/
scala-data-centers-campinas-campus,Scala Data Centers Campinas Campus,campinas,scala-data-centers,Scala Data Centers,Campinas,R. Guido de Camargo Penteado Sobrinho 3685,-22.8201867012489,-47.10015515397768,Campus,Colocation,https://www.datacentermap.com/brazil/campinas/scala-data-centers-campinas-campus/
scala-data-centers-fortaleza-campus,Scala Data Centers Fortaleza Campus,fortaleza,scala-data-centers,Scala Data Centers,Fortaleza,"Av. Dr. Aldy Mentor, 2093 / Av. Dr. Aldy Mentor, 1787",-3.752318753859797,-38.45882068979125,Campus,Colocation,https://www.datacentermap.com/brazil/fortaleza/scala-data-centers-fortaleza-campus/
scala-data-centers-sforpf02,Scala Data Centers SFORPF02,fortaleza,scala-data-centers,Scala Data Centers,Fortaleza,"Av. Dr. Aldy Mentor, 1787-1571",-3.7518085,-38.4591565,Facility,Colocation,https://www.datacentermap.com/brazil/fortaleza/scala-data-centers-sforpf02/
scala-data-centers-sgigsm02,Scala Data Centers SGIGSM02,rio-de-janeiro,scala-data-centers,Scala Data Centers,Sao Joao de Meriti,"within Rod. Dutra 4300, Campus Scala's SJM",-22.7984409,-43.356411,Facility,Colocation,https://www.datacentermap.com/brazil/rio-de-janeiro/scala-data-centers-sgigsm02/
scala-data-centers-sgigsm03,Scala Data Centers SGIGSM03,rio-de-janeiro,scala-data-centers,Scala Data Centers,Sao Joao de Meriti,"within Rod. Dutra 4300, Campus Scala's SJM",-22.7984409,-43.356411,Facility,Colocation,https://www.datacentermap.com/brazil/rio-de-janeiro/scala-data-centers-sgigsm03/
scala-data-centers-sgrutb06,Scala Data Centers SGRUTB06,tambore,scala-data-centers,Scala Data Centers,Barueri,Av. Ceci,-23.4975054,-46.8160222,Facility,Colocation,https://www.datacentermap.com/brazil/tambore/scala-data-centers-sgrutb06/
scala-data-centers-sgrutb07,Scala Data Centers SGRUTB07,tambore,scala-data-centers,Scala Data Centers,Barueri,Av. Ceci,-23.49721291473621,-46.81547629620411,Facility,Colocation,https://www.datacentermap.com/brazil/tambore/scala-data-centers-sgrutb07/
scala-data-centers-sgrutb08,Scala Data Centers SGRUTB08,tambore,scala-data-centers,Scala Data Centers,Barueri,"Av. Ceci, 1649",-23.495578,-46.8138807,Facility,Colocation,https://www.datacentermap.com/brazil/tambore/scala-data-centers-sgrutb08/
scala-data-centers-sgrutb09,Scala Data Centers SGRUTB09,tambore,scala-data-centers,Scala Data Centers,Barueri,Av. Ceci 1649,-23.4962698,-46.8142701,Facility,Colocation,https://www.datacentermap.com/brazil/tambore/scala-data-centers-sgrutb09/
scala-data-centers-sgrutb10,Scala Data Centers SGRUTB10,sao-paulo,scala-data-centers,Scala Data Centers,Barueri,"Av. Ceci, 1649",-23.4967485,-46.8149282,Facility,Colocation,https://www.datacentermap.com/brazil/sao-paulo/scala-data-centers-sgrutb10/
scala-data-centers-sgrutb11,Scala Data Centers SGRUTB11,sao-paulo,scala-data-centers,Scala Data Centers,Barueri,within Tamboré,-23.49920362623058,-46.81642579232681,Facility,Colocation,https://www.datacentermap.com/brazil/sao-paulo/scala-data-centers-sgrutb11/
scala-data-centers-sgrutb12,Scala Data Centers SGRUTB12,tambore,scala-data-centers,Scala Data Centers,Barueri,Av. Ceci,-23.4950428,-46.8132396,Facility,Colocation,https://www.datacentermap.com/brazil/tambore/scala-data-centers-sgrutb12/
scala-data-centers-sgrutb14,Scala Data Centers SGRUTB14,sao-paulo,scala-data-centers,Scala Data Centers,Barueri,within Tamboré,-23.50009549391656,-46.81752119326649,Facility,Colocation,https://www.datacentermap.com/brazil/sao-paulo/scala-data-centers-sgrutb14/
scala-data-centers-sgrutb15,Scala Data Centers SGRUTB15,sao-paulo,scala-data-centers,Scala Data Centers,Barueri,within Tamboré,-23.50009549391656,-46.81752119326649,Facility,Colocation,https://www.datacentermap.com/brazil/sao-paulo/scala-data-centers-sgrutb15/
scala-data-centers-svcpcp02,Scala Data Centers SVCPCP02,campinas,scala-data-centers,Scala Data Centers,Campinas,within Campinas,-22.820548,-47.1001389,Facility,Colocation,https://www.datacentermap.com/brazil/campinas/scala-data-centers-svcpcp02/
scala-data-centers-svcpcp03,Scala Data Centers SVCPCP03,campinas,scala-data-centers,Scala Data Centers,Campinas,within Campinas,-22.820548,-47.1001389,Facility,Colocation,https://www.datacentermap.com/brazil/campinas/scala-data-centers-svcpcp03/
scala-data-centers-svcpjd01,Scala Data Centers SVCPJD01,sao-paulo,scala-data-centers,Scala Data Centers,Jundiaí,"Rod. Vice Pref. Hermenegildo Tonoli, 1290-1470",-23.1735048799678,-46.97770403686705,Facility,Colocation,https://www.datacentermap.com/brazil/sao-paulo/scala-data-centers-svcpjd01/
scala-data-centers-svcpjd02,Scala Data Centers SVCPJD02,sao-paulo,scala-data-centers,Scala Data Centers,Jundiaí,within Rod. Vice Pref. Hermenegildo Tonoli,-23.1702808,-46.9961363,Facility,Colocation,https://www.datacentermap.com/brazil/sao-paulo/scala-data-centers-svcpjd02/
scala-data-centers-tambore-campus,Scala Data Centers Tambore Campus,tambore,scala-data-centers,Scala Data Centers,Barueri,Av. Ceci 1850 / Av. Ceci 1600,-23.49624778841145,-46.8136107224617,Campus,Colocation,https://www.datacentermap.com/brazil/tambore/scala-data-centers-tambore-campus/
scala-sforpf01,Scala Data Centers SFORPF01,fortaleza,scala-data-centers,Scala Data Centers,Fortaleza,"Av. Dr. Aldy Mentor, 2093-1919",-3.7529783,-38.4584431,Facility,Colocation,https://www.datacentermap.com/brazil/fortaleza/scala-sforpf01/
scala-sgigsm01,Scala Data Centers SGIGSM01,rio-de-janeiro,scala-data-centers,Scala Data Centers,Sao Joao de Meriti,Rod. Pres. Dutra 4300,-22.796438,-43.356317,Facility,Colocation,https://www.datacentermap.com/brazil/rio-de-janeiro/scala-sgigsm01/
scala-sgrusp02,Scala Data Centers SGRUSP02,sao-paulo,scala-data-centers,Scala Data Centers,Sao Paulo,Alameda Glete 700,-23.5354933,-46.6478307,Facility,Colocation,https://www.datacentermap.com/brazil/sao-paulo/scala-sgrusp02/
scala-sgrutb01,Scala Data Centers SGRUTB01,tambore,scala-data-centers,Scala Data Centers,Tamboré,Av. Ceci 1850,-23.4949636,-46.8111973,Facility,Colocation,https://www.datacentermap.com/brazil/tambore/scala-sgrutb01/
scala-sgrutb03,Scala Data Centers SGRUTB03,tambore,scala-data-centers,Scala Data Centers,Tamboré,Av. Ceci 1750,-23.4968936,-46.8132542,Facility,Colocation,https://www.datacentermap.com/brazil/tambore/scala-sgrutb03/
scala-sgrutb04,Scala Data Centers SGRUTB04,tambore,scala-data-centers,Scala Data Centers,Tamboré,Av. Ceci 1650,-23.4980647,-46.815057,Facility,Colocation,https://www.datacentermap.com/brazil/tambore/scala-sgrutb04/
scala-sgrutb05,Scala Data Centers SGRUTB05,tambore,scala-data-centers,Scala Data Centers,Tamboré,Av. Ceci 1600,-23.4975162,-46.814508,Facility,Colocation,https://www.datacentermap.com/brazil/tambore/scala-sgrutb05/
scala-spoapa01,Scala Data Centers SPOAPA01,porto-alegre,scala-data-centers,Scala Data Centers,Porto Alegre,Av. Pernambuco 1124 ,-30.0028052,-51.1979623,Facility,Colocation,https://www.datacentermap.com/brazil/porto-alegre/scala-spoapa01/
scala-svcpcp01,Scala Data Centers SVCPCP01,campinas,scala-data-centers,Scala Data Centers,Campinas,R. Guido de Camargo Penteado Sobrinho 3685,-22.8207915,-47.0999034,Facility,Colocation,https://www.datacentermap.com/brazil/campinas/scala-svcpcp01/
sencinet-brazil,Sencinet Hortolândia,campinas,sencinet,Sencinet,Hortolândia,"Rodovia Jornalista Francisco Aguirre Proença, KM 9",-22.89643351771512,-47.2047549630035,Facility,Colocation,https://www.datacentermap.com/brazil/campinas/sencinet-brazil/
serpro-brasilia,Serpro Brasilia,brasilia,serpro,Serpro,Brasília,within Parque Tecnologico Biotic,-15.7111079,-47.9107354,Facility,Government,https://www.datacentermap.com/brazil/brasilia/serpro-brasilia/
serpro-so-paulo,Serpro Modular Data Center,sao-paulo,serpro,Serpro,São Paulo,"R. Olívia Guedes Penteado, 941 - Socorro",-23.6751204615306,-46.70770043150605,Facility,Government,https://www.datacentermap.com/brazil/sao-paulo/serpro-so-paulo/
sitelbra-data-center,Sitelbra Data Center,brasilia,sitelbra,Sitelbra,Brasília,"SOFN Quadra 1, Conjunto C, Lote 9-12",-15.7470383,-47.9233792,Facility,Colocation,https://www.datacentermap.com/brazil/brasilia/sitelbra-data-center/
sjrp01,IFTNET SJRP01,sao-jose-do-rio-preto,iftnet,IFTNET Telecom,Sao Jose do Rio Preto SP,Av Bady Bassit 2966,-20.8088639,-49.3828821,Facility,Colocation,https://www.datacentermap.com/brazil/sao-jose-do-rio-preto/sjrp01/
sky-brasil-jaguarina,SKY Brasil - Jaguariúna,campinas,sky-brasil,SKY Brasil,Jaguariúna,"Rod. SP-340 Km133,10",-22.69018744044072,-47.01333787517029,Facility,Enterprise,https://www.datacentermap.com/brazil/campinas/sky-brasil-jaguarina/
sky-brasil-tambore,SKY Brasil - Tamboré,tambore,sky-brasil,SKY Brasil,Tamboré,"Av. Marcos Penteado de Ulhôa Rodrigues, 1000",-23.46477315298449,-46.85842156206948,Facility,Enterprise,https://www.datacentermap.com/brazil/tambore/sky-brasil-tambore/
surfix-data-center,Surfix Data Center,recife,surfix-datacenter,Surfix Cloud & Data Center,Recife,"Av. Domingos Ferreira, 2010",-8.107035,-34.8907489,Facility,Colocation,https://www.datacentermap.com/brazil/recife/surfix-data-center/
takdoa-sao-paulo-sp1,TAKODA Sao Paulo - SP1,sao-paulo,takoda,TAKODA,São Paulo,"R. Bento Branco de Andrade Filho, 621 - Jardim Dom Bosco",-23.65073562900979,-46.72042047496285,Facility,Colocation,https://www.datacentermap.com/brazil/sao-paulo/takdoa-sao-paulo-sp1/
takdoa-sao-paulo-sp2,TAKODA Sao Paulo - SP2,sao-paulo,takoda,TAKODA,São Paulo,"Av. Maria Coelho Aguiar, 215 - Jardim Sao Luis",-23.6487404,-46.7287951,Facility,Colocation,https://www.datacentermap.com/brazil/sao-paulo/takdoa-sao-paulo-sp2/
takoda-rio-de-janeiro-rj1,TAKODA Rio de Janeiro - RJ1,rio-de-janeiro,takoda,TAKODA,Rio de Janeiro,"Estrada dos Bandeirantes, 10916",-22.9846856,-43.4316007,Facility,Colocation,https://www.datacentermap.com/brazil/rio-de-janeiro/takoda-rio-de-janeiro-rj1/
takoda-sumare-campus,TAKODA Sumaré Campus,sao-paulo,takoda,TAKODA,Sumaré,Est. M Luiz Fernandes Breda,-22.86322251584453,-47.28033038868878,Facility,Colocation,https://www.datacentermap.com/brazil/sao-paulo/takoda-sumare-campus/
takoda-sumare-sp3,TAKODA Sumaré - SP3,sao-paulo,takoda,TAKODA,Sumaré,Est. M Luiz Fernandes Breda,-22.86322251584453,-47.28033038868878,Facility,Colocation,https://www.datacentermap.com/brazil/sao-paulo/takoda-sumare-sp3/
takoda-sumare-sp4,TAKODA Sumaré - SP4,sao-paulo,takoda,TAKODA,Sumaré,Est. M Luiz Fernandes Breda,-22.86322251584453,-47.28033038868878,Facility,Colocation,https://www.datacentermap.com/brazil/sao-paulo/takoda-sumare-sp4/
takoda-sumare-sp5,TAKODA Sumaré - SP5,sao-paulo,takoda,TAKODA,Sumaré,Est. M Luiz Fernandes Breda,-22.86322251584453,-47.28033038868878,Facility,Colocation,https://www.datacentermap.com/brazil/sao-paulo/takoda-sumare-sp5/
teccloud-campo-bom,Teccloud Campo Bom,porto-alegre,teccloud-stefanini,Teccloud Stefanini,Campo Bom,"Av. dos Municípios, 5510 - Vila Santa Lucia",-29.67133054619021,-51.04449783146063,Facility,Colocation,https://www.datacentermap.com/brazil/porto-alegre/teccloud-campo-bom/
teccloud-porto-alegre,Teccloud Porto Alegre,porto-alegre,teccloud-stefanini,Teccloud Stefanini,Porto Alegre,"Rua 18 de Novembro, 273/502 - Navegantes",-29.9987344,-51.1937557,Facility,Colocation,https://www.datacentermap.com/brazil/porto-alegre/teccloud-porto-alegre/
tecto-so-paulo-1,Tecto São Paulo 1,sao-paulo,vtal,Tecto Data Centers,Santana de Parnaíba,Estr. Mun. Bela Vista - Alphaville,-23.4513504,-46.904908,Facility,Colocation,https://www.datacentermap.com/brazil/sao-paulo/tecto-so-paulo-1/
tecto-tpoa1,Tecto TPOA1,porto-alegre,vtal,Tecto Data Centers,Porto Alegre,"Av. Willy Eugênio Fleck, 505 - Rubem Berta",-29.9956142,-51.119042,Facility,Colocation,https://www.datacentermap.com/brazil/porto-alegre/tecto-tpoa1/
teleporto-rj,TELEPORTO RJ,rio-de-janeiro,unknown-company,Unknown Company,Rio de Janeiro,"Av. Pres. Vargas, 3131 - Centro",-22.9101249,-43.2043945,Multi-Tenant Building,Colocation,https://www.datacentermap.com/brazil/rio-de-janeiro/teleporto-rj/
telium-data-center--poa,Telium Data Center - POA,porto-alegre,telium-networks,Telium Networks,Porto Alegre,"Av. Independência, 1299",-30.02869020222021,-51.20765321534026,Facility,Colocation,https://www.datacentermap.com/brazil/porto-alegre/telium-data-center--poa/
telium-data-center--spo,Telium Data Center - SPO,sao-paulo,telium-networks,Telium Networks,São Paulo,"Av. das Nações Unidas, 13797",-23.61994685255926,-46.69968078363942,Facility,Colocation,https://www.datacentermap.com/brazil/sao-paulo/telium-data-center--spo/
terranova-campinas,Terranova Campinas,campinas,terranova,TERRANOVA,Campinas,"Rod. Campinas-Mogi Mirim, Km 118 - 5 - Fazenda Pau D´Alho",-22.813370520936104,-47.03825864636827,Facility,Colocation,https://www.datacentermap.com/brazil/campinas/terranova-campinas/
tether-angelica,Tether Angélica,campo-grande,tether-limited-inc,Tether Limited Inc.,Angélica,"Est. Angélica/BR 267, Km14 - S/N",-22.03958351176135,-53.84258222396632,Facility,Enterprise,https://www.datacentermap.com/brazil/campo-grande/tether-angelica/
tether-ivinhema,Tether Ivinhema,campo-grande,tether-limited-inc,Tether Limited Inc.,Ivinhema,Rod. Paulo Rodrigues Santos,-22.39820517765363,-53.89047238949252,Facility,Enterprise,https://www.datacentermap.com/brazil/campo-grande/tether-ivinhema/
tip-brasil-campinas,TIP Brasil Campinas,campinas,tip-brazil,TIP Brasil,Campinas,"R. Miguel Pascoal, 104 - Jardim do Trevo",-22.91722523225336,-47.06369711363217,Facility,Colocation,https://www.datacentermap.com/brazil/campinas/tip-brasil-campinas/
to-host-data-centers,TO HOST Data Centers,palmas,to-host-data-centers,TO HOST Data Centers,Palmas,"Quadra ACSV SO 43, Av. LO 09, Lote 10, Sl 01",-10.2048941,-48.3529666,Facility,Colocation,https://www.datacentermap.com/brazil/palmas/to-host-data-centers/
tsdata,TSData Eugênio de Melo,sao-jose-dos-campos,tsdata,TSData,São José dos Campos,within Cidade Tecnológica,-23.1510828,-45.7828613,Facility,Colocation,https://www.datacentermap.com/brazil/sao-jose-dos-campos/tsdata/
tyna-host-data-center,Tyna Host Data Center,muriae,tyna-host-datacenter-no-brasil,Tyna Host Datacenter no Brasil,Muriaé,"R. Waldemar Vaz Pereira, 45",-21.12686855946254,-42.35765232351934,Facility,Colocation,https://www.datacentermap.com/brazil/muriae/tyna-host-data-center/
ultranet-telecom,Ultranet Telecom DC Cambuci,sao-paulo,ultranet-telecom,Ultranet Telecom,Cambuci,"Rua Simao Dias da Fonseca, 61",-23.5723918,-46.6220983,Facility,Colocation,https://www.datacentermap.com/brazil/sao-paulo/ultranet-telecom/
unifique-timb-dc1,Unifique Timbó DC1,blumenau,unifique,Unifique,Timbó,"R. Duque de Caxias, 831 - Centro",-26.819629,-49.2729353,Facility,Colocation,https://www.datacentermap.com/brazil/blumenau/unifique-timb-dc1/
upx-campinas,UPX Campinas Data Center,campinas,upx-technologies,UPX Technologies,Campinas,"Rua Guapuruvu, 200 - Lot. Alphaville",-22.8234811,-47.0358236,Facility,Colocation,https://www.datacentermap.com/brazil/campinas/upx-campinas/
valspe,VSP Solution Belo Horizonte,belo-horizonte,valspe-solucoes,VSP Solution,Belo Horizonte,"Av. Raja Gabáglia, 3348 - Estoril",-19.9636041,-43.9563523,Facility,Colocation,https://www.datacentermap.com/brazil/belo-horizonte/valspe/
viso-datacenter,VISÃO DATACENTER LTDA ,xaxim,viso-datacenter-ltda,VISÃO DATACENTER LTDA ,Xaxim,Av Giacomo Lunardi ,-26.9570441,-52.5312175,Facility,Colocation,https://www.datacentermap.com/brazil/xaxim/viso-datacenter/
vivo-tambore-1-data-center,Vivo Tamboré 1 Data Center,sao-paulo,gvt,Vivo,Santana de Parnaíba,"Av. Marcos Penteado de Ulhôa Rodrigues, 1690",-23.4682053921407,-46.85827621448955,Facility,Colocation,https://www.datacentermap.com/brazil/sao-paulo/vivo-tambore-1-data-center/
vix-datacenter,Vix DataCenter,vitoria,conectj-telecomunicaes,ConectJá Telecomunicações,Cariacica,"R. Sérgio Cardoso, 75 - Dom Bosco",-20.3353451,-40.3907822,Facility,Colocation,https://www.datacentermap.com/brazil/vitoria/vix-datacenter/
vtal-big-lobster,Tecto Big Lobster,fortaleza,vtal,Tecto Data Centers,Fortaleza,"R. Raimundo Esteves, 333 - Antonio Diogo",-3.735477458733797,-38.45801750928638,Facility,Colocation,https://www.datacentermap.com/brazil/fortaleza/vtal-big-lobster/
vtal-mega-lobster,Tecto Mega Lobster,fortaleza,vtal,Tecto Data Centers,Fortaleza,Av. Dioguinho & R. Francisco Montenegro,-3.754739812813852,-38.44731951896043,Facility,Colocation,https://www.datacentermap.com/brazil/fortaleza/vtal-mega-lobster/
vtal-voa,Tecto V.OA,porto-alegre,vtal,Tecto Data Centers,Porto Alegre,"Rua Frederico Mentz, 1115",-29.99154555280535,-51.2015380880618,Facility,Colocation,https://www.datacentermap.com/brazil/porto-alegre/vtal-voa/
wise-data,NETWISE EMPRESAS,lagoa-da-prata,netwise,NETWISE EMPRESAS,Lagoa da Prata,"Rua Edson Rezende, 206",-20.0346344,-45.5247215,Facility,Colocation,https://www.datacentermap.com/brazil/lagoa-da-prata/wise-data/
yamna-porto-do-au,Yamna Porto do Açu,rio-de-janeiro,yamna,Yamna,São João da Barra,within Porto do Açu,-21.835768078438747,-41.044136664682156,Land,Colocation,https://www.datacentermap.com/brazil/rio-de-janeiro/yamna-porto-do-au/
