site_id,ano,classe_id,classe_nome,area_landsat_ha,area_s2_nativo_ha,area_s2_agregado30_ha,diff_total_ha,diff_total_pp,diff_resolucao_ha,diff_resolucao_pp,diff_sensor_isolado_ha,diff_sensor_isolado_pp
angonap-fortaleza,2019,1,vegetacao_densa,1195.56,980.75,1001.07,-214.81,-2.1592,20.32,0.2024,-194.49,-1.9568
angonap-fortaleza,2019,2,vegetacao_rala,889.65,541.91,506.61,-347.74,-3.4782,-35.3,-0.3516,-383.04,-3.8298
angonap-fortaleza,2019,3,solo_exposto_obras,467.91,440.78,313.56,-27.13,-0.2779,-127.22,-1.2671,-154.35,-1.545
angonap-fortaleza,2019,4,construida_urbana,1992.6,2643.01,2794.86,650.41,6.4454,151.85,1.5124,802.26,7.9578
angonap-fortaleza,2019,5,agua,5477.76,5433.59,5423.94,-44.17,-0.5301,-9.65,-0.0961,-53.82,-0.6262
angonap-fortaleza,2020,1,vegetacao_densa,1184.4,1016.19,1036.17,-168.21,-1.7055,19.98,0.199,-148.23,-1.5065
angonap-fortaleza,2020,2,vegetacao_rala,894.96,537.53,497.7,-357.43,-3.5828,-39.83,-0.3967,-397.26,-3.9795
angonap-fortaleza,2020,3,solo_exposto_obras,467.91,469.82,347.85,1.91,0.0071,-121.97,-1.2148,-120.06,-1.2077
angonap-fortaleza,2020,4,construida_urbana,2027.61,2609.52,2761.47,581.91,5.7443,151.95,1.5134,733.86,7.2578
angonap-fortaleza,2020,5,agua,5439.6,5406.98,5396.85,-32.62,-0.4632,-10.13,-0.1009,-42.75,-0.5641
angonap-fortaleza,2021,1,vegetacao_densa,1061.73,941.74,957.15,-119.99,-1.2279,15.41,0.1535,-104.58,-1.0744
angonap-fortaleza,2021,2,vegetacao_rala,970.2,573.56,545.49,-396.64,-3.9806,-28.07,-0.2796,-424.71,-4.2601
angonap-fortaleza,2021,3,solo_exposto_obras,599.85,505.77,366.48,-94.08,-0.9556,-139.29,-1.3873,-233.37,-2.3429
angonap-fortaleza,2021,4,construida_urbana,1970.37,2623.28,2782.98,652.91,6.4422,159.7,1.5906,812.61,8.0328
angonap-fortaleza,2021,5,agua,5406.84,5395.69,5387.94,-11.15,-0.2781,-7.75,-0.0772,-18.9,-0.3553
ascenty-hortolandia,2019,1,vegetacao_densa,2465.19,2095.34,2107.53,-369.85,-3.6855,12.19,0.1214,-357.66,-3.5641
ascenty-hortolandia,2019,2,vegetacao_rala,3338.01,3083.48,3065.4,-254.53,-2.5375,-18.08,-0.1801,-272.61,-2.7176
ascenty-hortolandia,2019,3,solo_exposto_obras,392.31,434.76,265.59,42.45,0.4225,-169.17,-1.685,-126.72,-1.2624
ascenty-hortolandia,2019,4,construida_urbana,3631.32,4340.67,4535.55,709.35,7.0626,194.88,1.941,904.23,9.0036
ascenty-hortolandia,2019,5,agua,212.49,85.79,65.97,-126.7,-1.2621,-19.82,-0.1974,-146.52,-1.4595
ascenty-hortolandia,2020,1,vegetacao_densa,2088.72,1752.25,1771.74,-336.47,-3.3515,19.49,0.1941,-316.98,-3.1573
ascenty-hortolandia,2020,2,vegetacao_rala,3503.34,3282.78,3275.46,-220.56,-2.1971,-7.32,-0.0729,-227.88,-2.27
ascenty-hortolandia,2020,3,solo_exposto_obras,491.22,568.04,363.6,76.82,0.7651,-204.44,-2.0362,-127.62,-1.2712
ascenty-hortolandia,2020,4,construida_urbana,3753.0,4359.86,4570.2,606.86,6.0441,210.34,2.095,817.2,8.1391
ascenty-hortolandia,2020,5,agua,203.67,77.11,59.04,-126.56,-1.2606,-18.07,-0.18,-144.63,-1.4406
ascenty-hortolandia,2021,1,vegetacao_densa,1674.63,1441.08,1453.59,-233.55,-2.3271,12.51,0.1246,-221.04,-2.2025
ascenty-hortolandia,2021,2,vegetacao_rala,3418.2,3304.68,3313.53,-113.52,-1.1325,8.85,0.0881,-104.67,-1.0444
ascenty-hortolandia,2021,3,solo_exposto_obras,584.37,637.55,435.42,53.18,0.5294,-202.13,-2.0132,-148.95,-1.4839
ascenty-hortolandia,2021,4,construida_urbana,4159.44,4589.59,4784.4,430.15,4.2821,194.81,1.9403,624.96,6.2224
ascenty-hortolandia,2021,5,agua,202.86,67.14,53.1,-135.72,-1.3519,-14.04,-0.1398,-149.76,-1.4917
ascenty-jundiai,2019,1,vegetacao_densa,5184.27,4906.81,4956.93,-277.46,-2.8103,50.12,0.4992,-227.34,-2.3111
ascenty-jundiai,2019,2,vegetacao_rala,2766.42,2678.61,2654.19,-87.81,-0.8996,-24.42,-0.2432,-112.23,-1.1428
ascenty-jundiai,2019,3,solo_exposto_obras,468.63,411.74,314.01,-56.89,-0.5709,-97.73,-0.9734,-154.62,-1.5443
ascenty-jundiai,2019,4,construida_urbana,1435.68,1925.36,2018.34,489.68,4.8643,92.98,0.9261,582.66,5.7904
ascenty-jundiai,2019,5,agua,175.95,117.52,96.57,-58.43,-0.5836,-20.95,-0.2087,-79.38,-0.7922
ascenty-jundiai,2020,1,vegetacao_densa,5081.49,4520.65,4567.95,-560.84,-5.636,47.3,0.4711,-513.54,-5.1649
ascenty-jundiai,2020,2,vegetacao_rala,2829.06,2968.64,2963.79,139.58,1.3624,-4.85,-0.0483,134.73,1.3141
ascenty-jundiai,2020,3,solo_exposto_obras,489.24,472.13,357.57,-17.11,-0.1752,-114.56,-1.141,-131.67,-1.3163
ascenty-jundiai,2020,4,construida_urbana,1367.28,1963.63,2056.23,596.35,5.9263,92.6,0.9223,688.95,6.8486
ascenty-jundiai,2020,5,agua,263.07,114.99,94.5,-148.08,-1.4775,-20.49,-0.2041,-168.57,-1.6816
ascenty-jundiai,2021,1,vegetacao_densa,4305.96,4299.98,4337.91,-5.98,-0.0665,37.93,0.3778,31.95,0.3113
ascenty-jundiai,2021,2,vegetacao_rala,3431.07,3116.62,3116.25,-314.45,-3.1375,-0.37,-0.0037,-314.82,-3.1412
ascenty-jundiai,2021,3,solo_exposto_obras,622.26,505.37,380.97,-116.89,-1.1652,-124.4,-1.239,-241.29,-2.4043
ascenty-jundiai,2021,4,construida_urbana,1474.65,2017.19,2120.4,542.54,5.4014,103.21,1.028,645.75,6.4294
ascenty-jundiai,2021,5,agua,204.48,100.88,84.51,-103.6,-1.0322,-16.37,-0.163,-119.97,-1.1952
ascenty-maracanau,2019,1,vegetacao_densa,2766.51,1928.9,1964.97,-837.61,-8.3744,36.07,0.3582,-801.54,-8.0162
ascenty-maracanau,2019,2,vegetacao_rala,3022.74,1722.65,1612.8,-1300.09,-12.9722,-109.85,-1.0909,-1409.94,-14.0631
ascenty-maracanau,2019,3,solo_exposto_obras,394.11,360.12,207.09,-33.99,-0.3456,-153.03,-1.5196,-187.02,-1.8652
ascenty-maracanau,2019,4,construida_urbana,3502.44,5729.05,5961.24,2226.61,22.0395,232.19,2.3057,2458.8,24.3452
ascenty-maracanau,2019,5,agua,363.6,329.38,324.0,-34.22,-0.3473,-5.38,-0.0534,-39.6,-0.4007
ascenty-maracanau,2020,1,vegetacao_densa,2502.81,1598.29,1611.54,-904.52,-8.9853,13.25,0.1316,-891.27,-8.8538
ascenty-maracanau,2020,2,vegetacao_rala,2668.86,1888.77,1819.8,-780.09,-7.7499,-68.97,-0.6849,-849.06,-8.4348
ascenty-maracanau,2020,3,solo_exposto_obras,456.93,466.09,296.01,9.16,0.0904,-170.08,-1.689,-160.92,-1.5986
ascenty-maracanau,2020,4,construida_urbana,4105.26,5795.58,6024.69,1690.32,16.7804,229.11,2.2752,1919.43,19.0556
ascenty-maracanau,2020,5,agua,334.98,321.37,318.06,-13.61,-0.1356,-3.31,-0.0329,-16.92,-0.1684
ascenty-maracanau,2021,1,vegetacao_densa,2224.8,1561.73,1574.82,-663.07,-6.5867,13.09,0.13,-649.98,-6.4567
ascenty-maracanau,2021,2,vegetacao_rala,2728.71,1828.03,1753.2,-900.68,-8.9467,-74.83,-0.7431,-975.51,-9.6899
ascenty-maracanau,2021,3,solo_exposto_obras,613.08,625.19,422.19,12.11,0.1197,-203.0,-2.0159,-190.89,-1.8962
ascenty-maracanau,2021,4,construida_urbana,4185.63,5749.77,6017.4,1564.14,15.5285,267.63,2.6576,1831.77,18.1861
ascenty-maracanau,2021,5,agua,316.89,305.37,302.49,-11.52,-0.1147,-2.88,-0.0286,-14.4,-0.1433
ascenty-osasco,2019,1,vegetacao_densa,3173.67,3108.41,3154.59,-65.26,-0.6481,46.18,0.4586,-19.08,-0.1895
ascenty-osasco,2019,2,vegetacao_rala,587.88,540.18,472.95,-47.7,-0.4737,-67.23,-0.6676,-114.93,-1.1413
ascenty-osasco,2019,3,solo_exposto_obras,551.88,500.11,263.7,-51.77,-0.5141,-236.41,-2.3476,-288.18,-2.8617
ascenty-osasco,2019,4,construida_urbana,5146.47,5565.1,5909.04,418.63,4.1572,343.94,3.4155,762.57,7.5726
ascenty-osasco,2019,5,agua,610.2,356.3,269.82,-253.9,-2.5213,-86.48,-0.8588,-340.38,-3.3801
ascenty-osasco,2020,1,vegetacao_densa,2938.86,2867.53,2904.39,-71.33,-0.7611,36.86,0.366,-34.47,-0.3951
ascenty-osasco,2020,2,vegetacao_rala,685.26,640.93,582.93,-44.33,-0.4525,-58.0,-0.576,-102.33,-1.0285
ascenty-osasco,2020,3,solo_exposto_obras,697.68,552.0,321.03,-145.68,-1.4592,-230.97,-2.2936,-376.65,-3.7528
ascenty-osasco,2020,4,construida_urbana,4829.67,5691.24,6011.19,861.57,8.469,319.95,3.1772,1181.52,11.6462
ascenty-osasco,2020,5,agua,900.45,318.4,250.56,-582.05,-5.7962,-67.84,-0.6737,-649.89,-6.4698
ascenty-osasco,2021,1,vegetacao_densa,2747.25,2714.61,2749.5,-32.64,-0.3249,34.89,0.3465,2.25,0.0216
ascenty-osasco,2021,2,vegetacao_rala,681.93,634.97,586.35,-46.96,-0.4665,-48.62,-0.4828,-95.58,-0.9493
ascenty-osasco,2021,3,solo_exposto_obras,611.28,594.42,341.46,-16.86,-0.1676,-252.96,-2.512,-269.82,-2.6796
ascenty-osasco,2021,4,construida_urbana,5420.7,5826.64,6159.24,405.94,4.0297,332.6,3.3028,738.54,7.3325
ascenty-osasco,2021,5,agua,608.67,299.46,233.55,-309.21,-3.0707,-65.91,-0.6545,-375.12,-3.7252
ascenty-paulinia,2019,1,vegetacao_densa,3684.69,3218.8,3295.08,-465.89,-4.6403,76.28,0.7598,-389.61,-3.8806
ascenty-paulinia,2019,2,vegetacao_rala,3163.68,3042.77,2984.4,-120.91,-1.2043,-58.37,-0.5814,-179.28,-1.7857
ascenty-paulinia,2019,3,solo_exposto_obras,332.91,401.42,258.75,68.51,0.6824,-142.67,-1.421,-74.16,-0.7386
ascenty-paulinia,2019,4,construida_urbana,2475.27,3159.76,3311.55,684.49,6.8176,151.79,1.5118,836.28,8.3294
ascenty-paulinia,2019,5,agua,383.49,217.29,190.26,-166.2,-1.6554,-27.03,-0.2692,-193.23,-1.9246
ascenty-paulinia,2020,1,vegetacao_densa,2986.02,2591.65,2641.77,-394.37,-3.928,50.12,0.4992,-344.25,-3.4288
ascenty-paulinia,2020,2,vegetacao_rala,3529.17,3466.57,3449.79,-62.6,-0.6235,-16.78,-0.1671,-79.38,-0.7906
ascenty-paulinia,2020,3,solo_exposto_obras,478.53,498.12,334.53,19.59,0.1951,-163.59,-1.6294,-144.0,-1.4343
ascenty-paulinia,2020,4,construida_urbana,2684.34,3257.35,3410.64,573.01,5.7072,153.29,1.5268,726.3,7.234
ascenty-paulinia,2020,5,agua,361.98,226.35,203.31,-135.63,-1.3509,-23.04,-0.2295,-158.67,-1.5804
ascenty-paulinia,2021,1,vegetacao_densa,2851.92,2289.18,2328.3,-562.74,-5.605,39.12,0.3896,-523.62,-5.2153
ascenty-paulinia,2021,2,vegetacao_rala,3424.23,3827.76,3842.64,403.53,4.0192,14.88,0.1482,418.41,4.1674
ascenty-paulinia,2021,3,solo_exposto_obras,479.88,556.94,384.57,77.06,0.7675,-172.37,-1.7168,-95.31,-0.9493
ascenty-paulinia,2021,4,construida_urbana,2903.22,3190.51,3326.49,287.29,2.8614,135.98,1.3544,423.27,4.2158
ascenty-paulinia,2021,5,agua,380.79,175.65,158.04,-205.14,-2.0432,-17.61,-0.1754,-222.75,-2.2186
ascenty-sumare,2019,1,vegetacao_densa,2296.08,2179.74,2213.19,-116.34,-1.1555,33.45,0.3322,-82.89,-0.8233
ascenty-sumare,2019,2,vegetacao_rala,3811.95,3479.79,3449.79,-332.16,-3.2988,-30.0,-0.2979,-362.16,-3.5967
ascenty-sumare,2019,3,solo_exposto_obras,491.49,543.95,385.29,52.46,0.5209,-158.66,-1.5756,-106.2,-1.0547
ascenty-sumare,2019,4,construida_urbana,3249.27,3750.89,3929.76,501.62,4.981,178.87,1.7762,680.49,6.7572
ascenty-sumare,2019,5,agua,221.22,115.73,92.07,-105.49,-1.0476,-23.66,-0.235,-129.15,-1.2825
ascenty-sumare,2020,1,vegetacao_densa,1681.29,1547.56,1575.99,-133.73,-1.328,28.43,0.2823,-105.3,-1.0457
ascenty-sumare,2020,2,vegetacao_rala,4038.39,3797.92,3804.84,-240.47,-2.388,6.92,0.0687,-233.55,-2.3192
ascenty-sumare,2020,3,solo_exposto_obras,672.03,777.93,598.59,105.9,1.0516,-179.34,-1.7809,-73.44,-0.7293
ascenty-sumare,2020,4,construida_urbana,3486.96,3840.16,4003.02,353.2,3.5074,162.86,1.6173,516.06,5.1247
ascenty-sumare,2020,5,agua,191.43,106.53,87.66,-84.9,-0.8431,-18.87,-0.1874,-103.77,-1.0305
ascenty-sumare,2021,1,vegetacao_densa,1479.87,1355.67,1379.7,-124.2,-1.2334,24.03,0.2386,-100.17,-0.9947
ascenty-sumare,2021,2,vegetacao_rala,4033.71,4045.23,4070.88,11.52,0.1144,25.65,0.2547,37.17,0.3691
ascenty-sumare,2021,3,solo_exposto_obras,675.81,767.14,569.97,91.33,0.9069,-197.17,-1.958,-105.84,-1.051
ascenty-sumare,2021,4,construida_urbana,3699.99,3793.95,3961.26,93.96,0.9331,167.31,1.6615,261.27,2.5945
ascenty-sumare,2021,5,agua,180.72,108.11,88.29,-72.61,-0.721,-19.82,-0.1968,-92.43,-0.9179
ascenty-vinhedo,2019,1,vegetacao_densa,4470.3,3947.53,3997.17,-522.77,-5.1933,49.64,0.4929,-473.13,-4.7003
ascenty-vinhedo,2019,2,vegetacao_rala,3704.67,3598.46,3582.81,-106.21,-1.0564,-15.65,-0.1554,-121.86,-1.2118
ascenty-vinhedo,2019,3,solo_exposto_obras,269.19,302.63,201.96,33.44,0.332,-100.67,-0.9997,-67.23,-0.6677
ascenty-vinhedo,2019,4,construida_urbana,1351.71,2021.05,2108.88,669.34,6.6462,87.83,0.8722,757.17,7.5184
ascenty-vinhedo,2019,5,agua,273.78,200.43,179.28,-73.35,-0.7285,-21.15,-0.21,-94.5,-0.9385
ascenty-vinhedo,2020,1,vegetacao_densa,4050.45,3322.98,3374.82,-727.47,-7.2626,51.84,0.5148,-675.63,-6.7478
ascenty-vinhedo,2020,2,vegetacao_rala,4074.39,4105.78,4108.77,31.39,0.273,2.99,0.0297,34.38,0.3027
ascenty-vinhedo,2020,3,solo_exposto_obras,323.91,449.29,326.34,125.38,1.242,-122.95,-1.2209,2.43,0.0211
ascenty-vinhedo,2020,4,construida_urbana,1260.36,1992.7,2081.25,732.34,7.2604,88.55,0.8793,820.89,8.1398
ascenty-vinhedo,2020,5,agua,351.36,199.35,178.92,-152.01,-1.5129,-20.43,-0.2029,-172.44,-1.7157
ascenty-vinhedo,2021,1,vegetacao_densa,3228.57,3219.87,3266.82,-8.7,-0.0875,46.95,0.4662,38.25,0.3787
ascenty-vinhedo,2021,2,vegetacao_rala,4693.32,4197.34,4221.45,-495.98,-4.9269,24.11,0.2394,-471.87,-4.6875
ascenty-vinhedo,2021,3,solo_exposto_obras,420.93,445.38,312.66,24.45,0.2426,-132.72,-1.318,-108.27,-1.0753
ascenty-vinhedo,2021,4,construida_urbana,1446.84,2014.03,2093.4,567.19,5.6319,79.37,0.7882,646.56,6.4201
ascenty-vinhedo,2021,5,agua,280.08,193.48,175.77,-86.6,-0.8601,-17.71,-0.1759,-104.31,-1.0359
clickip-manaus,2019,1,vegetacao_densa,2567.25,2178.93,2203.02,-388.32,-3.8922,24.09,0.2392,-364.23,-3.653
clickip-manaus,2019,2,vegetacao_rala,1286.19,540.38,456.3,-745.81,-7.4242,-84.08,-0.8349,-829.89,-8.2592
clickip-manaus,2019,3,solo_exposto_obras,515.34,412.89,300.78,-102.45,-1.0246,-112.11,-1.1133,-214.56,-2.1379
clickip-manaus,2019,4,construida_urbana,5611.86,6925.58,7099.11,1313.72,12.9669,173.53,1.7232,1487.25,14.6902
clickip-manaus,2019,5,agua,75.24,12.32,10.89,-62.92,-0.6259,-1.43,-0.0142,-64.35,-0.6401
clickip-manaus,2020,1,vegetacao_densa,2383.47,2193.71,2213.01,-189.76,-1.8844,19.3,0.1917,-170.46,-1.6927
clickip-manaus,2020,2,vegetacao_rala,905.49,632.99,552.96,-272.5,-2.706,-80.03,-0.7947,-352.53,-3.5008
clickip-manaus,2020,3,solo_exposto_obras,318.78,470.43,327.06,151.65,1.5059,-143.37,-1.4237,8.28,0.0822
clickip-manaus,2020,4,construida_urbana,6310.62,6761.4,6967.8,450.78,4.4764,206.4,2.0496,657.18,6.5261
clickip-manaus,2020,5,agua,151.74,11.57,9.27,-140.17,-1.3919,-2.3,-0.0228,-142.47,-1.4148
clickip-manaus,2021,1,vegetacao_densa,2667.96,2212.17,2231.73,-455.79,-4.5262,19.56,0.1942,-436.23,-4.3319
clickip-manaus,2021,2,vegetacao_rala,1006.83,489.2,409.86,-517.63,-5.1403,-79.34,-0.7879,-596.97,-5.9281
clickip-manaus,2021,3,solo_exposto_obras,429.21,339.27,239.4,-89.94,-0.8931,-99.87,-0.9917,-189.81,-1.8849
clickip-manaus,2021,4,construida_urbana,5924.16,7018.7,7180.11,1094.54,10.8692,161.41,1.6029,1255.95,12.4721
clickip-manaus,2021,5,agua,41.94,10.76,9.0,-31.18,-0.3096,-1.76,-0.0175,-32.94,-0.3271
equinix-santana-parnaiba,2019,1,vegetacao_densa,5155.65,4977.12,5056.74,-178.53,-1.7729,79.62,0.7907,-98.91,-0.9822
equinix-santana-parnaiba,2019,2,vegetacao_rala,1121.49,931.22,852.75,-190.27,-1.8895,-78.47,-0.7792,-268.74,-2.6687
equinix-santana-parnaiba,2019,3,solo_exposto_obras,277.02,303.92,166.5,26.9,0.2671,-137.42,-1.3646,-110.52,-1.0975
equinix-santana-parnaiba,2019,4,construida_urbana,2961.09,3524.86,3725.64,563.77,5.5985,200.78,1.9938,764.55,7.5923
equinix-santana-parnaiba,2019,5,agua,554.85,332.98,268.47,-221.87,-2.2033,-64.51,-0.6406,-286.38,-2.8439
equinix-santana-parnaiba,2020,1,vegetacao_densa,4874.04,4581.9,4651.92,-292.14,-2.9045,70.02,0.6953,-222.12,-2.2092
equinix-santana-parnaiba,2020,2,vegetacao_rala,1267.74,1077.15,1010.52,-190.59,-1.8935,-66.63,-0.6617,-257.22,-2.5552
equinix-santana-parnaiba,2020,3,solo_exposto_obras,274.14,334.43,186.93,60.29,0.5985,-147.5,-1.4647,-87.21,-0.8662
equinix-santana-parnaiba,2020,4,construida_urbana,2814.3,3800.12,4005.45,985.82,9.7876,205.33,2.039,1191.15,11.8266
equinix-santana-parnaiba,2020,5,agua,839.16,276.5,215.28,-562.66,-5.588,-61.22,-0.6079,-623.88,-6.196
equinix-santana-parnaiba,2021,1,vegetacao_densa,4628.7,4355.69,4412.79,-273.01,-2.7156,57.1,0.567,-215.91,-2.1486
equinix-santana-parnaiba,2021,2,vegetacao_rala,1240.65,1081.83,1023.75,-158.82,-1.5784,-58.08,-0.5768,-216.9,-2.1551
equinix-santana-parnaiba,2021,3,solo_exposto_obras,343.98,364.95,208.71,20.97,0.2079,-156.24,-1.5515,-135.27,-1.3436
equinix-santana-parnaiba,2021,4,construida_urbana,3231.45,3995.81,4205.61,764.36,7.5872,209.8,2.0834,974.16,9.6706
equinix-santana-parnaiba,2021,5,agua,624.33,271.82,219.24,-352.51,-3.5012,-52.58,-0.5221,-405.09,-4.0233
everest-goiania,2019,1,vegetacao_densa,1490.94,1356.29,1378.71,-134.65,-1.3411,22.42,0.2233,-112.23,-1.1178
everest-goiania,2019,2,vegetacao_rala,2142.27,1326.74,1142.73,-815.53,-8.1228,-184.01,-1.8328,-999.54,-9.9555
everest-goiania,2019,3,solo_exposto_obras,721.35,534.98,195.57,-186.37,-1.8563,-339.41,-3.3806,-525.78,-5.2368
everest-goiania,2019,4,construida_urbana,5372.91,6672.11,7220.97,1299.2,12.9402,548.86,5.4667,1848.06,18.4069
everest-goiania,2019,5,agua,312.57,149.92,102.06,-162.65,-1.62,-47.86,-0.4767,-210.51,-2.0967
everest-goiania,2020,1,vegetacao_densa,1452.69,1259.02,1284.84,-193.67,-1.929,25.82,0.2572,-167.85,-1.6718
everest-goiania,2020,2,vegetacao_rala,2131.29,1336.45,1150.56,-794.84,-7.9167,-185.89,-1.8515,-980.73,-9.7682
everest-goiania,2020,3,solo_exposto_obras,777.24,678.78,331.74,-98.46,-0.9807,-347.04,-3.4566,-445.5,-4.4372
everest-goiania,2020,4,construida_urbana,5417.82,6616.81,7169.67,1198.99,11.9421,552.86,5.5066,1751.85,17.4486
everest-goiania,2020,5,agua,261.0,148.98,103.23,-112.02,-1.1157,-45.75,-0.4557,-157.77,-1.5714
everest-goiania,2021,1,vegetacao_densa,1332.72,1190.31,1219.5,-142.41,-1.4184,29.19,0.2907,-113.22,-1.1277
everest-goiania,2021,2,vegetacao_rala,1879.29,1236.53,1104.39,-642.76,-6.402,-132.14,-1.3161,-774.9,-7.7181
everest-goiania,2021,3,solo_exposto_obras,858.33,730.83,380.61,-127.5,-1.2699,-350.22,-3.4882,-477.72,-4.7581
everest-goiania,2021,4,construida_urbana,5681.7,6736.24,7235.73,1054.54,10.5033,499.49,4.975,1554.03,15.4783
everest-goiania,2021,5,agua,288.0,146.13,99.81,-141.87,-1.413,-46.32,-0.4614,-188.19,-1.8744
hostdime-joao-pessoa,2019,1,vegetacao_densa,2624.13,2536.2,2579.31,-87.93,-2.3395,43.11,0.4294,-44.82,-1.9101
hostdime-joao-pessoa,2019,2,vegetacao_rala,2182.95,500.9,356.4,-1682.05,-17.971,-144.5,-1.4392,-1826.55,-19.4103
hostdime-joao-pessoa,2019,3,solo_exposto_obras,516.33,345.33,154.89,-171.0,-1.9912,-190.44,-1.8968,-361.44,-3.888
hostdime-joao-pessoa,2019,4,construida_urbana,2013.3,4550.28,4855.41,2536.98,24.1456,305.13,3.0391,2842.11,27.1848
hostdime-joao-pessoa,2019,5,agua,2170.89,2107.33,2094.03,-63.56,-1.8439,-13.3,-0.1325,-76.86,-1.9764
hostdime-joao-pessoa,2020,1,vegetacao_densa,2536.29,2606.09,2647.08,69.8,-0.2562,40.99,0.4083,110.79,0.1521
hostdime-joao-pessoa,2020,2,vegetacao_rala,2340.0,570.5,378.99,-1769.5,-18.5022,-191.51,-1.9075,-1961.01,-20.4097
hostdime-joao-pessoa,2020,3,solo_exposto_obras,625.14,298.1,134.73,-327.04,-3.4919,-163.37,-1.6272,-490.41,-5.119
hostdime-joao-pessoa,2020,4,construida_urbana,2068.38,4460.37,4787.19,2391.99,23.0486,326.82,3.2552,2718.81,26.3038
hostdime-joao-pessoa,2020,5,agua,2105.82,2104.98,2092.05,-0.84,-0.7983,-12.93,-0.1288,-13.77,-0.9271
hostdime-joao-pessoa,2021,1,vegetacao_densa,2562.39,2557.89,2601.9,-4.5,-2.443,44.01,0.4383,39.51,-2.0046
hostdime-joao-pessoa,2021,2,vegetacao_rala,1848.33,512.82,354.42,-1335.51,-15.0317,-158.4,-1.5777,-1493.91,-16.6094
hostdime-joao-pessoa,2021,3,solo_exposto_obras,549.0,291.56,118.8,-257.44,-3.0779,-172.76,-1.7207,-430.2,-4.7987
hostdime-joao-pessoa,2021,4,construida_urbana,2255.22,4563.51,4867.02,2308.29,20.8802,303.51,3.023,2611.8,23.9032
hostdime-joao-pessoa,2021,5,agua,1962.72,2114.26,2097.9,151.54,-0.3276,-16.36,-0.1629,135.18,-0.4905
odata-hortolandia,2019,1,vegetacao_densa,2457.99,2070.74,2084.31,-387.25,-3.8588,13.57,0.1352,-373.68,-3.7237
odata-hortolandia,2019,2,vegetacao_rala,3356.19,3078.48,3063.06,-277.71,-2.7684,-15.42,-0.1536,-293.13,-2.922
odata-hortolandia,2019,3,solo_exposto_obras,382.95,422.48,254.97,39.53,0.3934,-167.51,-1.6684,-127.98,-1.275
odata-hortolandia,2019,4,construida_urbana,3657.33,4375.87,4560.93,718.54,7.1541,185.06,1.8432,903.6,8.9974
odata-hortolandia,2019,5,agua,184.86,92.47,76.77,-92.39,-0.9203,-15.7,-0.1564,-108.09,-1.0767
odata-hortolandia,2020,1,vegetacao_densa,2176.65,1758.71,1776.69,-417.94,-4.1629,17.98,0.1791,-399.96,-3.9838
odata-hortolandia,2020,2,vegetacao_rala,3502.98,3303.38,3292.65,-199.6,-1.9884,-10.73,-0.1069,-210.33,-2.0952
odata-hortolandia,2020,3,solo_exposto_obras,443.97,517.8,317.52,73.83,0.7353,-200.28,-1.9948,-126.45,-1.2595
odata-hortolandia,2020,4,construida_urbana,3726.45,4370.06,4577.76,643.61,6.4101,207.7,2.0687,851.31,8.4788
odata-hortolandia,2020,5,agua,189.9,90.09,75.42,-99.81,-0.9941,-14.67,-0.1461,-114.48,-1.1403
odata-hortolandia,2021,1,vegetacao_densa,1712.34,1444.99,1463.31,-267.35,-2.6638,18.32,0.1825,-249.03,-2.4813
odata-hortolandia,2021,2,vegetacao_rala,3416.04,3325.72,3326.13,-90.32,-0.9014,0.41,0.0041,-89.91,-0.8973
odata-hortolandia,2021,3,solo_exposto_obras,546.75,551.92,346.5,5.17,0.0512,-205.42,-2.046,-200.25,-1.9948
odata-hortolandia,2021,4,construida_urbana,4181.76,4633.07,4831.56,451.31,4.4929,198.49,1.977,649.8,6.4698
odata-hortolandia,2021,5,agua,182.61,84.34,72.54,-98.27,-0.9789,-11.8,-0.1175,-110.07,-1.0964
scala-sgigsm01,2019,1,vegetacao_densa,725.13,643.36,634.05,-81.77,-0.8203,-9.31,-0.0925,-91.08,-0.9128
scala-sgigsm01,2019,2,vegetacao_rala,353.25,356.08,317.43,2.83,0.0241,-38.65,-0.3838,-35.82,-0.3598
scala-sgigsm01,2019,3,solo_exposto_obras,614.97,514.92,192.51,-100.05,-1.0006,-322.41,-3.2017,-422.46,-4.2022
scala-sgigsm01,2019,4,construida_urbana,7959.15,8449.34,8845.11,490.19,4.7765,395.77,3.9301,885.96,8.7067
scala-sgigsm01,2019,5,agua,405.99,106.4,81.0,-299.59,-2.9797,-25.4,-0.2522,-324.99,-3.2319
scala-sgigsm01,2020,1,vegetacao_densa,711.54,654.68,649.35,-56.86,-0.5646,-5.33,-0.0529,-62.19,-0.6176
scala-sgigsm01,2020,2,vegetacao_rala,382.77,411.31,360.9,28.54,0.2834,-50.41,-0.5006,-21.87,-0.2172
scala-sgigsm01,2020,3,solo_exposto_obras,419.13,502.63,179.73,83.5,0.8292,-322.9,-3.2065,-239.4,-2.3773
scala-sgigsm01,2020,4,construida_urbana,8267.4,8378.78,8793.81,111.38,1.106,415.03,4.1214,526.41,5.2275
scala-sgigsm01,2020,5,agua,289.26,122.7,86.31,-166.56,-1.654,-36.39,-0.3614,-202.95,-2.0154
scala-sgigsm01,2021,1,vegetacao_densa,677.43,608.26,597.6,-69.17,-0.6869,-10.66,-0.1059,-79.83,-0.7927
scala-sgigsm01,2021,2,vegetacao_rala,402.93,371.54,334.71,-31.39,-0.3117,-36.83,-0.3657,-68.22,-0.6775
scala-sgigsm01,2021,3,solo_exposto_obras,498.33,495.4,171.54,-2.93,-0.0291,-323.86,-3.2161,-326.79,-3.2452
scala-sgigsm01,2021,4,construida_urbana,8190.09,8493.74,8887.32,303.65,3.0154,393.58,3.9084,697.23,6.9238
scala-sgigsm01,2021,5,agua,301.32,101.16,78.93,-200.16,-1.9877,-22.23,-0.2208,-222.39,-2.2084
scala-spoapa01,2019,1,vegetacao_densa,2109.69,1906.63,1929.06,-203.06,-2.1291,22.43,0.2234,-180.63,-1.9057
scala-spoapa01,2019,2,vegetacao_rala,822.33,561.94,499.59,-260.39,-2.6351,-62.35,-0.621,-322.74,-3.2561
scala-spoapa01,2019,3,solo_exposto_obras,458.91,370.28,150.57,-88.63,-0.906,-219.71,-2.1883,-308.34,-3.0943
scala-spoapa01,2019,4,construida_urbana,3771.72,5019.36,5375.16,1247.64,12.2361,355.8,3.5438,1603.44,15.7799
scala-spoapa01,2019,5,agua,2826.72,2181.83,2085.66,-644.89,-6.566,-96.17,-0.9579,-741.06,-7.5239
scala-spoapa01,2020,1,vegetacao_densa,2226.42,2028.55,2047.5,-197.87,-1.9839,18.95,0.1887,-178.92,-1.7952
scala-spoapa01,2020,2,vegetacao_rala,456.57,490.25,426.06,33.68,0.3328,-64.19,-0.6393,-30.51,-0.3066
scala-spoapa01,2020,3,solo_exposto_obras,499.41,430.76,197.64,-68.65,-0.6867,-233.12,-2.3219,-301.77,-3.0086
scala-spoapa01,2020,4,construida_urbana,3785.58,4735.8,5112.99,950.22,9.442,377.19,3.7569,1327.41,13.1988
scala-spoapa01,2020,5,agua,3066.12,2354.68,2255.85,-711.44,-7.1041,-98.83,-0.9844,-810.27,-8.0885
scala-spoapa01,2021,1,vegetacao_densa,2355.93,2190.02,2213.55,-165.91,-2.5107,23.53,0.2344,-142.38,-2.2763
scala-spoapa01,2021,2,vegetacao_rala,428.58,431.64,361.53,3.06,-0.1256,-70.11,-0.6983,-67.05,-0.8239
scala-spoapa01,2021,3,solo_exposto_obras,447.57,380.99,151.29,-66.58,-0.8262,-229.7,-2.2878,-296.28,-3.114
scala-spoapa01,2021,4,construida_urbana,3107.25,4753.87,5130.81,1646.62,15.2686,376.94,3.7544,2023.56,19.023
scala-spoapa01,2021,5,agua,3346.47,2283.52,2182.86,-1062.95,-11.8061,-100.66,-1.0026,-1163.61,-12.8087
scala-tambore,2019,1,vegetacao_densa,3357.27,3253.18,3297.42,-104.09,-1.034,44.24,0.4393,-59.85,-0.5946
scala-tambore,2019,2,vegetacao_rala,728.64,654.58,594.54,-74.06,-0.7355,-60.04,-0.5962,-134.1,-1.3317
scala-tambore,2019,3,solo_exposto_obras,545.58,489.57,260.55,-56.01,-0.5562,-229.02,-2.2743,-285.03,-2.8305
scala-tambore,2019,4,construida_urbana,4855.14,5314.16,5640.75,459.02,4.5578,326.59,3.2432,785.61,7.801
scala-tambore,2019,5,agua,583.38,358.61,276.84,-224.77,-2.2321,-81.77,-0.812,-306.54,-3.0441
scala-tambore,2020,1,vegetacao_densa,3105.0,3014.32,3051.54,-90.68,-0.9046,37.22,0.3696,-53.46,-0.535
scala-tambore,2020,2,vegetacao_rala,828.63,742.49,683.19,-86.14,-0.8565,-59.3,-0.5889,-145.44,-1.4454
scala-tambore,2020,3,solo_exposto_obras,647.01,543.02,313.2,-103.99,-1.0335,-229.82,-2.2822,-333.81,-3.3157
scala-tambore,2020,4,construida_urbana,4600.44,5465.08,5783.13,864.64,8.5801,318.05,3.1584,1182.69,11.7384
scala-tambore,2020,5,agua,887.67,305.19,239.04,-582.48,-5.7854,-66.15,-0.6569,-648.63,-6.4423
scala-tambore,2021,1,vegetacao_densa,2936.34,2874.93,2912.4,-61.41,-0.6132,37.47,0.3721,-23.94,-0.2411
scala-tambore,2021,2,vegetacao_rala,804.51,724.91,676.71,-79.6,-0.7914,-48.2,-0.4786,-127.8,-1.27
scala-tambore,2021,3,solo_exposto_obras,615.24,576.83,332.37,-38.41,-0.3821,-244.46,-2.4276,-282.87,-2.8097
scala-tambore,2021,4,construida_urbana,5135.76,5598.18,5914.8,462.42,4.5861,316.62,3.1442,779.04,7.7302
scala-tambore,2021,5,agua,577.08,295.25,233.82,-281.83,-2.7993,-61.43,-0.61,-343.26,-3.4094
