site_id,papel,pareado_com,ano,ano_relativo_ao_inicio_obra,fase,classe,percentual
angonap-fortaleza,tratamento,angonap-fortaleza,2014,-3,pre,agua,53.857
angonap-fortaleza,tratamento,angonap-fortaleza,2014,-3,pre,construida_urbana,28.3215
angonap-fortaleza,tratamento,angonap-fortaleza,2014,-3,pre,solo_exposto_obras,2.5587999999999997
angonap-fortaleza,tratamento,angonap-fortaleza,2014,-3,pre,vegetacao_densa,5.8641
angonap-fortaleza,tratamento,angonap-fortaleza,2014,-3,pre,vegetacao_rala,9.3986
angonap-fortaleza,tratamento,angonap-fortaleza,2015,-2,pre,agua,54.2794
angonap-fortaleza,tratamento,angonap-fortaleza,2015,-2,pre,construida_urbana,28.2607
angonap-fortaleza,tratamento,angonap-fortaleza,2015,-2,pre,solo_exposto_obras,2.1913
angonap-fortaleza,tratamento,angonap-fortaleza,2015,-2,pre,vegetacao_densa,5.3678
angonap-fortaleza,tratamento,angonap-fortaleza,2015,-2,pre,vegetacao_rala,9.9008
angonap-fortaleza,tratamento,angonap-fortaleza,2016,-1,pre,agua,53.7575
angonap-fortaleza,tratamento,angonap-fortaleza,2016,-1,pre,construida_urbana,29.0024
angonap-fortaleza,tratamento,angonap-fortaleza,2016,-1,pre,solo_exposto_obras,2.2605
angonap-fortaleza,tratamento,angonap-fortaleza,2016,-1,pre,vegetacao_densa,5.3491
angonap-fortaleza,tratamento,angonap-fortaleza,2016,-1,pre,vegetacao_rala,9.6305
angonap-fortaleza,tratamento,angonap-fortaleza,2017,0,durante,agua,53.7826
angonap-fortaleza,tratamento,angonap-fortaleza,2017,0,durante,construida_urbana,28.4122
angonap-fortaleza,tratamento,angonap-fortaleza,2017,0,durante,solo_exposto_obras,2.2595
angonap-fortaleza,tratamento,angonap-fortaleza,2017,0,durante,vegetacao_densa,5.672499999999999
angonap-fortaleza,tratamento,angonap-fortaleza,2017,0,durante,vegetacao_rala,9.8732
angonap-fortaleza,tratamento,angonap-fortaleza,2018,1,durante,agua,53.6802
angonap-fortaleza,tratamento,angonap-fortaleza,2018,1,durante,construida_urbana,28.9188
angonap-fortaleza,tratamento,angonap-fortaleza,2018,1,durante,solo_exposto_obras,2.1384
angonap-fortaleza,tratamento,angonap-fortaleza,2018,1,durante,vegetacao_densa,5.804200000000001
angonap-fortaleza,tratamento,angonap-fortaleza,2018,1,durante,vegetacao_rala,9.458400000000001
angonap-fortaleza,tratamento,angonap-fortaleza,2019,2,durante,agua,53.6778
angonap-fortaleza,tratamento,angonap-fortaleza,2019,2,durante,construida_urbana,28.1615
angonap-fortaleza,tratamento,angonap-fortaleza,2019,2,durante,solo_exposto_obras,1.7149999999999999
angonap-fortaleza,tratamento,angonap-fortaleza,2019,2,durante,vegetacao_densa,6.4109
angonap-fortaleza,tratamento,angonap-fortaleza,2019,2,durante,vegetacao_rala,10.0348
angonap-fortaleza,tratamento,angonap-fortaleza,2020,3,pos,agua,53.45910000000001
angonap-fortaleza,tratamento,angonap-fortaleza,2020,3,pos,construida_urbana,28.0205
angonap-fortaleza,tratamento,angonap-fortaleza,2020,3,pos,solo_exposto_obras,1.9411999999999998
angonap-fortaleza,tratamento,angonap-fortaleza,2020,3,pos,vegetacao_densa,6.4266000000000005
angonap-fortaleza,tratamento,angonap-fortaleza,2020,3,pos,vegetacao_rala,10.1526
ascenty-hortolandia,tratamento,ascenty-hortolandia,2015,-3,pre,agua,0.33349999999999996
ascenty-hortolandia,tratamento,ascenty-hortolandia,2015,-3,pre,construida_urbana,48.154
ascenty-hortolandia,tratamento,ascenty-hortolandia,2015,-3,pre,solo_exposto_obras,1.1225
ascenty-hortolandia,tratamento,ascenty-hortolandia,2015,-3,pre,vegetacao_densa,8.862499999999999
ascenty-hortolandia,tratamento,ascenty-hortolandia,2015,-3,pre,vegetacao_rala,41.5276
ascenty-hortolandia,tratamento,ascenty-hortolandia,2016,-2,pre,agua,0.3084
ascenty-hortolandia,tratamento,ascenty-hortolandia,2016,-2,pre,construida_urbana,51.015699999999995
ascenty-hortolandia,tratamento,ascenty-hortolandia,2016,-2,pre,solo_exposto_obras,1.1681000000000001
ascenty-hortolandia,tratamento,ascenty-hortolandia,2016,-2,pre,vegetacao_densa,6.1856
ascenty-hortolandia,tratamento,ascenty-hortolandia,2016,-2,pre,vegetacao_rala,41.3223
ascenty-hortolandia,tratamento,ascenty-hortolandia,2017,-1,pre,agua,0.2904
ascenty-hortolandia,tratamento,ascenty-hortolandia,2017,-1,pre,construida_urbana,52.5413
ascenty-hortolandia,tratamento,ascenty-hortolandia,2017,-1,pre,solo_exposto_obras,1.1922
ascenty-hortolandia,tratamento,ascenty-hortolandia,2017,-1,pre,vegetacao_densa,5.9495
ascenty-hortolandia,tratamento,ascenty-hortolandia,2017,-1,pre,vegetacao_rala,40.0265
ascenty-hortolandia,tratamento,ascenty-hortolandia,2018,0,durante,agua,0.28509999999999996
ascenty-hortolandia,tratamento,ascenty-hortolandia,2018,0,durante,construida_urbana,51.8157
ascenty-hortolandia,tratamento,ascenty-hortolandia,2018,0,durante,solo_exposto_obras,1.1582000000000001
ascenty-hortolandia,tratamento,ascenty-hortolandia,2018,0,durante,vegetacao_densa,6.0465
ascenty-hortolandia,tratamento,ascenty-hortolandia,2018,0,durante,vegetacao_rala,40.694599999999994
ascenty-hortolandia,tratamento,ascenty-hortolandia,2019,1,durante,agua,0.2824
ascenty-hortolandia,tratamento,ascenty-hortolandia,2019,1,durante,construida_urbana,48.2797
ascenty-hortolandia,tratamento,ascenty-hortolandia,2019,1,durante,solo_exposto_obras,0.9395
ascenty-hortolandia,tratamento,ascenty-hortolandia,2019,1,durante,vegetacao_densa,9.4148
ascenty-hortolandia,tratamento,ascenty-hortolandia,2019,1,durante,vegetacao_rala,41.0837
ascenty-hortolandia,tratamento,ascenty-hortolandia,2020,2,durante,agua,0.3039
ascenty-hortolandia,tratamento,ascenty-hortolandia,2020,2,durante,construida_urbana,50.2075
ascenty-hortolandia,tratamento,ascenty-hortolandia,2020,2,durante,solo_exposto_obras,1.0954
ascenty-hortolandia,tratamento,ascenty-hortolandia,2020,2,durante,vegetacao_densa,7.6196
ascenty-hortolandia,tratamento,ascenty-hortolandia,2020,2,durante,vegetacao_rala,40.7736
ascenty-hortolandia,tratamento,ascenty-hortolandia,2021,3,durante,agua,0.2376
ascenty-hortolandia,tratamento,ascenty-hortolandia,2021,3,durante,construida_urbana,57.1322
ascenty-hortolandia,tratamento,ascenty-hortolandia,2021,3,durante,solo_exposto_obras,1.1277000000000001
ascenty-hortolandia,tratamento,ascenty-hortolandia,2021,3,durante,vegetacao_densa,4.2993999999999994
ascenty-hortolandia,tratamento,ascenty-hortolandia,2021,3,durante,vegetacao_rala,37.203
ascenty-hortolandia,tratamento,ascenty-hortolandia,2022,4,durante,agua,0.2931
ascenty-hortolandia,tratamento,ascenty-hortolandia,2022,4,durante,construida_urbana,55.45909999999999
ascenty-hortolandia,tratamento,ascenty-hortolandia,2022,4,durante,solo_exposto_obras,1.012
ascenty-hortolandia,tratamento,ascenty-hortolandia,2022,4,durante,vegetacao_densa,4.8317
ascenty-hortolandia,tratamento,ascenty-hortolandia,2022,4,durante,vegetacao_rala,38.403999999999996
ascenty-jundiai,tratamento,ascenty-jundiai,2016,-3,pre,agua,0.583
ascenty-jundiai,tratamento,ascenty-jundiai,2016,-3,pre,construida_urbana,25.2904
ascenty-jundiai,tratamento,ascenty-jundiai,2016,-3,pre,solo_exposto_obras,2.2561
ascenty-jundiai,tratamento,ascenty-jundiai,2016,-3,pre,vegetacao_densa,30.9452
ascenty-jundiai,tratamento,ascenty-jundiai,2016,-3,pre,vegetacao_rala,40.925200000000004
ascenty-jundiai,tratamento,ascenty-jundiai,2017,-2,pre,agua,0.5376
ascenty-jundiai,tratamento,ascenty-jundiai,2017,-2,pre,construida_urbana,26.4208
ascenty-jundiai,tratamento,ascenty-jundiai,2017,-2,pre,solo_exposto_obras,2.1852
ascenty-jundiai,tratamento,ascenty-jundiai,2017,-2,pre,vegetacao_densa,30.0446
ascenty-jundiai,tratamento,ascenty-jundiai,2017,-2,pre,vegetacao_rala,40.8118
ascenty-jundiai,tratamento,ascenty-jundiai,2018,-1,pre,agua,0.5153
ascenty-jundiai,tratamento,ascenty-jundiai,2018,-1,pre,construida_urbana,24.7077
ascenty-jundiai,tratamento,ascenty-jundiai,2018,-1,pre,solo_exposto_obras,1.9487
ascenty-jundiai,tratamento,ascenty-jundiai,2018,-1,pre,vegetacao_densa,27.519700000000004
ascenty-jundiai,tratamento,ascenty-jundiai,2018,-1,pre,vegetacao_rala,45.3086
ascenty-jundiai,tratamento,ascenty-jundiai,2019,0,durante,agua,0.5347000000000001
ascenty-jundiai,tratamento,ascenty-jundiai,2019,0,durante,construida_urbana,23.1349
ascenty-jundiai,tratamento,ascenty-jundiai,2019,0,durante,solo_exposto_obras,1.4489999999999998
ascenty-jundiai,tratamento,ascenty-jundiai,2019,0,durante,vegetacao_densa,34.6956
ascenty-jundiai,tratamento,ascenty-jundiai,2019,0,durante,vegetacao_rala,40.185700000000004
ascenty-jundiai,tratamento,ascenty-jundiai,2020,1,pos,agua,0.5841
ascenty-jundiai,tratamento,ascenty-jundiai,2020,1,pos,construida_urbana,23.2507
ascenty-jundiai,tratamento,ascenty-jundiai,2020,1,pos,solo_exposto_obras,1.2419
ascenty-jundiai,tratamento,ascenty-jundiai,2020,1,pos,vegetacao_densa,34.3108
ascenty-jundiai,tratamento,ascenty-jundiai,2020,1,pos,vegetacao_rala,40.612500000000004
ascenty-jundiai,tratamento,ascenty-jundiai,2021,2,pos,agua,0.4841
ascenty-jundiai,tratamento,ascenty-jundiai,2021,2,pos,construida_urbana,27.2015
ascenty-jundiai,tratamento,ascenty-jundiai,2021,2,pos,solo_exposto_obras,1.5421
ascenty-jundiai,tratamento,ascenty-jundiai,2021,2,pos,vegetacao_densa,26.005499999999998
ascenty-jundiai,tratamento,ascenty-jundiai,2021,2,pos,vegetacao_rala,44.7668
ascenty-jundiai,tratamento,ascenty-jundiai,2022,3,pos,agua,0.4733
ascenty-jundiai,tratamento,ascenty-jundiai,2022,3,pos,construida_urbana,26.337899999999998
ascenty-jundiai,tratamento,ascenty-jundiai,2022,3,pos,solo_exposto_obras,1.1648
ascenty-jundiai,tratamento,ascenty-jundiai,2022,3,pos,vegetacao_densa,29.2531
ascenty-jundiai,tratamento,ascenty-jundiai,2022,3,pos,vegetacao_rala,42.7709
ascenty-maracanau,tratamento,ascenty-maracanau,2013,-1,pre,agua,1.9209
ascenty-maracanau,tratamento,ascenty-maracanau,2013,-1,pre,construida_urbana,52.4036
ascenty-maracanau,tratamento,ascenty-maracanau,2013,-1,pre,solo_exposto_obras,1.1882
ascenty-maracanau,tratamento,ascenty-maracanau,2013,-1,pre,vegetacao_densa,17.5621
ascenty-maracanau,tratamento,ascenty-maracanau,2013,-1,pre,vegetacao_rala,26.9252
ascenty-maracanau,tratamento,ascenty-maracanau,2014,0,durante,agua,1.8328
ascenty-maracanau,tratamento,ascenty-maracanau,2014,0,durante,construida_urbana,53.7632
ascenty-maracanau,tratamento,ascenty-maracanau,2014,0,durante,solo_exposto_obras,0.9518000000000001
ascenty-maracanau,tratamento,ascenty-maracanau,2014,0,durante,vegetacao_densa,17.935100000000002
ascenty-maracanau,tratamento,ascenty-maracanau,2014,0,durante,vegetacao_rala,25.5171
ascenty-maracanau,tratamento,ascenty-maracanau,2015,1,durante,agua,2.2843999999999998
ascenty-maracanau,tratamento,ascenty-maracanau,2015,1,durante,construida_urbana,55.3701
ascenty-maracanau,tratamento,ascenty-maracanau,2015,1,durante,solo_exposto_obras,1.101
ascenty-maracanau,tratamento,ascenty-maracanau,2015,1,durante,vegetacao_densa,14.1552
ascenty-maracanau,tratamento,ascenty-maracanau,2015,1,durante,vegetacao_rala,27.089299999999998
ascenty-maracanau,tratamento,ascenty-maracanau,2016,2,pos,agua,2.3452
ascenty-maracanau,tratamento,ascenty-maracanau,2016,2,pos,construida_urbana,58.1246
ascenty-maracanau,tratamento,ascenty-maracanau,2016,2,pos,solo_exposto_obras,0.9232
ascenty-maracanau,tratamento,ascenty-maracanau,2016,2,pos,vegetacao_densa,9.8517
ascenty-maracanau,tratamento,ascenty-maracanau,2016,2,pos,vegetacao_rala,28.755300000000002
ascenty-maracanau,tratamento,ascenty-maracanau,2017,3,pos,agua,2.2880000000000003
ascenty-maracanau,tratamento,ascenty-maracanau,2017,3,pos,construida_urbana,57.95400000000001
ascenty-maracanau,tratamento,ascenty-maracanau,2017,3,pos,solo_exposto_obras,1.1502999999999999
ascenty-maracanau,tratamento,ascenty-maracanau,2017,3,pos,vegetacao_densa,12.6914
ascenty-maracanau,tratamento,ascenty-maracanau,2017,3,pos,vegetacao_rala,25.916299999999996
ascenty-osasco,tratamento,ascenty-osasco,2017,-3,pre,agua,0.8330000000000001
ascenty-osasco,tratamento,ascenty-osasco,2017,-3,pre,construida_urbana,63.1705
ascenty-osasco,tratamento,ascenty-osasco,2017,-3,pre,solo_exposto_obras,0.7454
ascenty-osasco,tratamento,ascenty-osasco,2017,-3,pre,vegetacao_densa,19.9739
ascenty-osasco,tratamento,ascenty-osasco,2017,-3,pre,vegetacao_rala,15.277199999999999
ascenty-osasco,tratamento,ascenty-osasco,2018,-2,pre,agua,0.749
ascenty-osasco,tratamento,ascenty-osasco,2018,-2,pre,construida_urbana,62.4915
ascenty-osasco,tratamento,ascenty-osasco,2018,-2,pre,solo_exposto_obras,0.7981
ascenty-osasco,tratamento,ascenty-osasco,2018,-2,pre,vegetacao_densa,20.1441
ascenty-osasco,tratamento,ascenty-osasco,2018,-2,pre,vegetacao_rala,15.817300000000001
ascenty-osasco,tratamento,ascenty-osasco,2019,-1,pre,agua,0.8991000000000001
ascenty-osasco,tratamento,ascenty-osasco,2019,-1,pre,construida_urbana,60.8794
ascenty-osasco,tratamento,ascenty-osasco,2019,-1,pre,solo_exposto_obras,0.6577999999999999
ascenty-osasco,tratamento,ascenty-osasco,2019,-1,pre,vegetacao_densa,22.4345
ascenty-osasco,tratamento,ascenty-osasco,2019,-1,pre,vegetacao_rala,15.129100000000001
ascenty-osasco,tratamento,ascenty-osasco,2020,0,durante,agua,1.318
ascenty-osasco,tratamento,ascenty-osasco,2020,0,durante,construida_urbana,61.8885
ascenty-osasco,tratamento,ascenty-osasco,2020,0,durante,solo_exposto_obras,0.9383
ascenty-osasco,tratamento,ascenty-osasco,2020,0,durante,vegetacao_densa,20.3576
ascenty-osasco,tratamento,ascenty-osasco,2020,0,durante,vegetacao_rala,15.4976
ascenty-osasco,tratamento,ascenty-osasco,2021,1,durante,agua,0.8437
ascenty-osasco,tratamento,ascenty-osasco,2021,1,durante,construida_urbana,63.6705
ascenty-osasco,tratamento,ascenty-osasco,2021,1,durante,solo_exposto_obras,0.9224
ascenty-osasco,tratamento,ascenty-osasco,2021,1,durante,vegetacao_densa,18.7984
ascenty-osasco,tratamento,ascenty-osasco,2021,1,durante,vegetacao_rala,15.765
ascenty-osasco,tratamento,ascenty-osasco,2022,2,durante,agua,0.9399
ascenty-osasco,tratamento,ascenty-osasco,2022,2,durante,construida_urbana,63.1528
ascenty-osasco,tratamento,ascenty-osasco,2022,2,durante,solo_exposto_obras,0.88
ascenty-osasco,tratamento,ascenty-osasco,2022,2,durante,vegetacao_densa,19.9626
ascenty-osasco,tratamento,ascenty-osasco,2022,2,durante,vegetacao_rala,15.0647
ascenty-osasco,tratamento,ascenty-osasco,2023,3,durante,agua,1.0721
ascenty-osasco,tratamento,ascenty-osasco,2023,3,durante,construida_urbana,62.082800000000006
ascenty-osasco,tratamento,ascenty-osasco,2023,3,durante,solo_exposto_obras,0.6391
ascenty-osasco,tratamento,ascenty-osasco,2023,3,durante,vegetacao_densa,21.584999999999997
ascenty-osasco,tratamento,ascenty-osasco,2023,3,durante,vegetacao_rala,14.621
ascenty-paulinia,tratamento,ascenty-paulinia,2016,-3,pre,agua,1.1501000000000001
ascenty-paulinia,tratamento,ascenty-paulinia,2016,-3,pre,construida_urbana,40.7607
ascenty-paulinia,tratamento,ascenty-paulinia,2016,-3,pre,solo_exposto_obras,0.9726
ascenty-paulinia,tratamento,ascenty-paulinia,2016,-3,pre,vegetacao_densa,7.5783000000000005
ascenty-paulinia,tratamento,ascenty-paulinia,2016,-3,pre,vegetacao_rala,49.5383
ascenty-paulinia,tratamento,ascenty-paulinia,2017,-2,pre,agua,1.0103
ascenty-paulinia,tratamento,ascenty-paulinia,2017,-2,pre,construida_urbana,38.8504
ascenty-paulinia,tratamento,ascenty-paulinia,2017,-2,pre,solo_exposto_obras,0.9662999999999999
ascenty-paulinia,tratamento,ascenty-paulinia,2017,-2,pre,vegetacao_densa,7.9350000000000005
ascenty-paulinia,tratamento,ascenty-paulinia,2017,-2,pre,vegetacao_rala,51.2379
ascenty-paulinia,tratamento,ascenty-paulinia,2018,-1,pre,agua,0.9384999999999999
ascenty-paulinia,tratamento,ascenty-paulinia,2018,-1,pre,construida_urbana,40.868300000000005
ascenty-paulinia,tratamento,ascenty-paulinia,2018,-1,pre,solo_exposto_obras,0.9807
ascenty-paulinia,tratamento,ascenty-paulinia,2018,-1,pre,vegetacao_densa,8.8978
ascenty-paulinia,tratamento,ascenty-paulinia,2018,-1,pre,vegetacao_rala,48.3147
ascenty-paulinia,tratamento,ascenty-paulinia,2019,0,durante,agua,0.9457
ascenty-paulinia,tratamento,ascenty-paulinia,2019,0,durante,construida_urbana,36.2562
ascenty-paulinia,tratamento,ascenty-paulinia,2019,0,durante,solo_exposto_obras,0.6893
ascenty-paulinia,tratamento,ascenty-paulinia,2019,0,durante,vegetacao_densa,12.4243
ascenty-paulinia,tratamento,ascenty-paulinia,2019,0,durante,vegetacao_rala,49.6845
ascenty-paulinia,tratamento,ascenty-paulinia,2020,1,pos,agua,0.8785
ascenty-paulinia,tratamento,ascenty-paulinia,2020,1,pos,construida_urbana,39.1131
ascenty-paulinia,tratamento,ascenty-paulinia,2020,1,pos,solo_exposto_obras,0.8425999999999999
ascenty-paulinia,tratamento,ascenty-paulinia,2020,1,pos,vegetacao_densa,9.7207
ascenty-paulinia,tratamento,ascenty-paulinia,2020,1,pos,vegetacao_rala,49.4451
ascenty-paulinia,tratamento,ascenty-paulinia,2021,2,pos,agua,0.7646
ascenty-paulinia,tratamento,ascenty-paulinia,2021,2,pos,construida_urbana,43.3424
ascenty-paulinia,tratamento,ascenty-paulinia,2021,2,pos,solo_exposto_obras,1.2881
ascenty-paulinia,tratamento,ascenty-paulinia,2021,2,pos,vegetacao_densa,6.2256
ascenty-paulinia,tratamento,ascenty-paulinia,2021,2,pos,vegetacao_rala,48.3793
ascenty-paulinia,tratamento,ascenty-paulinia,2022,3,pos,agua,0.7655000000000001
ascenty-paulinia,tratamento,ascenty-paulinia,2022,3,pos,construida_urbana,40.2471
ascenty-paulinia,tratamento,ascenty-paulinia,2022,3,pos,solo_exposto_obras,1.1259
ascenty-paulinia,tratamento,ascenty-paulinia,2022,3,pos,vegetacao_densa,7.9108
ascenty-paulinia,tratamento,ascenty-paulinia,2022,3,pos,vegetacao_rala,49.9507
ascenty-sumare,tratamento,ascenty-sumare,2014,-3,pre,agua,0.45399999999999996
ascenty-sumare,tratamento,ascenty-sumare,2014,-3,pre,construida_urbana,46.199200000000005
ascenty-sumare,tratamento,ascenty-sumare,2014,-3,pre,solo_exposto_obras,2.8628
ascenty-sumare,tratamento,ascenty-sumare,2014,-3,pre,vegetacao_densa,2.7654
ascenty-sumare,tratamento,ascenty-sumare,2014,-3,pre,vegetacao_rala,47.7186
ascenty-sumare,tratamento,ascenty-sumare,2015,-2,pre,agua,0.5452
ascenty-sumare,tratamento,ascenty-sumare,2015,-2,pre,construida_urbana,42.9082
ascenty-sumare,tratamento,ascenty-sumare,2015,-2,pre,solo_exposto_obras,1.9582
ascenty-sumare,tratamento,ascenty-sumare,2015,-2,pre,vegetacao_densa,4.9129
ascenty-sumare,tratamento,ascenty-sumare,2015,-2,pre,vegetacao_rala,49.675599999999996
ascenty-sumare,tratamento,ascenty-sumare,2016,-1,pre,agua,0.6203000000000001
ascenty-sumare,tratamento,ascenty-sumare,2016,-1,pre,construida_urbana,47.0998
ascenty-sumare,tratamento,ascenty-sumare,2016,-1,pre,solo_exposto_obras,2.0618000000000003
ascenty-sumare,tratamento,ascenty-sumare,2016,-1,pre,vegetacao_densa,3.4007
ascenty-sumare,tratamento,ascenty-sumare,2016,-1,pre,vegetacao_rala,46.8174
ascenty-sumare,tratamento,ascenty-sumare,2017,0,durante,agua,0.5479
ascenty-sumare,tratamento,ascenty-sumare,2017,0,durante,construida_urbana,49.9285
ascenty-sumare,tratamento,ascenty-sumare,2017,0,durante,solo_exposto_obras,2.1637
ascenty-sumare,tratamento,ascenty-sumare,2017,0,durante,vegetacao_densa,3.1567
ascenty-sumare,tratamento,ascenty-sumare,2017,0,durante,vegetacao_rala,44.203199999999995
ascenty-sumare,tratamento,ascenty-sumare,2018,1,durante,agua,0.5005
ascenty-sumare,tratamento,ascenty-sumare,2018,1,durante,construida_urbana,46.7039
ascenty-sumare,tratamento,ascenty-sumare,2018,1,durante,solo_exposto_obras,2.3085
ascenty-sumare,tratamento,ascenty-sumare,2018,1,durante,vegetacao_densa,3.4159
ascenty-sumare,tratamento,ascenty-sumare,2018,1,durante,vegetacao_rala,47.071200000000005
ascenty-sumare,tratamento,ascenty-sumare,2019,2,durante,agua,0.505
ascenty-sumare,tratamento,ascenty-sumare,2019,2,durante,construida_urbana,44.254599999999996
ascenty-sumare,tratamento,ascenty-sumare,2019,2,durante,solo_exposto_obras,1.7696
ascenty-sumare,tratamento,ascenty-sumare,2019,2,durante,vegetacao_densa,5.8352
ascenty-sumare,tratamento,ascenty-sumare,2019,2,durante,vegetacao_rala,47.6356
ascenty-sumare,tratamento,ascenty-sumare,2020,3,pos,agua,0.44780000000000003
ascenty-sumare,tratamento,ascenty-sumare,2020,3,pos,construida_urbana,47.4618
ascenty-sumare,tratamento,ascenty-sumare,2020,3,pos,solo_exposto_obras,2.153
ascenty-sumare,tratamento,ascenty-sumare,2020,3,pos,vegetacao_densa,3.894
ascenty-sumare,tratamento,ascenty-sumare,2020,3,pos,vegetacao_rala,46.0434
ascenty-vinhedo,tratamento,ascenty-vinhedo,2016,-3,pre,agua,1.3044
ascenty-vinhedo,tratamento,ascenty-vinhedo,2016,-3,pre,construida_urbana,23.6174
ascenty-vinhedo,tratamento,ascenty-vinhedo,2016,-3,pre,solo_exposto_obras,0.9325
ascenty-vinhedo,tratamento,ascenty-vinhedo,2016,-3,pre,vegetacao_densa,17.3405
ascenty-vinhedo,tratamento,ascenty-vinhedo,2016,-3,pre,vegetacao_rala,56.8053
ascenty-vinhedo,tratamento,ascenty-vinhedo,2017,-2,pre,agua,1.2477
ascenty-vinhedo,tratamento,ascenty-vinhedo,2017,-2,pre,construida_urbana,24.8181
ascenty-vinhedo,tratamento,ascenty-vinhedo,2017,-2,pre,solo_exposto_obras,0.9795
ascenty-vinhedo,tratamento,ascenty-vinhedo,2017,-2,pre,vegetacao_densa,16.0854
ascenty-vinhedo,tratamento,ascenty-vinhedo,2017,-2,pre,vegetacao_rala,56.8692
ascenty-vinhedo,tratamento,ascenty-vinhedo,2018,-1,pre,agua,1.1477
ascenty-vinhedo,tratamento,ascenty-vinhedo,2018,-1,pre,construida_urbana,24.5164
ascenty-vinhedo,tratamento,ascenty-vinhedo,2018,-1,pre,solo_exposto_obras,0.8599000000000001
ascenty-vinhedo,tratamento,ascenty-vinhedo,2018,-1,pre,vegetacao_densa,14.875
ascenty-vinhedo,tratamento,ascenty-vinhedo,2018,-1,pre,vegetacao_rala,58.6009
ascenty-vinhedo,tratamento,ascenty-vinhedo,2019,0,durante,agua,1.1941
ascenty-vinhedo,tratamento,ascenty-vinhedo,2019,0,durante,construida_urbana,22.2487
ascenty-vinhedo,tratamento,ascenty-vinhedo,2019,0,durante,solo_exposto_obras,0.6006
ascenty-vinhedo,tratamento,ascenty-vinhedo,2019,0,durante,vegetacao_densa,22.4713
ascenty-vinhedo,tratamento,ascenty-vinhedo,2019,0,durante,vegetacao_rala,53.4853
ascenty-vinhedo,tratamento,ascenty-vinhedo,2020,1,durante,agua,1.2086
ascenty-vinhedo,tratamento,ascenty-vinhedo,2020,1,durante,construida_urbana,21.912100000000002
ascenty-vinhedo,tratamento,ascenty-vinhedo,2020,1,durante,solo_exposto_obras,0.8874
ascenty-vinhedo,tratamento,ascenty-vinhedo,2020,1,durante,vegetacao_densa,19.917199999999998
ascenty-vinhedo,tratamento,ascenty-vinhedo,2020,1,durante,vegetacao_rala,56.0747
ascenty-vinhedo,tratamento,ascenty-vinhedo,2021,2,pos,agua,1.1253000000000002
ascenty-vinhedo,tratamento,ascenty-vinhedo,2021,2,pos,construida_urbana,26.0327
ascenty-vinhedo,tratamento,ascenty-vinhedo,2021,2,pos,solo_exposto_obras,0.9519
ascenty-vinhedo,tratamento,ascenty-vinhedo,2021,2,pos,vegetacao_densa,15.253900000000002
ascenty-vinhedo,tratamento,ascenty-vinhedo,2021,2,pos,vegetacao_rala,56.6362
ascenty-vinhedo,tratamento,ascenty-vinhedo,2022,3,pos,agua,1.1637
ascenty-vinhedo,tratamento,ascenty-vinhedo,2022,3,pos,construida_urbana,25.0965
ascenty-vinhedo,tratamento,ascenty-vinhedo,2022,3,pos,solo_exposto_obras,0.5863
ascenty-vinhedo,tratamento,ascenty-vinhedo,2022,3,pos,vegetacao_densa,18.9634
ascenty-vinhedo,tratamento,ascenty-vinhedo,2022,3,pos,vegetacao_rala,54.190099999999994
clickip-manaus,tratamento,clickip-manaus,2020,-3,pre,agua,0.09179999999999999
clickip-manaus,tratamento,clickip-manaus,2020,-3,pre,construida_urbana,59.6267
clickip-manaus,tratamento,clickip-manaus,2020,-3,pre,solo_exposto_obras,9.3304
clickip-manaus,tratamento,clickip-manaus,2020,-3,pre,vegetacao_densa,13.747100000000001
clickip-manaus,tratamento,clickip-manaus,2020,-3,pre,vegetacao_rala,17.204
clickip-manaus,tratamento,clickip-manaus,2021,-2,pre,agua,0.164
clickip-manaus,tratamento,clickip-manaus,2021,-2,pre,construida_urbana,60.4788
clickip-manaus,tratamento,clickip-manaus,2021,-2,pre,solo_exposto_obras,8.165799999999999
clickip-manaus,tratamento,clickip-manaus,2021,-2,pre,vegetacao_densa,13.083400000000001
clickip-manaus,tratamento,clickip-manaus,2021,-2,pre,vegetacao_rala,18.1081
clickip-manaus,tratamento,clickip-manaus,2022,-1,pre,agua,0.089
clickip-manaus,tratamento,clickip-manaus,2022,-1,pre,construida_urbana,61.7707
clickip-manaus,tratamento,clickip-manaus,2022,-1,pre,solo_exposto_obras,8.537799999999999
clickip-manaus,tratamento,clickip-manaus,2022,-1,pre,vegetacao_densa,13.567100000000002
clickip-manaus,tratamento,clickip-manaus,2022,-1,pre,vegetacao_rala,16.0354
clickip-manaus,tratamento,clickip-manaus,2023,0,durante,agua,0.0751
clickip-manaus,tratamento,clickip-manaus,2023,0,durante,construida_urbana,62.4105
clickip-manaus,tratamento,clickip-manaus,2023,0,durante,solo_exposto_obras,8.5245
clickip-manaus,tratamento,clickip-manaus,2023,0,durante,vegetacao_densa,12.1318
clickip-manaus,tratamento,clickip-manaus,2023,0,durante,vegetacao_rala,16.8581
clickip-manaus,tratamento,clickip-manaus,2024,1,durante,agua,0.0675
clickip-manaus,tratamento,clickip-manaus,2024,1,durante,construida_urbana,62.7787
clickip-manaus,tratamento,clickip-manaus,2024,1,durante,solo_exposto_obras,8.7035
clickip-manaus,tratamento,clickip-manaus,2024,1,durante,vegetacao_densa,13.872499999999999
clickip-manaus,tratamento,clickip-manaus,2024,1,durante,vegetacao_rala,14.5778
clickip-manaus,tratamento,clickip-manaus,2025,2,pos,agua,0.09430000000000001
clickip-manaus,tratamento,clickip-manaus,2025,2,pos,construida_urbana,61.8911
clickip-manaus,tratamento,clickip-manaus,2025,2,pos,solo_exposto_obras,8.3308
clickip-manaus,tratamento,clickip-manaus,2025,2,pos,vegetacao_densa,13.4513
clickip-manaus,tratamento,clickip-manaus,2025,2,pos,vegetacao_rala,16.2324
ctrl-angonap-fortaleza-p01,controle,angonap-fortaleza,2014,-3,pre,agua,47.3292
ctrl-angonap-fortaleza-p01,controle,angonap-fortaleza,2014,-3,pre,construida_urbana,29.0869
ctrl-angonap-fortaleza-p01,controle,angonap-fortaleza,2014,-3,pre,solo_exposto_obras,1.153
ctrl-angonap-fortaleza-p01,controle,angonap-fortaleza,2014,-3,pre,vegetacao_densa,14.6318
ctrl-angonap-fortaleza-p01,controle,angonap-fortaleza,2014,-3,pre,vegetacao_rala,7.7991
ctrl-angonap-fortaleza-p01,controle,angonap-fortaleza,2015,-2,pre,agua,47.187400000000004
ctrl-angonap-fortaleza-p01,controle,angonap-fortaleza,2015,-2,pre,construida_urbana,29.9242
ctrl-angonap-fortaleza-p01,controle,angonap-fortaleza,2015,-2,pre,solo_exposto_obras,1.1234
ctrl-angonap-fortaleza-p01,controle,angonap-fortaleza,2015,-2,pre,vegetacao_densa,12.7526
ctrl-angonap-fortaleza-p01,controle,angonap-fortaleza,2015,-2,pre,vegetacao_rala,9.0124
ctrl-angonap-fortaleza-p01,controle,angonap-fortaleza,2016,-1,pre,agua,47.3195
ctrl-angonap-fortaleza-p01,controle,angonap-fortaleza,2016,-1,pre,construida_urbana,30.3494
ctrl-angonap-fortaleza-p01,controle,angonap-fortaleza,2016,-1,pre,solo_exposto_obras,0.9416000000000001
ctrl-angonap-fortaleza-p01,controle,angonap-fortaleza,2016,-1,pre,vegetacao_densa,11.8969
ctrl-angonap-fortaleza-p01,controle,angonap-fortaleza,2016,-1,pre,vegetacao_rala,9.4926
ctrl-angonap-fortaleza-p01,controle,angonap-fortaleza,2017,0,durante,agua,47.467
ctrl-angonap-fortaleza-p01,controle,angonap-fortaleza,2017,0,durante,construida_urbana,30.0256
ctrl-angonap-fortaleza-p01,controle,angonap-fortaleza,2017,0,durante,solo_exposto_obras,0.8644000000000001
ctrl-angonap-fortaleza-p01,controle,angonap-fortaleza,2017,0,durante,vegetacao_densa,13.100700000000002
ctrl-angonap-fortaleza-p01,controle,angonap-fortaleza,2017,0,durante,vegetacao_rala,8.5422
ctrl-angonap-fortaleza-p01,controle,angonap-fortaleza,2018,1,durante,agua,47.1681
ctrl-angonap-fortaleza-p01,controle,angonap-fortaleza,2018,1,durante,construida_urbana,29.044999999999998
ctrl-angonap-fortaleza-p01,controle,angonap-fortaleza,2018,1,durante,solo_exposto_obras,0.9693999999999999
ctrl-angonap-fortaleza-p01,controle,angonap-fortaleza,2018,1,durante,vegetacao_densa,14.447199999999999
ctrl-angonap-fortaleza-p01,controle,angonap-fortaleza,2018,1,durante,vegetacao_rala,8.3704
ctrl-angonap-fortaleza-p01,controle,angonap-fortaleza,2019,2,durante,agua,47.1479
ctrl-angonap-fortaleza-p01,controle,angonap-fortaleza,2019,2,durante,construida_urbana,26.7648
ctrl-angonap-fortaleza-p01,controle,angonap-fortaleza,2019,2,durante,solo_exposto_obras,0.8619999999999999
ctrl-angonap-fortaleza-p01,controle,angonap-fortaleza,2019,2,durante,vegetacao_densa,16.4863
ctrl-angonap-fortaleza-p01,controle,angonap-fortaleza,2019,2,durante,vegetacao_rala,8.7391
ctrl-angonap-fortaleza-p01,controle,angonap-fortaleza,2020,3,pos,agua,46.9619
ctrl-angonap-fortaleza-p01,controle,angonap-fortaleza,2020,3,pos,construida_urbana,28.199
ctrl-angonap-fortaleza-p01,controle,angonap-fortaleza,2020,3,pos,solo_exposto_obras,0.8821000000000001
ctrl-angonap-fortaleza-p01,controle,angonap-fortaleza,2020,3,pos,vegetacao_densa,16.642799999999998
ctrl-angonap-fortaleza-p01,controle,angonap-fortaleza,2020,3,pos,vegetacao_rala,7.3142
ctrl-ascenty-hortolandia-p01,controle,ascenty-hortolandia,2015,-3,pre,agua,0.3639
ctrl-ascenty-hortolandia-p01,controle,ascenty-hortolandia,2015,-3,pre,construida_urbana,50.5818
ctrl-ascenty-hortolandia-p01,controle,ascenty-hortolandia,2015,-3,pre,solo_exposto_obras,0.8229
ctrl-ascenty-hortolandia-p01,controle,ascenty-hortolandia,2015,-3,pre,vegetacao_densa,6.8011
ctrl-ascenty-hortolandia-p01,controle,ascenty-hortolandia,2015,-3,pre,vegetacao_rala,41.430299999999995
ctrl-ascenty-hortolandia-p01,controle,ascenty-hortolandia,2016,-2,pre,agua,0.3859
ctrl-ascenty-hortolandia-p01,controle,ascenty-hortolandia,2016,-2,pre,construida_urbana,48.9118
ctrl-ascenty-hortolandia-p01,controle,ascenty-hortolandia,2016,-2,pre,solo_exposto_obras,0.6668999999999999
ctrl-ascenty-hortolandia-p01,controle,ascenty-hortolandia,2016,-2,pre,vegetacao_densa,8.39
ctrl-ascenty-hortolandia-p01,controle,ascenty-hortolandia,2016,-2,pre,vegetacao_rala,41.6455
ctrl-ascenty-hortolandia-p01,controle,ascenty-hortolandia,2017,-1,pre,agua,0.3263
ctrl-ascenty-hortolandia-p01,controle,ascenty-hortolandia,2017,-1,pre,construida_urbana,51.1144
ctrl-ascenty-hortolandia-p01,controle,ascenty-hortolandia,2017,-1,pre,solo_exposto_obras,0.8051
ctrl-ascenty-hortolandia-p01,controle,ascenty-hortolandia,2017,-1,pre,vegetacao_densa,6.912100000000001
ctrl-ascenty-hortolandia-p01,controle,ascenty-hortolandia,2017,-1,pre,vegetacao_rala,40.8422
ctrl-ascenty-hortolandia-p01,controle,ascenty-hortolandia,2018,0,durante,agua,0.35400000000000004
ctrl-ascenty-hortolandia-p01,controle,ascenty-hortolandia,2018,0,durante,construida_urbana,49.6186
ctrl-ascenty-hortolandia-p01,controle,ascenty-hortolandia,2018,0,durante,solo_exposto_obras,0.7879
ctrl-ascenty-hortolandia-p01,controle,ascenty-hortolandia,2018,0,durante,vegetacao_densa,7.3965000000000005
ctrl-ascenty-hortolandia-p01,controle,ascenty-hortolandia,2018,0,durante,vegetacao_rala,41.843
ctrl-ascenty-hortolandia-p01,controle,ascenty-hortolandia,2019,1,durante,agua,0.3828
ctrl-ascenty-hortolandia-p01,controle,ascenty-hortolandia,2019,1,durante,construida_urbana,47.502100000000006
ctrl-ascenty-hortolandia-p01,controle,ascenty-hortolandia,2019,1,durante,solo_exposto_obras,0.5316000000000001
ctrl-ascenty-hortolandia-p01,controle,ascenty-hortolandia,2019,1,durante,vegetacao_densa,11.888300000000001
ctrl-ascenty-hortolandia-p01,controle,ascenty-hortolandia,2019,1,durante,vegetacao_rala,39.6952
ctrl-ascenty-hortolandia-p01,controle,ascenty-hortolandia,2020,2,durante,agua,0.3962
ctrl-ascenty-hortolandia-p01,controle,ascenty-hortolandia,2020,2,durante,construida_urbana,46.6939
ctrl-ascenty-hortolandia-p01,controle,ascenty-hortolandia,2020,2,durante,solo_exposto_obras,0.5055999999999999
ctrl-ascenty-hortolandia-p01,controle,ascenty-hortolandia,2020,2,durante,vegetacao_densa,12.467699999999999
ctrl-ascenty-hortolandia-p01,controle,ascenty-hortolandia,2020,2,durante,vegetacao_rala,39.9365
ctrl-ascenty-hortolandia-p01,controle,ascenty-hortolandia,2021,3,durante,agua,0.3317
ctrl-ascenty-hortolandia-p01,controle,ascenty-hortolandia,2021,3,durante,construida_urbana,55.8206
ctrl-ascenty-hortolandia-p01,controle,ascenty-hortolandia,2021,3,durante,solo_exposto_obras,0.6401
ctrl-ascenty-hortolandia-p01,controle,ascenty-hortolandia,2021,3,durante,vegetacao_densa,3.7328
ctrl-ascenty-hortolandia-p01,controle,ascenty-hortolandia,2021,3,durante,vegetacao_rala,39.474900000000005
ctrl-ascenty-hortolandia-p01,controle,ascenty-hortolandia,2022,4,durante,agua,0.3487
ctrl-ascenty-hortolandia-p01,controle,ascenty-hortolandia,2022,4,durante,construida_urbana,50.3021
ctrl-ascenty-hortolandia-p01,controle,ascenty-hortolandia,2022,4,durante,solo_exposto_obras,0.5369999999999999
ctrl-ascenty-hortolandia-p01,controle,ascenty-hortolandia,2022,4,durante,vegetacao_densa,9.5835
ctrl-ascenty-hortolandia-p01,controle,ascenty-hortolandia,2022,4,durante,vegetacao_rala,39.228699999999996
ctrl-ascenty-jundiai-p01,controle,ascenty-jundiai,2016,-3,pre,agua,0.1764
ctrl-ascenty-jundiai-p01,controle,ascenty-jundiai,2016,-3,pre,construida_urbana,26.081500000000002
ctrl-ascenty-jundiai-p01,controle,ascenty-jundiai,2016,-3,pre,solo_exposto_obras,0.23969999999999997
ctrl-ascenty-jundiai-p01,controle,ascenty-jundiai,2016,-3,pre,vegetacao_densa,30.5244
ctrl-ascenty-jundiai-p01,controle,ascenty-jundiai,2016,-3,pre,vegetacao_rala,42.977900000000005
ctrl-ascenty-jundiai-p01,controle,ascenty-jundiai,2017,-2,pre,agua,0.1515
ctrl-ascenty-jundiai-p01,controle,ascenty-jundiai,2017,-2,pre,construida_urbana,26.7088
ctrl-ascenty-jundiai-p01,controle,ascenty-jundiai,2017,-2,pre,solo_exposto_obras,0.2326
ctrl-ascenty-jundiai-p01,controle,ascenty-jundiai,2017,-2,pre,vegetacao_densa,30.176
ctrl-ascenty-jundiai-p01,controle,ascenty-jundiai,2017,-2,pre,vegetacao_rala,42.7311
ctrl-ascenty-jundiai-p01,controle,ascenty-jundiai,2018,-1,pre,agua,0.1283
ctrl-ascenty-jundiai-p01,controle,ascenty-jundiai,2018,-1,pre,construida_urbana,26.020300000000002
ctrl-ascenty-jundiai-p01,controle,ascenty-jundiai,2018,-1,pre,solo_exposto_obras,0.5177
ctrl-ascenty-jundiai-p01,controle,ascenty-jundiai,2018,-1,pre,vegetacao_densa,30.620000000000005
ctrl-ascenty-jundiai-p01,controle,ascenty-jundiai,2018,-1,pre,vegetacao_rala,42.713699999999996
ctrl-ascenty-jundiai-p01,controle,ascenty-jundiai,2019,0,durante,agua,0.1702
ctrl-ascenty-jundiai-p01,controle,ascenty-jundiai,2019,0,durante,construida_urbana,23.9456
ctrl-ascenty-jundiai-p01,controle,ascenty-jundiai,2019,0,durante,solo_exposto_obras,0.4143
ctrl-ascenty-jundiai-p01,controle,ascenty-jundiai,2019,0,durante,vegetacao_densa,36.4339
ctrl-ascenty-jundiai-p01,controle,ascenty-jundiai,2019,0,durante,vegetacao_rala,39.0359
ctrl-ascenty-jundiai-p01,controle,ascenty-jundiai,2020,1,pos,agua,0.1764
ctrl-ascenty-jundiai-p01,controle,ascenty-jundiai,2020,1,pos,construida_urbana,24.3947
ctrl-ascenty-jundiai-p01,controle,ascenty-jundiai,2020,1,pos,solo_exposto_obras,0.4063
ctrl-ascenty-jundiai-p01,controle,ascenty-jundiai,2020,1,pos,vegetacao_densa,36.0998
ctrl-ascenty-jundiai-p01,controle,ascenty-jundiai,2020,1,pos,vegetacao_rala,38.9227
ctrl-ascenty-jundiai-p01,controle,ascenty-jundiai,2021,2,pos,agua,0.1346
ctrl-ascenty-jundiai-p01,controle,ascenty-jundiai,2021,2,pos,construida_urbana,30.4157
ctrl-ascenty-jundiai-p01,controle,ascenty-jundiai,2021,2,pos,solo_exposto_obras,0.42329999999999995
ctrl-ascenty-jundiai-p01,controle,ascenty-jundiai,2021,2,pos,vegetacao_densa,24.188000000000002
ctrl-ascenty-jundiai-p01,controle,ascenty-jundiai,2021,2,pos,vegetacao_rala,44.838499999999996
ctrl-ascenty-jundiai-p01,controle,ascenty-jundiai,2022,3,pos,agua,0.1479
ctrl-ascenty-jundiai-p01,controle,ascenty-jundiai,2022,3,pos,construida_urbana,26.9307
ctrl-ascenty-jundiai-p01,controle,ascenty-jundiai,2022,3,pos,solo_exposto_obras,0.254
ctrl-ascenty-jundiai-p01,controle,ascenty-jundiai,2022,3,pos,vegetacao_densa,32.3555
ctrl-ascenty-jundiai-p01,controle,ascenty-jundiai,2022,3,pos,vegetacao_rala,40.3119
ctrl-ascenty-maracanau-p03,controle,ascenty-maracanau,2013,-1,pre,agua,3.3122
ctrl-ascenty-maracanau-p03,controle,ascenty-maracanau,2013,-1,pre,construida_urbana,9.6597
ctrl-ascenty-maracanau-p03,controle,ascenty-maracanau,2013,-1,pre,solo_exposto_obras,9.6077
ctrl-ascenty-maracanau-p03,controle,ascenty-maracanau,2013,-1,pre,vegetacao_densa,35.1895
ctrl-ascenty-maracanau-p03,controle,ascenty-maracanau,2013,-1,pre,vegetacao_rala,42.2308
ctrl-ascenty-maracanau-p03,controle,ascenty-maracanau,2014,0,durante,agua,3.0585999999999998
ctrl-ascenty-maracanau-p03,controle,ascenty-maracanau,2014,0,durante,construida_urbana,10.0955
ctrl-ascenty-maracanau-p03,controle,ascenty-maracanau,2014,0,durante,solo_exposto_obras,9.4232
ctrl-ascenty-maracanau-p03,controle,ascenty-maracanau,2014,0,durante,vegetacao_densa,34.4754
ctrl-ascenty-maracanau-p03,controle,ascenty-maracanau,2014,0,durante,vegetacao_rala,42.9474
ctrl-ascenty-maracanau-p03,controle,ascenty-maracanau,2015,1,durante,agua,4.4435
ctrl-ascenty-maracanau-p03,controle,ascenty-maracanau,2015,1,durante,construida_urbana,11.544
ctrl-ascenty-maracanau-p03,controle,ascenty-maracanau,2015,1,durante,solo_exposto_obras,7.3344000000000005
ctrl-ascenty-maracanau-p03,controle,ascenty-maracanau,2015,1,durante,vegetacao_densa,31.331300000000002
ctrl-ascenty-maracanau-p03,controle,ascenty-maracanau,2015,1,durante,vegetacao_rala,45.3467
ctrl-ascenty-maracanau-p03,controle,ascenty-maracanau,2016,2,pos,agua,4.170999999999999
ctrl-ascenty-maracanau-p03,controle,ascenty-maracanau,2016,2,pos,construida_urbana,12.551499999999999
ctrl-ascenty-maracanau-p03,controle,ascenty-maracanau,2016,2,pos,solo_exposto_obras,7.5505
ctrl-ascenty-maracanau-p03,controle,ascenty-maracanau,2016,2,pos,vegetacao_densa,27.204299999999996
ctrl-ascenty-maracanau-p03,controle,ascenty-maracanau,2016,2,pos,vegetacao_rala,48.5227
ctrl-ascenty-maracanau-p03,controle,ascenty-maracanau,2017,3,pos,agua,4.229299999999999
ctrl-ascenty-maracanau-p03,controle,ascenty-maracanau,2017,3,pos,construida_urbana,14.0369
ctrl-ascenty-maracanau-p03,controle,ascenty-maracanau,2017,3,pos,solo_exposto_obras,6.698900000000001
ctrl-ascenty-maracanau-p03,controle,ascenty-maracanau,2017,3,pos,vegetacao_densa,28.9756
ctrl-ascenty-maracanau-p03,controle,ascenty-maracanau,2017,3,pos,vegetacao_rala,46.059400000000004
ctrl-ascenty-osasco-p01,controle,ascenty-osasco,2017,-3,pre,agua,0.4724
ctrl-ascenty-osasco-p01,controle,ascenty-osasco,2017,-3,pre,construida_urbana,50.3945
ctrl-ascenty-osasco-p01,controle,ascenty-osasco,2017,-3,pre,solo_exposto_obras,0.7321
ctrl-ascenty-osasco-p01,controle,ascenty-osasco,2017,-3,pre,vegetacao_densa,21.3997
ctrl-ascenty-osasco-p01,controle,ascenty-osasco,2017,-3,pre,vegetacao_rala,27.0013
ctrl-ascenty-osasco-p01,controle,ascenty-osasco,2018,-2,pre,agua,0.39909999999999995
ctrl-ascenty-osasco-p01,controle,ascenty-osasco,2018,-2,pre,construida_urbana,49.4917
ctrl-ascenty-osasco-p01,controle,ascenty-osasco,2018,-2,pre,solo_exposto_obras,1.0211
ctrl-ascenty-osasco-p01,controle,ascenty-osasco,2018,-2,pre,vegetacao_densa,21.800900000000002
ctrl-ascenty-osasco-p01,controle,ascenty-osasco,2018,-2,pre,vegetacao_rala,27.2873
ctrl-ascenty-osasco-p01,controle,ascenty-osasco,2019,-1,pre,agua,0.45510000000000006
ctrl-ascenty-osasco-p01,controle,ascenty-osasco,2019,-1,pre,construida_urbana,48.026799999999994
ctrl-ascenty-osasco-p01,controle,ascenty-osasco,2019,-1,pre,solo_exposto_obras,0.808
ctrl-ascenty-osasco-p01,controle,ascenty-osasco,2019,-1,pre,vegetacao_densa,25.8502
ctrl-ascenty-osasco-p01,controle,ascenty-osasco,2019,-1,pre,vegetacao_rala,24.86
ctrl-ascenty-osasco-p01,controle,ascenty-osasco,2020,0,durante,agua,0.7085
ctrl-ascenty-osasco-p01,controle,ascenty-osasco,2020,0,durante,construida_urbana,49.1441
ctrl-ascenty-osasco-p01,controle,ascenty-osasco,2020,0,durante,solo_exposto_obras,1.0817999999999999
ctrl-ascenty-osasco-p01,controle,ascenty-osasco,2020,0,durante,vegetacao_densa,22.3535
ctrl-ascenty-osasco-p01,controle,ascenty-osasco,2020,0,durante,vegetacao_rala,26.7121
ctrl-ascenty-osasco-p01,controle,ascenty-osasco,2021,1,durante,agua,0.5048
ctrl-ascenty-osasco-p01,controle,ascenty-osasco,2021,1,durante,construida_urbana,51.477700000000006
ctrl-ascenty-osasco-p01,controle,ascenty-osasco,2021,1,durante,solo_exposto_obras,1.4364
ctrl-ascenty-osasco-p01,controle,ascenty-osasco,2021,1,durante,vegetacao_densa,22.6634
ctrl-ascenty-osasco-p01,controle,ascenty-osasco,2021,1,durante,vegetacao_rala,23.9178
ctrl-ascenty-osasco-p01,controle,ascenty-osasco,2022,2,durante,agua,0.5014000000000001
ctrl-ascenty-osasco-p01,controle,ascenty-osasco,2022,2,durante,construida_urbana,51.4127
ctrl-ascenty-osasco-p01,controle,ascenty-osasco,2022,2,durante,solo_exposto_obras,0.9489
ctrl-ascenty-osasco-p01,controle,ascenty-osasco,2022,2,durante,vegetacao_densa,21.5585
ctrl-ascenty-osasco-p01,controle,ascenty-osasco,2022,2,durante,vegetacao_rala,25.5785
ctrl-ascenty-osasco-p01,controle,ascenty-osasco,2023,3,durante,agua,0.5205000000000001
ctrl-ascenty-osasco-p01,controle,ascenty-osasco,2023,3,durante,construida_urbana,49.695299999999996
ctrl-ascenty-osasco-p01,controle,ascenty-osasco,2023,3,durante,solo_exposto_obras,0.5477
ctrl-ascenty-osasco-p01,controle,ascenty-osasco,2023,3,durante,vegetacao_densa,24.5388
ctrl-ascenty-osasco-p01,controle,ascenty-osasco,2023,3,durante,vegetacao_rala,24.6978
ctrl-ascenty-paulinia-p02,controle,ascenty-paulinia,2016,-3,pre,agua,4.8621
ctrl-ascenty-paulinia-p02,controle,ascenty-paulinia,2016,-3,pre,construida_urbana,37.651
ctrl-ascenty-paulinia-p02,controle,ascenty-paulinia,2016,-3,pre,solo_exposto_obras,0.8274
ctrl-ascenty-paulinia-p02,controle,ascenty-paulinia,2016,-3,pre,vegetacao_densa,9.5979
ctrl-ascenty-paulinia-p02,controle,ascenty-paulinia,2016,-3,pre,vegetacao_rala,47.0616
ctrl-ascenty-paulinia-p02,controle,ascenty-paulinia,2017,-2,pre,agua,4.4328
ctrl-ascenty-paulinia-p02,controle,ascenty-paulinia,2017,-2,pre,construida_urbana,37.711099999999995
ctrl-ascenty-paulinia-p02,controle,ascenty-paulinia,2017,-2,pre,solo_exposto_obras,0.6096
ctrl-ascenty-paulinia-p02,controle,ascenty-paulinia,2017,-2,pre,vegetacao_densa,8.901399999999999
ctrl-ascenty-paulinia-p02,controle,ascenty-paulinia,2017,-2,pre,vegetacao_rala,48.3452
ctrl-ascenty-paulinia-p02,controle,ascenty-paulinia,2018,-1,pre,agua,2.7968
ctrl-ascenty-paulinia-p02,controle,ascenty-paulinia,2018,-1,pre,construida_urbana,38.223
ctrl-ascenty-paulinia-p02,controle,ascenty-paulinia,2018,-1,pre,solo_exposto_obras,0.7224999999999999
ctrl-ascenty-paulinia-p02,controle,ascenty-paulinia,2018,-1,pre,vegetacao_densa,10.6458
ctrl-ascenty-paulinia-p02,controle,ascenty-paulinia,2018,-1,pre,vegetacao_rala,47.612
ctrl-ascenty-paulinia-p02,controle,ascenty-paulinia,2019,0,durante,agua,4.1549000000000005
ctrl-ascenty-paulinia-p02,controle,ascenty-paulinia,2019,0,durante,construida_urbana,39.1687
ctrl-ascenty-paulinia-p02,controle,ascenty-paulinia,2019,0,durante,solo_exposto_obras,0.5943
ctrl-ascenty-paulinia-p02,controle,ascenty-paulinia,2019,0,durante,vegetacao_densa,12.21
ctrl-ascenty-paulinia-p02,controle,ascenty-paulinia,2019,0,durante,vegetacao_rala,43.8721
ctrl-ascenty-paulinia-p02,controle,ascenty-paulinia,2020,1,pos,agua,4.1504
ctrl-ascenty-paulinia-p02,controle,ascenty-paulinia,2020,1,pos,construida_urbana,38.5501
ctrl-ascenty-paulinia-p02,controle,ascenty-paulinia,2020,1,pos,solo_exposto_obras,0.6149
ctrl-ascenty-paulinia-p02,controle,ascenty-paulinia,2020,1,pos,vegetacao_densa,9.164
ctrl-ascenty-paulinia-p02,controle,ascenty-paulinia,2020,1,pos,vegetacao_rala,47.5205
ctrl-ascenty-paulinia-p02,controle,ascenty-paulinia,2021,2,pos,agua,4.0231
ctrl-ascenty-paulinia-p02,controle,ascenty-paulinia,2021,2,pos,construida_urbana,43.5082
ctrl-ascenty-paulinia-p02,controle,ascenty-paulinia,2021,2,pos,solo_exposto_obras,0.7565999999999999
ctrl-ascenty-paulinia-p02,controle,ascenty-paulinia,2021,2,pos,vegetacao_densa,5.0172
ctrl-ascenty-paulinia-p02,controle,ascenty-paulinia,2021,2,pos,vegetacao_rala,46.6949
ctrl-ascenty-paulinia-p02,controle,ascenty-paulinia,2022,3,pos,agua,4.2624
ctrl-ascenty-paulinia-p02,controle,ascenty-paulinia,2022,3,pos,construida_urbana,39.3973
ctrl-ascenty-paulinia-p02,controle,ascenty-paulinia,2022,3,pos,solo_exposto_obras,0.7368
ctrl-ascenty-paulinia-p02,controle,ascenty-paulinia,2022,3,pos,vegetacao_densa,7.069100000000001
ctrl-ascenty-paulinia-p02,controle,ascenty-paulinia,2022,3,pos,vegetacao_rala,48.5344
ctrl-ascenty-sumare-p01,controle,ascenty-sumare,2014,-3,pre,agua,0.8229
ctrl-ascenty-sumare-p01,controle,ascenty-sumare,2014,-3,pre,construida_urbana,28.4153
ctrl-ascenty-sumare-p01,controle,ascenty-sumare,2014,-3,pre,solo_exposto_obras,0.8552000000000001
ctrl-ascenty-sumare-p01,controle,ascenty-sumare,2014,-3,pre,vegetacao_densa,8.1251
ctrl-ascenty-sumare-p01,controle,ascenty-sumare,2014,-3,pre,vegetacao_rala,61.7815
ctrl-ascenty-sumare-p01,controle,ascenty-sumare,2015,-2,pre,agua,1.0246
ctrl-ascenty-sumare-p01,controle,ascenty-sumare,2015,-2,pre,construida_urbana,25.9009
ctrl-ascenty-sumare-p01,controle,ascenty-sumare,2015,-2,pre,solo_exposto_obras,0.4948
ctrl-ascenty-sumare-p01,controle,ascenty-sumare,2015,-2,pre,vegetacao_densa,12.9029
ctrl-ascenty-sumare-p01,controle,ascenty-sumare,2015,-2,pre,vegetacao_rala,59.6768
ctrl-ascenty-sumare-p01,controle,ascenty-sumare,2016,-1,pre,agua,1.1948999999999999
ctrl-ascenty-sumare-p01,controle,ascenty-sumare,2016,-1,pre,construida_urbana,28.2002
ctrl-ascenty-sumare-p01,controle,ascenty-sumare,2016,-1,pre,solo_exposto_obras,0.407
ctrl-ascenty-sumare-p01,controle,ascenty-sumare,2016,-1,pre,vegetacao_densa,9.4455
ctrl-ascenty-sumare-p01,controle,ascenty-sumare,2016,-1,pre,vegetacao_rala,60.752399999999994
ctrl-ascenty-sumare-p01,controle,ascenty-sumare,2017,0,durante,agua,1.1769999999999998
ctrl-ascenty-sumare-p01,controle,ascenty-sumare,2017,0,durante,construida_urbana,30.2548
ctrl-ascenty-sumare-p01,controle,ascenty-sumare,2017,0,durante,solo_exposto_obras,1.1528
ctrl-ascenty-sumare-p01,controle,ascenty-sumare,2017,0,durante,vegetacao_densa,9.1353
ctrl-ascenty-sumare-p01,controle,ascenty-sumare,2017,0,durante,vegetacao_rala,58.280100000000004
ctrl-ascenty-sumare-p01,controle,ascenty-sumare,2018,1,durante,agua,1.1842
ctrl-ascenty-sumare-p01,controle,ascenty-sumare,2018,1,durante,construida_urbana,28.6654
ctrl-ascenty-sumare-p01,controle,ascenty-sumare,2018,1,durante,solo_exposto_obras,0.658
ctrl-ascenty-sumare-p01,controle,ascenty-sumare,2018,1,durante,vegetacao_densa,8.6217
ctrl-ascenty-sumare-p01,controle,ascenty-sumare,2018,1,durante,vegetacao_rala,60.8708
ctrl-ascenty-sumare-p01,controle,ascenty-sumare,2019,2,durante,agua,1.2317
ctrl-ascenty-sumare-p01,controle,ascenty-sumare,2019,2,durante,construida_urbana,27.378200000000003
ctrl-ascenty-sumare-p01,controle,ascenty-sumare,2019,2,durante,solo_exposto_obras,0.2967
ctrl-ascenty-sumare-p01,controle,ascenty-sumare,2019,2,durante,vegetacao_densa,15.915799999999999
ctrl-ascenty-sumare-p01,controle,ascenty-sumare,2019,2,durante,vegetacao_rala,55.177699999999994
ctrl-ascenty-sumare-p01,controle,ascenty-sumare,2020,3,pos,agua,1.1877
ctrl-ascenty-sumare-p01,controle,ascenty-sumare,2020,3,pos,construida_urbana,28.9442
ctrl-ascenty-sumare-p01,controle,ascenty-sumare,2020,3,pos,solo_exposto_obras,0.5558
ctrl-ascenty-sumare-p01,controle,ascenty-sumare,2020,3,pos,vegetacao_densa,10.4674
ctrl-ascenty-sumare-p01,controle,ascenty-sumare,2020,3,pos,vegetacao_rala,58.8449
ctrl-ascenty-vinhedo-p02,controle,ascenty-vinhedo,2016,-3,pre,agua,1.2899
ctrl-ascenty-vinhedo-p02,controle,ascenty-vinhedo,2016,-3,pre,construida_urbana,23.46
ctrl-ascenty-vinhedo-p02,controle,ascenty-vinhedo,2016,-3,pre,solo_exposto_obras,0.6678
ctrl-ascenty-vinhedo-p02,controle,ascenty-vinhedo,2016,-3,pre,vegetacao_densa,9.4984
ctrl-ascenty-vinhedo-p02,controle,ascenty-vinhedo,2016,-3,pre,vegetacao_rala,65.0839
ctrl-ascenty-vinhedo-p02,controle,ascenty-vinhedo,2017,-2,pre,agua,1.1438
ctrl-ascenty-vinhedo-p02,controle,ascenty-vinhedo,2017,-2,pre,construida_urbana,25.3765
ctrl-ascenty-vinhedo-p02,controle,ascenty-vinhedo,2017,-2,pre,solo_exposto_obras,0.7377
ctrl-ascenty-vinhedo-p02,controle,ascenty-vinhedo,2017,-2,pre,vegetacao_densa,8.3886
ctrl-ascenty-vinhedo-p02,controle,ascenty-vinhedo,2017,-2,pre,vegetacao_rala,64.3533
ctrl-ascenty-vinhedo-p02,controle,ascenty-vinhedo,2018,-1,pre,agua,1.0857
ctrl-ascenty-vinhedo-p02,controle,ascenty-vinhedo,2018,-1,pre,construida_urbana,23.5041
ctrl-ascenty-vinhedo-p02,controle,ascenty-vinhedo,2018,-1,pre,solo_exposto_obras,0.6308
ctrl-ascenty-vinhedo-p02,controle,ascenty-vinhedo,2018,-1,pre,vegetacao_densa,9.598700000000001
ctrl-ascenty-vinhedo-p02,controle,ascenty-vinhedo,2018,-1,pre,vegetacao_rala,65.1808
ctrl-ascenty-vinhedo-p02,controle,ascenty-vinhedo,2019,0,durante,agua,1.1311
ctrl-ascenty-vinhedo-p02,controle,ascenty-vinhedo,2019,0,durante,construida_urbana,21.1439
ctrl-ascenty-vinhedo-p02,controle,ascenty-vinhedo,2019,0,durante,solo_exposto_obras,0.45510000000000006
ctrl-ascenty-vinhedo-p02,controle,ascenty-vinhedo,2019,0,durante,vegetacao_densa,13.1668
ctrl-ascenty-vinhedo-p02,controle,ascenty-vinhedo,2019,0,durante,vegetacao_rala,64.1031
ctrl-ascenty-vinhedo-p02,controle,ascenty-vinhedo,2020,1,durante,agua,1.0863
ctrl-ascenty-vinhedo-p02,controle,ascenty-vinhedo,2020,1,durante,construida_urbana,20.0311
ctrl-ascenty-vinhedo-p02,controle,ascenty-vinhedo,2020,1,durante,solo_exposto_obras,0.40850000000000003
ctrl-ascenty-vinhedo-p02,controle,ascenty-vinhedo,2020,1,durante,vegetacao_densa,14.510000000000002
ctrl-ascenty-vinhedo-p02,controle,ascenty-vinhedo,2020,1,durante,vegetacao_rala,63.964200000000005
ctrl-ascenty-vinhedo-p02,controle,ascenty-vinhedo,2021,2,pos,agua,0.9261999999999999
ctrl-ascenty-vinhedo-p02,controle,ascenty-vinhedo,2021,2,pos,construida_urbana,25.358900000000002
ctrl-ascenty-vinhedo-p02,controle,ascenty-vinhedo,2021,2,pos,solo_exposto_obras,0.6142
ctrl-ascenty-vinhedo-p02,controle,ascenty-vinhedo,2021,2,pos,vegetacao_densa,4.7099
ctrl-ascenty-vinhedo-p02,controle,ascenty-vinhedo,2021,2,pos,vegetacao_rala,68.3909
ctrl-ascenty-vinhedo-p02,controle,ascenty-vinhedo,2022,3,pos,agua,1.0078
ctrl-ascenty-vinhedo-p02,controle,ascenty-vinhedo,2022,3,pos,construida_urbana,25.076900000000002
ctrl-ascenty-vinhedo-p02,controle,ascenty-vinhedo,2022,3,pos,solo_exposto_obras,0.5747
ctrl-ascenty-vinhedo-p02,controle,ascenty-vinhedo,2022,3,pos,vegetacao_densa,11.162600000000001
ctrl-ascenty-vinhedo-p02,controle,ascenty-vinhedo,2022,3,pos,vegetacao_rala,62.178
ctrl-clickip-manaus-p01,controle,clickip-manaus,2020,-3,pre,agua,4.1732
ctrl-clickip-manaus-p01,controle,clickip-manaus,2020,-3,pre,construida_urbana,0.6956
ctrl-clickip-manaus-p01,controle,clickip-manaus,2020,-3,pre,solo_exposto_obras,0.7636000000000001
ctrl-clickip-manaus-p01,controle,clickip-manaus,2020,-3,pre,vegetacao_densa,67.6382
ctrl-clickip-manaus-p01,controle,clickip-manaus,2020,-3,pre,vegetacao_rala,26.7294
ctrl-clickip-manaus-p01,controle,clickip-manaus,2021,-2,pre,agua,4.6758
ctrl-clickip-manaus-p01,controle,clickip-manaus,2021,-2,pre,construida_urbana,0.7000000000000001
ctrl-clickip-manaus-p01,controle,clickip-manaus,2021,-2,pre,solo_exposto_obras,0.7202
ctrl-clickip-manaus-p01,controle,clickip-manaus,2021,-2,pre,vegetacao_densa,66.84870000000001
ctrl-clickip-manaus-p01,controle,clickip-manaus,2021,-2,pre,vegetacao_rala,27.0553
ctrl-clickip-manaus-p01,controle,clickip-manaus,2022,-1,pre,agua,4.1895
ctrl-clickip-manaus-p01,controle,clickip-manaus,2022,-1,pre,construida_urbana,0.9058
ctrl-clickip-manaus-p01,controle,clickip-manaus,2022,-1,pre,solo_exposto_obras,0.9403
ctrl-clickip-manaus-p01,controle,clickip-manaus,2022,-1,pre,vegetacao_densa,66.8783
ctrl-clickip-manaus-p01,controle,clickip-manaus,2022,-1,pre,vegetacao_rala,27.086
ctrl-clickip-manaus-p01,controle,clickip-manaus,2023,0,durante,agua,3.9485
ctrl-clickip-manaus-p01,controle,clickip-manaus,2023,0,durante,construida_urbana,0.972
ctrl-clickip-manaus-p01,controle,clickip-manaus,2023,0,durante,solo_exposto_obras,0.8257000000000001
ctrl-clickip-manaus-p01,controle,clickip-manaus,2023,0,durante,vegetacao_densa,66.03229999999999
ctrl-clickip-manaus-p01,controle,clickip-manaus,2023,0,durante,vegetacao_rala,28.2215
ctrl-clickip-manaus-p01,controle,clickip-manaus,2024,1,durante,agua,3.5703
ctrl-clickip-manaus-p01,controle,clickip-manaus,2024,1,durante,construida_urbana,1.1407
ctrl-clickip-manaus-p01,controle,clickip-manaus,2024,1,durante,solo_exposto_obras,1.0771
ctrl-clickip-manaus-p01,controle,clickip-manaus,2024,1,durante,vegetacao_densa,65.76419999999999
ctrl-clickip-manaus-p01,controle,clickip-manaus,2024,1,durante,vegetacao_rala,28.447699999999998
ctrl-clickip-manaus-p01,controle,clickip-manaus,2025,2,pos,agua,4.4107
ctrl-clickip-manaus-p01,controle,clickip-manaus,2025,2,pos,construida_urbana,0.9299999999999999
ctrl-clickip-manaus-p01,controle,clickip-manaus,2025,2,pos,solo_exposto_obras,0.6930999999999999
ctrl-clickip-manaus-p01,controle,clickip-manaus,2025,2,pos,vegetacao_densa,71.35040000000001
ctrl-clickip-manaus-p01,controle,clickip-manaus,2025,2,pos,vegetacao_rala,22.6157
ctrl-equinix-santana-parnaiba-p01,controle,equinix-santana-parnaiba,2017,-3,pre,agua,0.1587
ctrl-equinix-santana-parnaiba-p01,controle,equinix-santana-parnaiba,2017,-3,pre,construida_urbana,12.239700000000001
ctrl-equinix-santana-parnaiba-p01,controle,equinix-santana-parnaiba,2017,-3,pre,solo_exposto_obras,0.6759000000000001
ctrl-equinix-santana-parnaiba-p01,controle,equinix-santana-parnaiba,2017,-3,pre,vegetacao_densa,53.90279999999999
ctrl-equinix-santana-parnaiba-p01,controle,equinix-santana-parnaiba,2017,-3,pre,vegetacao_rala,33.0229
ctrl-equinix-santana-parnaiba-p01,controle,equinix-santana-parnaiba,2018,-2,pre,agua,0.1619
ctrl-equinix-santana-parnaiba-p01,controle,equinix-santana-parnaiba,2018,-2,pre,construida_urbana,11.8368
ctrl-equinix-santana-parnaiba-p01,controle,equinix-santana-parnaiba,2018,-2,pre,solo_exposto_obras,0.7832
ctrl-equinix-santana-parnaiba-p01,controle,equinix-santana-parnaiba,2018,-2,pre,vegetacao_densa,54.596199999999996
ctrl-equinix-santana-parnaiba-p01,controle,equinix-santana-parnaiba,2018,-2,pre,vegetacao_rala,32.6219
ctrl-equinix-santana-parnaiba-p01,controle,equinix-santana-parnaiba,2019,-1,pre,agua,0.1847
ctrl-equinix-santana-parnaiba-p01,controle,equinix-santana-parnaiba,2019,-1,pre,construida_urbana,11.5557
ctrl-equinix-santana-parnaiba-p01,controle,equinix-santana-parnaiba,2019,-1,pre,solo_exposto_obras,0.7512
ctrl-equinix-santana-parnaiba-p01,controle,equinix-santana-parnaiba,2019,-1,pre,vegetacao_densa,59.1323
ctrl-equinix-santana-parnaiba-p01,controle,equinix-santana-parnaiba,2019,-1,pre,vegetacao_rala,28.376099999999997
ctrl-equinix-santana-parnaiba-p01,controle,equinix-santana-parnaiba,2020,0,durante,agua,0.2425
ctrl-equinix-santana-parnaiba-p01,controle,equinix-santana-parnaiba,2020,0,durante,construida_urbana,11.8891
ctrl-equinix-santana-parnaiba-p01,controle,equinix-santana-parnaiba,2020,0,durante,solo_exposto_obras,0.7401
ctrl-equinix-santana-parnaiba-p01,controle,equinix-santana-parnaiba,2020,0,durante,vegetacao_densa,59.383399999999995
ctrl-equinix-santana-parnaiba-p01,controle,equinix-santana-parnaiba,2020,0,durante,vegetacao_rala,27.744799999999998
ctrl-equinix-santana-parnaiba-p01,controle,equinix-santana-parnaiba,2021,1,durante,agua,0.1805
ctrl-equinix-santana-parnaiba-p01,controle,equinix-santana-parnaiba,2021,1,durante,construida_urbana,14.4972
ctrl-equinix-santana-parnaiba-p01,controle,equinix-santana-parnaiba,2021,1,durante,solo_exposto_obras,0.9553
ctrl-equinix-santana-parnaiba-p01,controle,equinix-santana-parnaiba,2021,1,durante,vegetacao_densa,50.390100000000004
ctrl-equinix-santana-parnaiba-p01,controle,equinix-santana-parnaiba,2021,1,durante,vegetacao_rala,33.976800000000004
ctrl-equinix-santana-parnaiba-p01,controle,equinix-santana-parnaiba,2022,2,pos,agua,0.2409
ctrl-equinix-santana-parnaiba-p01,controle,equinix-santana-parnaiba,2022,2,pos,construida_urbana,14.496
ctrl-equinix-santana-parnaiba-p01,controle,equinix-santana-parnaiba,2022,2,pos,solo_exposto_obras,0.6471
ctrl-equinix-santana-parnaiba-p01,controle,equinix-santana-parnaiba,2022,2,pos,vegetacao_densa,54.4459
ctrl-equinix-santana-parnaiba-p01,controle,equinix-santana-parnaiba,2022,2,pos,vegetacao_rala,30.1702
ctrl-equinix-santana-parnaiba-p01,controle,equinix-santana-parnaiba,2023,3,pos,agua,0.22799999999999998
ctrl-equinix-santana-parnaiba-p01,controle,equinix-santana-parnaiba,2023,3,pos,construida_urbana,14.126800000000001
ctrl-equinix-santana-parnaiba-p01,controle,equinix-santana-parnaiba,2023,3,pos,solo_exposto_obras,0.8742
ctrl-equinix-santana-parnaiba-p01,controle,equinix-santana-parnaiba,2023,3,pos,vegetacao_densa,57.051300000000005
ctrl-equinix-santana-parnaiba-p01,controle,equinix-santana-parnaiba,2023,3,pos,vegetacao_rala,27.7196
ctrl-everest-goiania-p01,controle,everest-goiania,2018,-3,pre,agua,0.23609999999999998
ctrl-everest-goiania-p01,controle,everest-goiania,2018,-3,pre,construida_urbana,26.395200000000003
ctrl-everest-goiania-p01,controle,everest-goiania,2018,-3,pre,solo_exposto_obras,1.1593
ctrl-everest-goiania-p01,controle,everest-goiania,2018,-3,pre,vegetacao_densa,12.593499999999999
ctrl-everest-goiania-p01,controle,everest-goiania,2018,-3,pre,vegetacao_rala,59.616
ctrl-everest-goiania-p01,controle,everest-goiania,2019,-2,pre,agua,0.2646
ctrl-everest-goiania-p01,controle,everest-goiania,2019,-2,pre,construida_urbana,32.254
ctrl-everest-goiania-p01,controle,everest-goiania,2019,-2,pre,solo_exposto_obras,1.17
ctrl-everest-goiania-p01,controle,everest-goiania,2019,-2,pre,vegetacao_densa,10.8505
ctrl-everest-goiania-p01,controle,everest-goiania,2019,-2,pre,vegetacao_rala,55.4609
ctrl-everest-goiania-p01,controle,everest-goiania,2020,-1,pre,agua,0.23609999999999998
ctrl-everest-goiania-p01,controle,everest-goiania,2020,-1,pre,construida_urbana,28.5756
ctrl-everest-goiania-p01,controle,everest-goiania,2020,-1,pre,solo_exposto_obras,1.1272
ctrl-everest-goiania-p01,controle,everest-goiania,2020,-1,pre,vegetacao_densa,13.849
ctrl-everest-goiania-p01,controle,everest-goiania,2020,-1,pre,vegetacao_rala,56.2121
ctrl-everest-goiania-p01,controle,everest-goiania,2021,0,durante,agua,0.22100000000000003
ctrl-everest-goiania-p01,controle,everest-goiania,2021,0,durante,construida_urbana,31.1357
ctrl-everest-goiania-p01,controle,everest-goiania,2021,0,durante,solo_exposto_obras,1.3295
ctrl-everest-goiania-p01,controle,everest-goiania,2021,0,durante,vegetacao_densa,10.8256
ctrl-everest-goiania-p01,controle,everest-goiania,2021,0,durante,vegetacao_rala,56.4883
ctrl-everest-goiania-p01,controle,everest-goiania,2022,1,durante,agua,0.23170000000000002
ctrl-everest-goiania-p01,controle,everest-goiania,2022,1,durante,construida_urbana,33.968399999999995
ctrl-everest-goiania-p01,controle,everest-goiania,2022,1,durante,solo_exposto_obras,1.6484999999999999
ctrl-everest-goiania-p01,controle,everest-goiania,2022,1,durante,vegetacao_densa,8.5337
ctrl-everest-goiania-p01,controle,everest-goiania,2022,1,durante,vegetacao_rala,55.617700000000006
ctrl-everest-goiania-p01,controle,everest-goiania,2023,2,durante,agua,0.2557
ctrl-everest-goiania-p01,controle,everest-goiania,2023,2,durante,construida_urbana,27.328999999999997
ctrl-everest-goiania-p01,controle,everest-goiania,2023,2,durante,solo_exposto_obras,0.7938999999999999
ctrl-everest-goiania-p01,controle,everest-goiania,2023,2,durante,vegetacao_densa,11.808399999999999
ctrl-everest-goiania-p01,controle,everest-goiania,2023,2,durante,vegetacao_rala,59.8129
ctrl-everest-goiania-p01,controle,everest-goiania,2024,3,pos,agua,0.23609999999999998
ctrl-everest-goiania-p01,controle,everest-goiania,2024,3,pos,construida_urbana,37.135200000000005
ctrl-everest-goiania-p01,controle,everest-goiania,2024,3,pos,solo_exposto_obras,1.6119
ctrl-everest-goiania-p01,controle,everest-goiania,2024,3,pos,vegetacao_densa,9.726899999999999
ctrl-everest-goiania-p01,controle,everest-goiania,2024,3,pos,vegetacao_rala,51.2898
ctrl-hostdime-joao-pessoa-p01,controle,hostdime-joao-pessoa,2014,-3,pre,agua,32.3901
ctrl-hostdime-joao-pessoa-p01,controle,hostdime-joao-pessoa,2014,-3,pre,construida_urbana,9.2651
ctrl-hostdime-joao-pessoa-p01,controle,hostdime-joao-pessoa,2014,-3,pre,solo_exposto_obras,0.3132
ctrl-hostdime-joao-pessoa-p01,controle,hostdime-joao-pessoa,2014,-3,pre,vegetacao_densa,21.498900000000003
ctrl-hostdime-joao-pessoa-p01,controle,hostdime-joao-pessoa,2014,-3,pre,vegetacao_rala,36.5327
ctrl-hostdime-joao-pessoa-p01,controle,hostdime-joao-pessoa,2015,-2,pre,agua,32.4529
ctrl-hostdime-joao-pessoa-p01,controle,hostdime-joao-pessoa,2015,-2,pre,construida_urbana,13.186200000000001
ctrl-hostdime-joao-pessoa-p01,controle,hostdime-joao-pessoa,2015,-2,pre,solo_exposto_obras,0.6608
ctrl-hostdime-joao-pessoa-p01,controle,hostdime-joao-pessoa,2015,-2,pre,vegetacao_densa,16.1139
ctrl-hostdime-joao-pessoa-p01,controle,hostdime-joao-pessoa,2015,-2,pre,vegetacao_rala,37.5862
ctrl-hostdime-joao-pessoa-p01,controle,hostdime-joao-pessoa,2016,-1,pre,agua,32.7387
ctrl-hostdime-joao-pessoa-p01,controle,hostdime-joao-pessoa,2016,-1,pre,construida_urbana,12.2528
ctrl-hostdime-joao-pessoa-p01,controle,hostdime-joao-pessoa,2016,-1,pre,solo_exposto_obras,0.696
ctrl-hostdime-joao-pessoa-p01,controle,hostdime-joao-pessoa,2016,-1,pre,vegetacao_densa,16.1346
ctrl-hostdime-joao-pessoa-p01,controle,hostdime-joao-pessoa,2016,-1,pre,vegetacao_rala,38.1778
ctrl-hostdime-joao-pessoa-p01,controle,hostdime-joao-pessoa,2017,0,durante,agua,31.6549
ctrl-hostdime-joao-pessoa-p01,controle,hostdime-joao-pessoa,2017,0,durante,construida_urbana,10.6649
ctrl-hostdime-joao-pessoa-p01,controle,hostdime-joao-pessoa,2017,0,durante,solo_exposto_obras,0.4752
ctrl-hostdime-joao-pessoa-p01,controle,hostdime-joao-pessoa,2017,0,durante,vegetacao_densa,20.4182
ctrl-hostdime-joao-pessoa-p01,controle,hostdime-joao-pessoa,2017,0,durante,vegetacao_rala,36.7868
ctrl-hostdime-joao-pessoa-p01,controle,hostdime-joao-pessoa,2018,1,pos,agua,32.15
ctrl-hostdime-joao-pessoa-p01,controle,hostdime-joao-pessoa,2018,1,pos,construida_urbana,13.032499999999999
ctrl-hostdime-joao-pessoa-p01,controle,hostdime-joao-pessoa,2018,1,pos,solo_exposto_obras,0.5917
ctrl-hostdime-joao-pessoa-p01,controle,hostdime-joao-pessoa,2018,1,pos,vegetacao_densa,15.5972
ctrl-hostdime-joao-pessoa-p01,controle,hostdime-joao-pessoa,2018,1,pos,vegetacao_rala,38.6286
ctrl-hostdime-joao-pessoa-p01,controle,hostdime-joao-pessoa,2019,2,pos,agua,32.1882
ctrl-hostdime-joao-pessoa-p01,controle,hostdime-joao-pessoa,2019,2,pos,construida_urbana,13.5827
ctrl-hostdime-joao-pessoa-p01,controle,hostdime-joao-pessoa,2019,2,pos,solo_exposto_obras,0.7369
ctrl-hostdime-joao-pessoa-p01,controle,hostdime-joao-pessoa,2019,2,pos,vegetacao_densa,16.1783
ctrl-hostdime-joao-pessoa-p01,controle,hostdime-joao-pessoa,2019,2,pos,vegetacao_rala,37.3138
ctrl-hostdime-joao-pessoa-p01,controle,hostdime-joao-pessoa,2020,3,pos,agua,33.339800000000004
ctrl-hostdime-joao-pessoa-p01,controle,hostdime-joao-pessoa,2020,3,pos,construida_urbana,12.7103
ctrl-hostdime-joao-pessoa-p01,controle,hostdime-joao-pessoa,2020,3,pos,solo_exposto_obras,0.5087
ctrl-hostdime-joao-pessoa-p01,controle,hostdime-joao-pessoa,2020,3,pos,vegetacao_densa,14.8751
ctrl-hostdime-joao-pessoa-p01,controle,hostdime-joao-pessoa,2020,3,pos,vegetacao_rala,38.5662
ctrl-scala-sgigsm01-p01,controle,scala-sgigsm01,2019,-3,pre,agua,0.1771
ctrl-scala-sgigsm01-p01,controle,scala-sgigsm01,2019,-3,pre,construida_urbana,39.0788
ctrl-scala-sgigsm01-p01,controle,scala-sgigsm01,2019,-3,pre,solo_exposto_obras,6.6175
ctrl-scala-sgigsm01-p01,controle,scala-sgigsm01,2019,-3,pre,vegetacao_densa,23.5903
ctrl-scala-sgigsm01-p01,controle,scala-sgigsm01,2019,-3,pre,vegetacao_rala,30.5362
ctrl-scala-sgigsm01-p01,controle,scala-sgigsm01,2020,-2,pre,agua,0.1965
ctrl-scala-sgigsm01-p01,controle,scala-sgigsm01,2020,-2,pre,construida_urbana,41.4067
ctrl-scala-sgigsm01-p01,controle,scala-sgigsm01,2020,-2,pre,solo_exposto_obras,6.2937
ctrl-scala-sgigsm01-p01,controle,scala-sgigsm01,2020,-2,pre,vegetacao_densa,21.3729
ctrl-scala-sgigsm01-p01,controle,scala-sgigsm01,2020,-2,pre,vegetacao_rala,30.730200000000004
ctrl-scala-sgigsm01-p01,controle,scala-sgigsm01,2021,-1,pre,agua,0.0973
ctrl-scala-sgigsm01-p01,controle,scala-sgigsm01,2021,-1,pre,construida_urbana,40.5036
ctrl-scala-sgigsm01-p01,controle,scala-sgigsm01,2021,-1,pre,solo_exposto_obras,6.212
ctrl-scala-sgigsm01-p01,controle,scala-sgigsm01,2021,-1,pre,vegetacao_densa,19.666800000000002
ctrl-scala-sgigsm01-p01,controle,scala-sgigsm01,2021,-1,pre,vegetacao_rala,33.5203
ctrl-scala-sgigsm01-p01,controle,scala-sgigsm01,2022,0,durante,agua,0.1727
ctrl-scala-sgigsm01-p01,controle,scala-sgigsm01,2022,0,durante,construida_urbana,38.7559
ctrl-scala-sgigsm01-p01,controle,scala-sgigsm01,2022,0,durante,solo_exposto_obras,4.7389
ctrl-scala-sgigsm01-p01,controle,scala-sgigsm01,2022,0,durante,vegetacao_densa,27.6322
ctrl-scala-sgigsm01-p01,controle,scala-sgigsm01,2022,0,durante,vegetacao_rala,28.700300000000002
ctrl-scala-sgigsm01-p01,controle,scala-sgigsm01,2023,1,durante,agua,0.241
ctrl-scala-sgigsm01-p01,controle,scala-sgigsm01,2023,1,durante,construida_urbana,42.064099999999996
ctrl-scala-sgigsm01-p01,controle,scala-sgigsm01,2023,1,durante,solo_exposto_obras,5.7304
ctrl-scala-sgigsm01-p01,controle,scala-sgigsm01,2023,1,durante,vegetacao_densa,24.6247
ctrl-scala-sgigsm01-p01,controle,scala-sgigsm01,2023,1,durante,vegetacao_rala,27.339799999999997
ctrl-scala-sgigsm01-p01,controle,scala-sgigsm01,2024,2,pos,agua,0.0796
ctrl-scala-sgigsm01-p01,controle,scala-sgigsm01,2024,2,pos,construida_urbana,43.8005
ctrl-scala-sgigsm01-p01,controle,scala-sgigsm01,2024,2,pos,solo_exposto_obras,4.5735
ctrl-scala-sgigsm01-p01,controle,scala-sgigsm01,2024,2,pos,vegetacao_densa,20.028000000000002
ctrl-scala-sgigsm01-p01,controle,scala-sgigsm01,2024,2,pos,vegetacao_rala,31.518400000000003
ctrl-scala-sgigsm01-p01,controle,scala-sgigsm01,2025,3,pos,agua,0.1087
ctrl-scala-sgigsm01-p01,controle,scala-sgigsm01,2025,3,pos,construida_urbana,39.0195
ctrl-scala-sgigsm01-p01,controle,scala-sgigsm01,2025,3,pos,solo_exposto_obras,5.1235
ctrl-scala-sgigsm01-p01,controle,scala-sgigsm01,2025,3,pos,vegetacao_densa,25.291200000000003
ctrl-scala-sgigsm01-p01,controle,scala-sgigsm01,2025,3,pos,vegetacao_rala,30.457099999999997
ctrl-scala-spoapa01-p01,controle,scala-spoapa01,2020,-3,pre,agua,3.479
ctrl-scala-spoapa01-p01,controle,scala-spoapa01,2020,-3,pre,construida_urbana,30.920599999999997
ctrl-scala-spoapa01-p01,controle,scala-spoapa01,2020,-3,pre,solo_exposto_obras,14.2329
ctrl-scala-spoapa01-p01,controle,scala-spoapa01,2020,-3,pre,vegetacao_densa,27.972599999999996
ctrl-scala-spoapa01-p01,controle,scala-spoapa01,2020,-3,pre,vegetacao_rala,23.3949
ctrl-scala-spoapa01-p01,controle,scala-spoapa01,2021,-2,pre,agua,2.8007
ctrl-scala-spoapa01-p01,controle,scala-spoapa01,2021,-2,pre,construida_urbana,34.111599999999996
ctrl-scala-spoapa01-p01,controle,scala-spoapa01,2021,-2,pre,solo_exposto_obras,12.109399999999999
ctrl-scala-spoapa01-p01,controle,scala-spoapa01,2021,-2,pre,vegetacao_densa,28.1323
ctrl-scala-spoapa01-p01,controle,scala-spoapa01,2021,-2,pre,vegetacao_rala,22.846
ctrl-scala-spoapa01-p01,controle,scala-spoapa01,2022,-1,pre,agua,3.3125
ctrl-scala-spoapa01-p01,controle,scala-spoapa01,2022,-1,pre,construida_urbana,33.7048
ctrl-scala-spoapa01-p01,controle,scala-spoapa01,2022,-1,pre,solo_exposto_obras,11.4789
ctrl-scala-spoapa01-p01,controle,scala-spoapa01,2022,-1,pre,vegetacao_densa,31.2564
ctrl-scala-spoapa01-p01,controle,scala-spoapa01,2022,-1,pre,vegetacao_rala,20.247200000000003
ctrl-scala-spoapa01-p01,controle,scala-spoapa01,2023,0,durante,agua,3.1361
ctrl-scala-spoapa01-p01,controle,scala-spoapa01,2023,0,durante,construida_urbana,33.7025
ctrl-scala-spoapa01-p01,controle,scala-spoapa01,2023,0,durante,solo_exposto_obras,11.649099999999999
ctrl-scala-spoapa01-p01,controle,scala-spoapa01,2023,0,durante,vegetacao_densa,30.2016
ctrl-scala-spoapa01-p01,controle,scala-spoapa01,2023,0,durante,vegetacao_rala,21.3108
ctrl-scala-spoapa01-p01,controle,scala-spoapa01,2024,1,pos,agua,4.5367999999999995
ctrl-scala-spoapa01-p01,controle,scala-spoapa01,2024,1,pos,construida_urbana,36.5413
ctrl-scala-spoapa01-p01,controle,scala-spoapa01,2024,1,pos,solo_exposto_obras,8.9962
ctrl-scala-spoapa01-p01,controle,scala-spoapa01,2024,1,pos,vegetacao_densa,28.823
ctrl-scala-spoapa01-p01,controle,scala-spoapa01,2024,1,pos,vegetacao_rala,21.1027
ctrl-scala-spoapa01-p01,controle,scala-spoapa01,2025,2,pos,agua,4.8537
ctrl-scala-spoapa01-p01,controle,scala-spoapa01,2025,2,pos,construida_urbana,32.8715
ctrl-scala-spoapa01-p01,controle,scala-spoapa01,2025,2,pos,solo_exposto_obras,12.6494
ctrl-scala-spoapa01-p01,controle,scala-spoapa01,2025,2,pos,vegetacao_densa,29.9988
ctrl-scala-spoapa01-p01,controle,scala-spoapa01,2025,2,pos,vegetacao_rala,19.6267
ctrl-scala-tambore-p01,controle,scala-tambore,2018,-3,pre,agua,3.3174
ctrl-scala-tambore-p01,controle,scala-tambore,2018,-3,pre,construida_urbana,8.8688
ctrl-scala-tambore-p01,controle,scala-tambore,2018,-3,pre,solo_exposto_obras,0.8492
ctrl-scala-tambore-p01,controle,scala-tambore,2018,-3,pre,vegetacao_densa,44.6852
ctrl-scala-tambore-p01,controle,scala-tambore,2018,-3,pre,vegetacao_rala,42.2793
ctrl-scala-tambore-p01,controle,scala-tambore,2019,-2,pre,agua,3.7781000000000002
ctrl-scala-tambore-p01,controle,scala-tambore,2019,-2,pre,construida_urbana,6.5333000000000006
ctrl-scala-tambore-p01,controle,scala-tambore,2019,-2,pre,solo_exposto_obras,0.45890000000000003
ctrl-scala-tambore-p01,controle,scala-tambore,2019,-2,pre,vegetacao_densa,54.107400000000005
ctrl-scala-tambore-p01,controle,scala-tambore,2019,-2,pre,vegetacao_rala,35.1223
ctrl-scala-tambore-p01,controle,scala-tambore,2020,-1,pre,agua,3.7035
ctrl-scala-tambore-p01,controle,scala-tambore,2020,-1,pre,construida_urbana,7.0702
ctrl-scala-tambore-p01,controle,scala-tambore,2020,-1,pre,solo_exposto_obras,0.5543
ctrl-scala-tambore-p01,controle,scala-tambore,2020,-1,pre,vegetacao_densa,50.065099999999994
ctrl-scala-tambore-p01,controle,scala-tambore,2020,-1,pre,vegetacao_rala,38.607
ctrl-scala-tambore-p01,controle,scala-tambore,2021,0,durante,agua,3.0103
ctrl-scala-tambore-p01,controle,scala-tambore,2021,0,durante,construida_urbana,9.0014
ctrl-scala-tambore-p01,controle,scala-tambore,2021,0,durante,solo_exposto_obras,0.6709999999999999
ctrl-scala-tambore-p01,controle,scala-tambore,2021,0,durante,vegetacao_densa,44.596999999999994
ctrl-scala-tambore-p01,controle,scala-tambore,2021,0,durante,vegetacao_rala,42.7203
ctrl-scala-tambore-p01,controle,scala-tambore,2022,1,durante,agua,3.013
ctrl-scala-tambore-p01,controle,scala-tambore,2022,1,durante,construida_urbana,8.5153
ctrl-scala-tambore-p01,controle,scala-tambore,2022,1,durante,solo_exposto_obras,0.5459
ctrl-scala-tambore-p01,controle,scala-tambore,2022,1,durante,vegetacao_densa,42.8538
ctrl-scala-tambore-p01,controle,scala-tambore,2022,1,durante,vegetacao_rala,45.0721
ctrl-scala-tambore-p01,controle,scala-tambore,2023,2,durante,agua,4.2176
ctrl-scala-tambore-p01,controle,scala-tambore,2023,2,durante,construida_urbana,7.029100000000001
ctrl-scala-tambore-p01,controle,scala-tambore,2023,2,durante,solo_exposto_obras,0.5471
ctrl-scala-tambore-p01,controle,scala-tambore,2023,2,durante,vegetacao_densa,51.2248
ctrl-scala-tambore-p01,controle,scala-tambore,2023,2,durante,vegetacao_rala,36.9813
ctrl-scala-tambore-p01,controle,scala-tambore,2024,3,pos,agua,4.401999999999999
ctrl-scala-tambore-p01,controle,scala-tambore,2024,3,pos,construida_urbana,7.9887
ctrl-scala-tambore-p01,controle,scala-tambore,2024,3,pos,solo_exposto_obras,0.4821
ctrl-scala-tambore-p01,controle,scala-tambore,2024,3,pos,vegetacao_densa,48.4945
ctrl-scala-tambore-p01,controle,scala-tambore,2024,3,pos,vegetacao_rala,38.6327
equinix-santana-parnaiba,tratamento,equinix-santana-parnaiba,2017,-3,pre,agua,1.094
equinix-santana-parnaiba,tratamento,equinix-santana-parnaiba,2017,-3,pre,construida_urbana,39.9356
equinix-santana-parnaiba,tratamento,equinix-santana-parnaiba,2017,-3,pre,solo_exposto_obras,0.6775
equinix-santana-parnaiba,tratamento,equinix-santana-parnaiba,2017,-3,pre,vegetacao_densa,33.5219
equinix-santana-parnaiba,tratamento,equinix-santana-parnaiba,2017,-3,pre,vegetacao_rala,24.771
equinix-santana-parnaiba,tratamento,equinix-santana-parnaiba,2018,-2,pre,agua,1.0637
equinix-santana-parnaiba,tratamento,equinix-santana-parnaiba,2018,-2,pre,construida_urbana,39.7746
equinix-santana-parnaiba,tratamento,equinix-santana-parnaiba,2018,-2,pre,solo_exposto_obras,0.9117
equinix-santana-parnaiba,tratamento,equinix-santana-parnaiba,2018,-2,pre,vegetacao_densa,32.5569
equinix-santana-parnaiba,tratamento,equinix-santana-parnaiba,2018,-2,pre,vegetacao_rala,25.6932
equinix-santana-parnaiba,tratamento,equinix-santana-parnaiba,2019,-1,pre,agua,1.1493
equinix-santana-parnaiba,tratamento,equinix-santana-parnaiba,2019,-1,pre,construida_urbana,37.6682
equinix-santana-parnaiba,tratamento,equinix-santana-parnaiba,2019,-1,pre,solo_exposto_obras,0.7195
equinix-santana-parnaiba,tratamento,equinix-santana-parnaiba,2019,-1,pre,vegetacao_densa,37.121300000000005
equinix-santana-parnaiba,tratamento,equinix-santana-parnaiba,2019,-1,pre,vegetacao_rala,23.341700000000003
equinix-santana-parnaiba,tratamento,equinix-santana-parnaiba,2020,0,durante,agua,1.3157
equinix-santana-parnaiba,tratamento,equinix-santana-parnaiba,2020,0,durante,construida_urbana,39.2449
equinix-santana-parnaiba,tratamento,equinix-santana-parnaiba,2020,0,durante,solo_exposto_obras,0.6649999999999999
equinix-santana-parnaiba,tratamento,equinix-santana-parnaiba,2020,0,durante,vegetacao_densa,34.417500000000004
equinix-santana-parnaiba,tratamento,equinix-santana-parnaiba,2020,0,durante,vegetacao_rala,24.3569
equinix-santana-parnaiba,tratamento,equinix-santana-parnaiba,2021,1,durante,agua,1.086
equinix-santana-parnaiba,tratamento,equinix-santana-parnaiba,2021,1,durante,construida_urbana,41.6361
equinix-santana-parnaiba,tratamento,equinix-santana-parnaiba,2021,1,durante,solo_exposto_obras,0.8706
equinix-santana-parnaiba,tratamento,equinix-santana-parnaiba,2021,1,durante,vegetacao_densa,32.4779
equinix-santana-parnaiba,tratamento,equinix-santana-parnaiba,2021,1,durante,vegetacao_rala,23.9294
equinix-santana-parnaiba,tratamento,equinix-santana-parnaiba,2022,2,pos,agua,1.23
equinix-santana-parnaiba,tratamento,equinix-santana-parnaiba,2022,2,pos,construida_urbana,41.510000000000005
equinix-santana-parnaiba,tratamento,equinix-santana-parnaiba,2022,2,pos,solo_exposto_obras,0.475
equinix-santana-parnaiba,tratamento,equinix-santana-parnaiba,2022,2,pos,vegetacao_densa,33.5942
equinix-santana-parnaiba,tratamento,equinix-santana-parnaiba,2022,2,pos,vegetacao_rala,23.1908
equinix-santana-parnaiba,tratamento,equinix-santana-parnaiba,2023,3,pos,agua,1.2252
equinix-santana-parnaiba,tratamento,equinix-santana-parnaiba,2023,3,pos,construida_urbana,39.9998
equinix-santana-parnaiba,tratamento,equinix-santana-parnaiba,2023,3,pos,solo_exposto_obras,0.5066
equinix-santana-parnaiba,tratamento,equinix-santana-parnaiba,2023,3,pos,vegetacao_densa,36.3545
equinix-santana-parnaiba,tratamento,equinix-santana-parnaiba,2023,3,pos,vegetacao_rala,21.9138
everest-goiania,tratamento,everest-goiania,2018,-3,pre,agua,0.39709999999999995
everest-goiania,tratamento,everest-goiania,2018,-3,pre,construida_urbana,71.3939
everest-goiania,tratamento,everest-goiania,2018,-3,pre,solo_exposto_obras,0.9206000000000001
everest-goiania,tratamento,everest-goiania,2018,-3,pre,vegetacao_densa,8.4435
everest-goiania,tratamento,everest-goiania,2018,-3,pre,vegetacao_rala,18.8449
everest-goiania,tratamento,everest-goiania,2019,-2,pre,agua,0.35500000000000004
everest-goiania,tratamento,everest-goiania,2019,-2,pre,construida_urbana,72.97409999999999
everest-goiania,tratamento,everest-goiania,2019,-2,pre,solo_exposto_obras,0.8337000000000001
everest-goiania,tratamento,everest-goiania,2019,-2,pre,vegetacao_densa,7.1659
everest-goiania,tratamento,everest-goiania,2019,-2,pre,vegetacao_rala,18.6713
everest-goiania,tratamento,everest-goiania,2020,-1,pre,agua,0.3801
everest-goiania,tratamento,everest-goiania,2020,-1,pre,construida_urbana,71.3444
everest-goiania,tratamento,everest-goiania,2020,-1,pre,solo_exposto_obras,1.5193999999999999
everest-goiania,tratamento,everest-goiania,2020,-1,pre,vegetacao_densa,8.972199999999999
everest-goiania,tratamento,everest-goiania,2020,-1,pre,vegetacao_rala,17.7839
everest-goiania,tratamento,everest-goiania,2021,0,durante,agua,0.3478
everest-goiania,tratamento,everest-goiania,2021,0,durante,construida_urbana,73.8266
everest-goiania,tratamento,everest-goiania,2021,0,durante,solo_exposto_obras,1.1922
everest-goiania,tratamento,everest-goiania,2021,0,durante,vegetacao_densa,7.175800000000001
everest-goiania,tratamento,everest-goiania,2021,0,durante,vegetacao_rala,17.4576
everest-goiania,tratamento,everest-goiania,2022,1,durante,agua,0.3559
everest-goiania,tratamento,everest-goiania,2022,1,durante,construida_urbana,75.5683
everest-goiania,tratamento,everest-goiania,2022,1,durante,solo_exposto_obras,1.1492
everest-goiania,tratamento,everest-goiania,2022,1,durante,vegetacao_densa,6.0678
everest-goiania,tratamento,everest-goiania,2022,1,durante,vegetacao_rala,16.8588
everest-goiania,tratamento,everest-goiania,2023,2,durante,agua,0.3747
everest-goiania,tratamento,everest-goiania,2023,2,durante,construida_urbana,71.6232
everest-goiania,tratamento,everest-goiania,2023,2,durante,solo_exposto_obras,0.8408000000000001
everest-goiania,tratamento,everest-goiania,2023,2,durante,vegetacao_densa,9.1138
everest-goiania,tratamento,everest-goiania,2023,2,durante,vegetacao_rala,18.0474
everest-goiania,tratamento,everest-goiania,2024,3,pos,agua,0.35409999999999997
everest-goiania,tratamento,everest-goiania,2024,3,pos,construida_urbana,76.29979999999999
everest-goiania,tratamento,everest-goiania,2024,3,pos,solo_exposto_obras,0.9959000000000001
everest-goiania,tratamento,everest-goiania,2024,3,pos,vegetacao_densa,7.0314000000000005
everest-goiania,tratamento,everest-goiania,2024,3,pos,vegetacao_rala,15.3188
hostdime-joao-pessoa,tratamento,hostdime-joao-pessoa,2014,-3,pre,agua,17.3892
hostdime-joao-pessoa,tratamento,hostdime-joao-pessoa,2014,-3,pre,construida_urbana,38.399
hostdime-joao-pessoa,tratamento,hostdime-joao-pessoa,2014,-3,pre,solo_exposto_obras,0.7119
hostdime-joao-pessoa,tratamento,hostdime-joao-pessoa,2014,-3,pre,vegetacao_densa,20.9843
hostdime-joao-pessoa,tratamento,hostdime-joao-pessoa,2014,-3,pre,vegetacao_rala,22.5156
hostdime-joao-pessoa,tratamento,hostdime-joao-pessoa,2015,-2,pre,agua,18.0303
hostdime-joao-pessoa,tratamento,hostdime-joao-pessoa,2015,-2,pre,construida_urbana,41.877900000000004
hostdime-joao-pessoa,tratamento,hostdime-joao-pessoa,2015,-2,pre,solo_exposto_obras,0.9424999999999999
hostdime-joao-pessoa,tratamento,hostdime-joao-pessoa,2015,-2,pre,vegetacao_densa,19.0343
hostdime-joao-pessoa,tratamento,hostdime-joao-pessoa,2015,-2,pre,vegetacao_rala,20.115099999999998
hostdime-joao-pessoa,tratamento,hostdime-joao-pessoa,2016,-1,pre,agua,18.229100000000003
hostdime-joao-pessoa,tratamento,hostdime-joao-pessoa,2016,-1,pre,construida_urbana,41.2094
hostdime-joao-pessoa,tratamento,hostdime-joao-pessoa,2016,-1,pre,solo_exposto_obras,0.8999
hostdime-joao-pessoa,tratamento,hostdime-joao-pessoa,2016,-1,pre,vegetacao_densa,19.7323
hostdime-joao-pessoa,tratamento,hostdime-joao-pessoa,2016,-1,pre,vegetacao_rala,19.9293
hostdime-joao-pessoa,tratamento,hostdime-joao-pessoa,2017,0,durante,agua,18.842100000000002
hostdime-joao-pessoa,tratamento,hostdime-joao-pessoa,2017,0,durante,construida_urbana,38.6992
hostdime-joao-pessoa,tratamento,hostdime-joao-pessoa,2017,0,durante,solo_exposto_obras,0.7759
hostdime-joao-pessoa,tratamento,hostdime-joao-pessoa,2017,0,durante,vegetacao_densa,19.101399999999998
hostdime-joao-pessoa,tratamento,hostdime-joao-pessoa,2017,0,durante,vegetacao_rala,22.5815
hostdime-joao-pessoa,tratamento,hostdime-joao-pessoa,2018,1,pos,agua,18.467
hostdime-joao-pessoa,tratamento,hostdime-joao-pessoa,2018,1,pos,construida_urbana,41.4779
hostdime-joao-pessoa,tratamento,hostdime-joao-pessoa,2018,1,pos,solo_exposto_obras,1.1109
hostdime-joao-pessoa,tratamento,hostdime-joao-pessoa,2018,1,pos,vegetacao_densa,18.8812
hostdime-joao-pessoa,tratamento,hostdime-joao-pessoa,2018,1,pos,vegetacao_rala,20.0629
hostdime-joao-pessoa,tratamento,hostdime-joao-pessoa,2019,2,pos,agua,18.543200000000002
hostdime-joao-pessoa,tratamento,hostdime-joao-pessoa,2019,2,pos,construida_urbana,40.9002
hostdime-joao-pessoa,tratamento,hostdime-joao-pessoa,2019,2,pos,solo_exposto_obras,1.046
hostdime-joao-pessoa,tratamento,hostdime-joao-pessoa,2019,2,pos,vegetacao_densa,16.3423
hostdime-joao-pessoa,tratamento,hostdime-joao-pessoa,2019,2,pos,vegetacao_rala,23.1683
hostdime-joao-pessoa,tratamento,hostdime-joao-pessoa,2020,3,pos,agua,18.768099999999997
hostdime-joao-pessoa,tratamento,hostdime-joao-pessoa,2020,3,pos,construida_urbana,40.3016
hostdime-joao-pessoa,tratamento,hostdime-joao-pessoa,2020,3,pos,solo_exposto_obras,1.2343
hostdime-joao-pessoa,tratamento,hostdime-joao-pessoa,2020,3,pos,vegetacao_densa,16.4761
hostdime-joao-pessoa,tratamento,hostdime-joao-pessoa,2020,3,pos,vegetacao_rala,23.2199
scala-sgigsm01,tratamento,scala-sgigsm01,2019,-3,pre,agua,0.7067
scala-sgigsm01,tratamento,scala-sgigsm01,2019,-3,pre,construida_urbana,76.2967
scala-sgigsm01,tratamento,scala-sgigsm01,2019,-3,pre,solo_exposto_obras,12.686
scala-sgigsm01,tratamento,scala-sgigsm01,2019,-3,pre,vegetacao_densa,2.6613
scala-sgigsm01,tratamento,scala-sgigsm01,2019,-3,pre,vegetacao_rala,7.6493
scala-sgigsm01,tratamento,scala-sgigsm01,2020,-2,pre,agua,0.7664
scala-sgigsm01,tratamento,scala-sgigsm01,2020,-2,pre,construida_urbana,76.718
scala-sgigsm01,tratamento,scala-sgigsm01,2020,-2,pre,solo_exposto_obras,12.011
scala-sgigsm01,tratamento,scala-sgigsm01,2020,-2,pre,vegetacao_densa,2.9268
scala-sgigsm01,tratamento,scala-sgigsm01,2020,-2,pre,vegetacao_rala,7.5778
scala-sgigsm01,tratamento,scala-sgigsm01,2021,-1,pre,agua,0.6939
scala-sgigsm01,tratamento,scala-sgigsm01,2021,-1,pre,construida_urbana,77.2236
scala-sgigsm01,tratamento,scala-sgigsm01,2021,-1,pre,solo_exposto_obras,12.0157
scala-sgigsm01,tratamento,scala-sgigsm01,2021,-1,pre,vegetacao_densa,2.5652999999999997
scala-sgigsm01,tratamento,scala-sgigsm01,2021,-1,pre,vegetacao_rala,7.5015
scala-sgigsm01,tratamento,scala-sgigsm01,2022,0,durante,agua,0.8226000000000001
scala-sgigsm01,tratamento,scala-sgigsm01,2022,0,durante,construida_urbana,77.7469
scala-sgigsm01,tratamento,scala-sgigsm01,2022,0,durante,solo_exposto_obras,10.360800000000001
scala-sgigsm01,tratamento,scala-sgigsm01,2022,0,durante,vegetacao_densa,3.7899000000000003
scala-sgigsm01,tratamento,scala-sgigsm01,2022,0,durante,vegetacao_rala,7.2798
scala-sgigsm01,tratamento,scala-sgigsm01,2023,1,durante,agua,0.8153
scala-sgigsm01,tratamento,scala-sgigsm01,2023,1,durante,construida_urbana,77.1101
scala-sgigsm01,tratamento,scala-sgigsm01,2023,1,durante,solo_exposto_obras,12.3691
scala-sgigsm01,tratamento,scala-sgigsm01,2023,1,durante,vegetacao_densa,3.6058
scala-sgigsm01,tratamento,scala-sgigsm01,2023,1,durante,vegetacao_rala,6.0997
scala-sgigsm01,tratamento,scala-sgigsm01,2024,2,pos,agua,0.6666
scala-sgigsm01,tratamento,scala-sgigsm01,2024,2,pos,construida_urbana,78.83489999999999
scala-sgigsm01,tratamento,scala-sgigsm01,2024,2,pos,solo_exposto_obras,10.4281
scala-sgigsm01,tratamento,scala-sgigsm01,2024,2,pos,vegetacao_densa,2.9145999999999996
scala-sgigsm01,tratamento,scala-sgigsm01,2024,2,pos,vegetacao_rala,7.155799999999999
scala-sgigsm01,tratamento,scala-sgigsm01,2025,3,pos,agua,0.7384
scala-sgigsm01,tratamento,scala-sgigsm01,2025,3,pos,construida_urbana,76.36840000000001
scala-sgigsm01,tratamento,scala-sgigsm01,2025,3,pos,solo_exposto_obras,11.5086
scala-sgigsm01,tratamento,scala-sgigsm01,2025,3,pos,vegetacao_densa,3.5374000000000003
scala-sgigsm01,tratamento,scala-sgigsm01,2025,3,pos,vegetacao_rala,7.8472
scala-spoapa01,tratamento,scala-spoapa01,2020,-3,pre,agua,21.9524
scala-spoapa01,tratamento,scala-spoapa01,2020,-3,pre,construida_urbana,33.9008
scala-spoapa01,tratamento,scala-spoapa01,2020,-3,pre,solo_exposto_obras,18.6667
scala-spoapa01,tratamento,scala-spoapa01,2020,-3,pre,vegetacao_densa,11.784699999999999
scala-spoapa01,tratamento,scala-spoapa01,2020,-3,pre,vegetacao_rala,13.6955
scala-spoapa01,tratamento,scala-spoapa01,2021,-2,pre,agua,21.3654
scala-spoapa01,tratamento,scala-spoapa01,2021,-2,pre,construida_urbana,36.2933
scala-spoapa01,tratamento,scala-spoapa01,2021,-2,pre,solo_exposto_obras,16.0129
scala-spoapa01,tratamento,scala-spoapa01,2021,-2,pre,vegetacao_densa,11.6157
scala-spoapa01,tratamento,scala-spoapa01,2021,-2,pre,vegetacao_rala,14.712800000000001
scala-spoapa01,tratamento,scala-spoapa01,2022,-1,pre,agua,21.4485
scala-spoapa01,tratamento,scala-spoapa01,2022,-1,pre,construida_urbana,36.0765
scala-spoapa01,tratamento,scala-spoapa01,2022,-1,pre,solo_exposto_obras,15.421399999999998
scala-spoapa01,tratamento,scala-spoapa01,2022,-1,pre,vegetacao_densa,15.3007
scala-spoapa01,tratamento,scala-spoapa01,2022,-1,pre,vegetacao_rala,11.752799999999999
scala-spoapa01,tratamento,scala-spoapa01,2023,0,durante,agua,21.407799999999998
scala-spoapa01,tratamento,scala-spoapa01,2023,0,durante,construida_urbana,35.9622
scala-spoapa01,tratamento,scala-spoapa01,2023,0,durante,solo_exposto_obras,15.7053
scala-spoapa01,tratamento,scala-spoapa01,2023,0,durante,vegetacao_densa,14.0429
scala-spoapa01,tratamento,scala-spoapa01,2023,0,durante,vegetacao_rala,12.881799999999998
scala-spoapa01,tratamento,scala-spoapa01,2024,1,pos,agua,28.077800000000003
scala-spoapa01,tratamento,scala-spoapa01,2024,1,pos,construida_urbana,39.7528
scala-spoapa01,tratamento,scala-spoapa01,2024,1,pos,solo_exposto_obras,14.0234
scala-spoapa01,tratamento,scala-spoapa01,2024,1,pos,vegetacao_densa,8.7844
scala-spoapa01,tratamento,scala-spoapa01,2024,1,pos,vegetacao_rala,9.361600000000001
scala-spoapa01,tratamento,scala-spoapa01,2025,2,pos,agua,24.401
scala-spoapa01,tratamento,scala-spoapa01,2025,2,pos,construida_urbana,35.2635
scala-spoapa01,tratamento,scala-spoapa01,2025,2,pos,solo_exposto_obras,16.979
scala-spoapa01,tratamento,scala-spoapa01,2025,2,pos,vegetacao_densa,11.8002
scala-spoapa01,tratamento,scala-spoapa01,2025,2,pos,vegetacao_rala,11.5563
scala-tambore,tratamento,scala-tambore,2018,-3,pre,agua,0.8508999999999999
scala-tambore,tratamento,scala-tambore,2018,-3,pre,construida_urbana,60.016099999999994
scala-tambore,tratamento,scala-tambore,2018,-3,pre,solo_exposto_obras,0.8277
scala-tambore,tratamento,scala-tambore,2018,-3,pre,vegetacao_densa,21.9415
scala-tambore,tratamento,scala-tambore,2018,-3,pre,vegetacao_rala,16.3638
scala-tambore,tratamento,scala-tambore,2019,-2,pre,agua,0.9572
scala-tambore,tratamento,scala-tambore,2019,-2,pre,construida_urbana,58.5151
scala-tambore,tratamento,scala-tambore,2019,-2,pre,solo_exposto_obras,0.7882999999999999
scala-tambore,tratamento,scala-tambore,2019,-2,pre,vegetacao_densa,24.0006
scala-tambore,tratamento,scala-tambore,2019,-2,pre,vegetacao_rala,15.7388
scala-tambore,tratamento,scala-tambore,2020,-1,pre,agua,1.3122
scala-tambore,tratamento,scala-tambore,2020,-1,pre,construida_urbana,59.7256
scala-tambore,tratamento,scala-tambore,2020,-1,pre,solo_exposto_obras,1.0244
scala-tambore,tratamento,scala-tambore,2020,-1,pre,vegetacao_densa,22.1238
scala-tambore,tratamento,scala-tambore,2020,-1,pre,vegetacao_rala,15.8141
scala-tambore,tratamento,scala-tambore,2021,0,durante,agua,0.8563
scala-tambore,tratamento,scala-tambore,2021,0,durante,construida_urbana,61.26819999999999
scala-tambore,tratamento,scala-tambore,2021,0,durante,solo_exposto_obras,1.0386
scala-tambore,tratamento,scala-tambore,2021,0,durante,vegetacao_densa,20.8461
scala-tambore,tratamento,scala-tambore,2021,0,durante,vegetacao_rala,15.9908
scala-tambore,tratamento,scala-tambore,2022,1,durante,agua,0.9263
scala-tambore,tratamento,scala-tambore,2022,1,durante,construida_urbana,61.0469
scala-tambore,tratamento,scala-tambore,2022,1,durante,solo_exposto_obras,0.9523
scala-tambore,tratamento,scala-tambore,2022,1,durante,vegetacao_densa,21.688
scala-tambore,tratamento,scala-tambore,2022,1,durante,vegetacao_rala,15.3865
scala-tambore,tratamento,scala-tambore,2023,2,durante,agua,1.0369
scala-tambore,tratamento,scala-tambore,2023,2,durante,construida_urbana,59.753699999999995
scala-tambore,tratamento,scala-tambore,2023,2,durante,solo_exposto_obras,0.7439
scala-tambore,tratamento,scala-tambore,2023,2,durante,vegetacao_densa,23.812
scala-tambore,tratamento,scala-tambore,2023,2,durante,vegetacao_rala,14.6534
scala-tambore,tratamento,scala-tambore,2024,3,pos,agua,1.0710000000000002
scala-tambore,tratamento,scala-tambore,2024,3,pos,construida_urbana,60.353500000000004
scala-tambore,tratamento,scala-tambore,2024,3,pos,solo_exposto_obras,0.8135
scala-tambore,tratamento,scala-tambore,2024,3,pos,vegetacao_densa,23.3094
scala-tambore,tratamento,scala-tambore,2024,3,pos,vegetacao_rala,14.452499999999999
