nome_datacenter;operadora;latitude;longitude;status;stage;tipo_listagem;tipo_capacidade;tags;link_datacenter;mw_construido;mw_referenciado;whitespace_construido_m;whitespace_referenciado_m;ano_operacional;tipo_construcao;tipo_ocupacao;carga_piso_max_kg_m;redundancia_refrigeracao;cctv;controle_acesso_cartao;biometria;tier_projetado;tier_certificado;pci_dss;iso9001;iso14001;iso22301;iso27001;iso45001;iso50001;soc1;soc2;soc3;colo_suites;colo_cages;colo_cabinets;colo_partial_cabinets;colo_shared_rackspace;colo_footprints;colo_remote_hands;colo_build_to_suit;cloud_gpu;cloud_managed;cloud_baremetal;cloud_public_cloud;qtd_ixps;qtd_clouds;qtd_redes_presentes;qtd_provedores_rede;qtd_provedores_servico;codigo_site;peeringdb_id;cache_overview_status;cache_specs_status;endereco_corrigido;municipio_corrigido;estado_corrigido;pais_corrigido;cep_corrigido;status_geocode
Data Center Marechal Rondon;Brazilian Army;-23.5701367;-46.6167762;1;2;Facility;Government;;https://www.datacentermap.com/brazil/sao-paulo/3rd-cta-sao-paulo-data-center/;;;112.0;112.0;2025.0;;Sole-tenant;;;;;;3.0;3.0;;;;;;;;;;;;;;;;;;;;;;;0;0;0;0;0;;;bloqueado;ok;R. Oliveira Lima, 375 - Cambuci, São Paulo - SP, 01541-010, Brazil;São Paulo;SP;Brazil;01541-010;OK
ADA Rio de Janeiro;Ada Infrastructure;-22.70650052424456;-43.23743247257072;1;1;Campus;Colocation;;https://www.datacentermap.com/brazil/rio-de-janeiro/ada-rio-de-janeiro/;60.0;60.0;;;;;;;N+1;;;;;;;;;;;;;;;;;;;;;;;;;;;;0;0;0;0;0;;;ok;ok;R. Nova Friburgo, 1 - Jardim Balneário Ana Clara, Duque de Caxias - RJ, 25221-250, Brazil;Duque de Caxias;RJ;Brazil;25221-250;OK
ADA Sao Paulo;Ada Infrastructure;-23.5902486;-46.6818551;1;1;Campus;Colocation;;https://www.datacentermap.com/brazil/sao-paulo/ada-sao-paulo/;40.0;40.0;;;;;;;N+1;;;;;;;;;;;;;;;;;;;;;;;;;;;;0;0;0;0;0;;;bloqueado;ok;Av. Brig. Faria Lima, 3930 - Itaim Bibi, São Paulo - SP, 04538-132, Brazil;São Paulo;SP;Brazil;04538-132;OK
Adentro DC Porto Alegre;ADENTRO DATA CENTER SOLUTIONS LTDA;-30.0134047;-51.2010249;1;2;Facility;Colocation;;https://www.datacentermap.com/brazil/porto-alegre/adentro/;;;;;;;;;;;;;;;;;;;;;;;;;;;;;;;;;;;;;0;0;0;0;0;;;bloqueado;ok;Av. Bahia, 1258 - Navegantes, Porto Alegre - RS, 90240-552, Brazil;Porto Alegre;RS;Brazil;90240-552;OK
Algar Tech Uberlandia - Jaraguá;Algar Tech;-18.9209149;-48.3090492;1;2;Facility;Colocation;;https://www.datacentermap.com/brazil/uberlandia/algar-tech-uberlandia/;;;;;;;;;;;;;;;;;;;;;;;;;0.0;1.0;1.0;1.0;1.0;0.0;1.0;;0.0;0.0;1.0;1.0;0;0;0;0;0;;;ok;ok;R. Janaúba, 145 - Jaraguá, Uberlândia - MG, 38413-102, Brazil;Uberlândia;MG;Brazil;38413-102;OK
Algar Tech Uberlandia - Granja Marileusa;Algar Tech;-18.8725131;-48.2451629;1;2;Facility;Colocation;;https://www.datacentermap.com/brazil/uberlandia/algar-tecnologia/;;;600.0;600.0;;Purpose-built;Sole-tenant;;;;;;;;;;;;;;;;;;0.0;1.0;1.0;1.0;1.0;0.0;1.0;;0.0;0.0;1.0;1.0;0;0;0;1;0;;;ok;ok;Av. Floriano Peixoto, 6500 - Granja Marileusa, Uberlândia - MG, 38406-642, Brazil;Uberlândia;MG;Brazil;38406-642;OK
ODATA RJ01;ODATA, an Aligned Data Centers Company;-22.7966834;-43.3572998;1;2;Facility;Colocation;Carrier Neutral;https://www.datacentermap.com/brazil/rio-de-janeiro/aligned-rj-01/;23.4;23.4;1800.0;1800.0;2023.0;Purpose-built;;;;;;;;;2.0;;;;1.0;;;;;;;;;;;;;;;;;;0;0;0;0;0;RJ-01;13381.0;bloqueado;ok;Rod. Pres. Dutra, 4648 - Venda Velha, São João de Meriti - RJ, 25565-350, Brazil;São João de Meriti;RJ;Brazil;25565-350;OK
ODATA SP01;ODATA, an Aligned Data Centers Company;-23.4550357423391;-46.91510647119536;1;2;Facility;Colocation;Carrier Neutral;https://www.datacentermap.com/brazil/sao-paulo/aligned-sp-01/;19.4;19.4;5600.0;5600.0;2017.0;Purpose-built;;;;;;;3.0;3.0;1.0;1.0;;;1.0;;;2.0;;;0.0;1.0;1.0;1.0;0.0;0.0;1.0;;0.0;0.0;0.0;0.0;0;0;32;4;0;SP-01;3913.0;ok;ok;Estr. dos Romeiros, 943 - Votuparim, Santana de Parnaíba - SP, 06513-001, Brazil;Santana de Parnaíba;SP;Brazil;06513-001;OK
ODATA SP02 Campus;ODATA, an Aligned Data Centers Company;-22.9008002;-47.1935167;1;2;Campus;Colocation;;https://www.datacentermap.com/brazil/sao-paulo/aligned-sp-02/;24.0;24.0;5600.0;5600.0;2020.0;Purpose-built;;;;;;;;;1.0;1.0;1.0;;1.0;;;;;;0.0;1.0;1.0;1.0;0.0;0.0;1.0;;0.0;0.0;0.0;0.0;0;0;1;0;0;SP-02;15093.0;ok;ok;3RX4+MH Hortolândia, São Paulo, Brazil;Hortolândia;SP;Brazil;;OK
ODATA SP03;ODATA, an Aligned Data Centers Company;-23.502083727189984;-46.82507025582267;1;2;Facility;Colocation;Carrier Neutral;https://www.datacentermap.com/brazil/sao-paulo/aligned-sp-03/;3.2;3.2;1800.0;1800.0;2010.0;Retrofitted;;;;;;;;;;;;;;;;;;;;;;;;;;;;;;;0;0;0;1;0;SP-03;;bloqueado;ok;Alameda Araguacema, 187 - Tamboré, Barueri - SP, 06460-070, Brazil;Barueri;SP;Brazil;06460-070;OK
AngoNAP Fortaleza;Angola Cables;-3.735294671531065;-38.46167526644695;1;2;Facility;Colocation;;https://www.datacentermap.com/brazil/fortaleza/angonap-fortaleza/;;;;;;;;;2N+1;;;;3.0;;;;;;;;;;;;;;;;;;;;;;;;0;0;67;0;0;;6702.0;bloqueado;ok;Av. Trajano de Medeiros, 1831 - Vicente Pinzón, Fortaleza - CE, 60183-647, Brazil;Fortaleza;CE;Brazil;60183-647;OK
Armazem DC Brusque;Armazém Cloud;-27.1076999;-48.9186753;1;2;Facility;Colocation;;https://www.datacentermap.com/brazil/blumenau/armazem-dc-brusque/;;;;;;;;;;;;;;;;;;;;;;;;;0.0;0.0;1.0;1.0;1.0;0.0;1.0;;;0.0;0.0;0.0;0;0;2;0;0;;12113.0;ok;ok;R. Atílio Battistoti, 199 - Azambuja, Brusque - SC, 88354-120, Brazil;Brusque;SC;Brazil;88354-120;OK
Armazem DC Joinville;Armazém Cloud;-26.2426531;-48.8834796;1;2;Facility;Colocation;;https://www.datacentermap.com/brazil/joinville/armazem-dc-joinville/;;;;;;;;;;;;;;;;;;;;;;;;;;;;;;;;;;;;;0;0;0;0;0;;14436.0;bloqueado;ok;R. Dona Francisca, 8300 - Distrito Industrial, Joinville - SC, 89219-600, Brazil;Joinville;SC;Brazil;89219-600;OK
ASAP SP1;ASAP Telecom;-23.6761714;-46.6992381;1;2;Facility;Colocation;;https://www.datacentermap.com/brazil/sao-paulo/asap-sp1/;2.0;2.0;400.0;400.0;2022.0;Retrofitted;Multi-tenant (mixed use);500.0;2N;1.0;1.0;1.0;3.0;;;;;;;;;;;;1.0;1.0;1.0;1.0;1.0;1.0;1.0;;0.0;1.0;0.0;1.0;0;0;13;9;0;SP1;2732.0;ok;ok;Av. das Nações Unidas, 22540 - Vila Almeida, São Paulo - SP, 04795-000, Brazil;São Paulo;SP;Brazil;04795-000;OK
Ascenty - Campinas CPS1;Ascenty Data Centers;-22.848037;-47.153369;1;2;Facility;Colocation;;https://www.datacentermap.com/brazil/campinas/ascenty/;6.0;6.0;4998.0;4998.0;;;;1200.0;;1.0;1.0;1.0;3.0;;2.0;1.0;1.0;1.0;1.0;1.0;1.0;2.0;2.0;2.0;1.0;1.0;1.0;1.0;0.0;1.0;1.0;;0.0;0.0;0.0;0.0;0;0;35;1;1;CPS01;2812.0;ok;ok;Av. Pierre Simon de Laplace, 1211 - Techno Park, Campinas - SP, 13069-320, Brazil;Campinas;SP;Brazil;13069-320;OK
Ascenty Hortolandia Campus;Ascenty Data Centers;-22.89580421484941;-47.17949818945308;1;2;Campus;Colocation;;https://www.datacentermap.com/brazil/campinas/ascenty-hortolandia-campus/;;;;;;;;;;;;;;;;;;;;;;;;;;;;;;;;;;;;;0;0;0;0;0;;;bloqueado;ok;R. Papa João Paulo II, 2 - Rp 4-16, Hortolândia - SP, 13185-324, Brazil;Hortolândia;SP;Brazil;13185-324;OK
Ascenty - Hortolandia HTL6;Ascenty Data Centers;-22.8961068;-47.181245;1;1;Facility;Colocation;Carrier Neutral;https://www.datacentermap.com/brazil/campinas/ascenty-hortolandia-htl6/;30.0;30.0;22984.0;22984.0;;Purpose-built;;2520.0;N+1;1.0;1.0;1.0;;;;;;;;;;;;;1.0;1.0;1.0;1.0;0.0;0.0;1.0;;0.0;0.0;0.0;0.0;0;0;1;0;0;HTL06;12197.0;ok;ok;4R39+HG Hortolândia - São Paulo, Brazil;Hortolândia;SP;Brazil;;OK
Ascenty - Hortolandia HTL4;Ascenty Data Centers;-22.8948579;-47.1789044;1;2;Facility;Colocation;Carrier Neutral;https://www.datacentermap.com/brazil/campinas/ascenty-htl04/;3.0;3.0;1997.0;1997.0;2021.0;Retrofitted;;2520.0;N+1;1.0;1.0;1.0;;;1.0;1.0;1.0;1.0;1.0;1.0;1.0;2.0;2.0;2.0;1.0;1.0;1.0;1.0;0.0;1.0;1.0;;0.0;0.0;0.0;0.0;0;0;1;0;0;HTL04;11686.0;ok;ok;R. Ema Frederici Geraldeli, 186 - Jardim Santa Izabel, Hortolândia - SP, 13185-321, Brazil;Hortolândia;SP;Brazil;13185-321;OK
Ascenty - Hortolandia HTL5;Ascenty Data Centers;-22.8958925;-47.1801919;1;2;Facility;Colocation;Carrier Neutral;https://www.datacentermap.com/brazil/campinas/ascenty-htl05/;30.0;30.0;22984.0;22984.0;2022.0;Purpose-built;;2520.0;N+1;1.0;1.0;1.0;;;2.0;1.0;1.0;1.0;1.0;1.0;1.0;2.0;2.0;2.0;1.0;1.0;1.0;1.0;0.0;1.0;1.0;;0.0;0.0;0.0;0.0;0;0;1;0;0;HTL05;11687.0;ok;ok;R. Papa João Paulo II, 2 - Rp 4-16, Hortolândia - SP, 13185-324, Brazil;Hortolândia;SP;Brazil;13185-324;OK
Ascenty - Jundiai JDI1;Ascenty Data Centers;-23.1919541;-46.9742117;1;2;Facility;Colocation;Carrier Neutral;https://www.datacentermap.com/brazil/sao-paulo/ascenty-jundiai1/;15.0;15.0;7990.0;7990.0;2014.0;Purpose-built;;1200.0;;1.0;1.0;1.0;3.0;;1.0;1.0;1.0;1.0;1.0;1.0;1.0;2.0;2.0;2.0;1.0;1.0;1.0;1.0;0.0;1.0;1.0;;0.0;0.0;0.0;0.0;0;0;11;0;0;JDI01;7582.0;ok;ok;R. Presbítero Plinio Alves de Souza, 757 - Jardim Ermida I, Jundiaí - SP, 13212-141, Brazil;Jundiaí;SP;Brazil;13212-141;OK
Ascenty - Jundiai JDI2;Ascenty Data Centers;-23.1924667;-46.9729886;1;2;Facility;Colocation;Carrier Neutral;https://www.datacentermap.com/brazil/sao-paulo/ascenty-jundiai2/;13.0;13.0;8993.0;8993.0;2019.0;Purpose-built;Sole-tenant;1.526;N+2;1.0;1.0;1.0;3.0;0.0;1.0;1.0;1.0;1.0;1.0;1.0;1.0;2.0;2.0;2.0;1.0;1.0;1.0;1.0;0.0;1.0;1.0;;0.0;0.0;0.0;0.0;0;0;2;0;0;JDI02;7583.0;ok;ok;Av. Beirute, 863 - Jardim Ermida I, Jundiaí - SP, 13212-215, Brazil;Jundiaí;SP;Brazil;13212-215;OK
Ascenty Sao Paulo Capital Campus;Ascenty Data Centers;-23.49066978895181;-46.77612948633123;1;2;Campus;Colocation;;https://www.datacentermap.com/brazil/sao-paulo/ascenty-sao-paulo-capital-campus/;;;;;;;;;;;;;;;;;;;;;;;;;;;;;;;;;;;;;0;0;0;0;0;;;ok;ok;R. Café Moka, 159 - Chacara Anhanguera, Osasco - SP, 06276-140, Brazil;Osasco;SP;Brazil;06276-140;OK
Ascenty - Sao Paulo SP5;Ascenty Data Centers;-23.4892381;-46.7757703;1;2;Facility;Colocation;;https://www.datacentermap.com/brazil/sao-paulo/ascenty-sao-paulo-sp5/;8.0;8.0;7000.0;7000.0;2026.0;Retrofitted;;1526.0;N+1;1.0;1.0;1.0;3.0;;1.0;1.0;1.0;1.0;1.0;1.0;1.0;1.0;2.0;2.0;0.0;1.0;1.0;1.0;0.0;0.0;1.0;;0.0;0.0;0.0;0.0;0;0;0;1;0;SP05;;ok;ok;R. Santa Bárbara, 27 - Industrial Anhangüera, Osasco - SP, 06276-140, Brazil;Osasco;SP;Brazil;06276-140;OK
Ascenty - Sao Paulo SP6;Ascenty Data Centers;-23.4906888;-46.7749425;1;1;Facility;Colocation;Carrier Neutral;https://www.datacentermap.com/brazil/sao-paulo/ascenty-sao-paulo-sp6/;18.0;18.0;7000.0;7000.0;2027.0;;;1526.0;N+1;1.0;1.0;1.0;3.0;;1.0;;1.0;;1.0;;1.0;2.0;2.0;2.0;;;;;;;;;;;;;0;0;0;0;0;SP06;;bloqueado;ok;R. Bento de Souza Borges, 55 - Industrial Anhangüera, Osasco - SP, 06276-016, Brazil;Osasco;SP;Brazil;06276-016;OK
Ascenty - Sao Paulo SP7;Ascenty Data Centers;-23.48473731725123;-46.76933685910062;1;0;Facility;Colocation;Carrier Neutral;https://www.datacentermap.com/brazil/sao-paulo/ascenty-sao-paulo-sp7/;22.0;22.0;;;;Undefined;;;;;;;;;;;;;;;;;;;1.0;1.0;1.0;1.0;0.0;1.0;1.0;;0.0;0.0;0.0;0.0;0;0;0;0;0;;;ok;ok;Via Anhanguera, 3201 - Jaguará, Osasco - SP, Brazil;Osasco;SP;Brazil;;OK
Ascenty - Sao Paulo SP8;Ascenty Data Centers;-23.48473731725123;-46.76933685910062;1;0;Facility;Colocation;Carrier Neutral;https://www.datacentermap.com/brazil/sao-paulo/ascenty-sao-paulo-sp8/;18.0;18.0;;;;Undefined;;;;;;;;;;;;;;;;;;;1.0;1.0;1.0;1.0;0.0;1.0;1.0;;0.0;0.0;0.0;0.0;0;0;0;0;0;;;ok;ok;Via Anhanguera, 3201 - Jaguará, Osasco - SP, Brazil;Osasco;SP;Brazil;;OK
Ascenty - Sao Paulo SP4;Ascenty Data Centers;-23.4898885;-46.7752556;1;2;Facility;Colocation;;https://www.datacentermap.com/brazil/sao-paulo/ascenty-sp4/;9.0;9.0;7497.0;7497.0;2023.0;Purpose-built;Sole-tenant;1526.0;N+1;1.0;1.0;1.0;3.0;;1.0;;1.0;;1.0;;1.0;2.0;2.0;2.0;1.0;1.0;1.0;1.0;0.0;0.0;1.0;;0.0;0.0;0.0;0.0;0;0;89;1;1;SP04;13720.0;ok;ok;R. Gabriel Rubens Varella, 46 - Industrial Anhangüera, Osasco - SP, 06276-160, Brazil;Osasco;SP;Brazil;06276-160;OK
Ascenty - Sumare SUM3;Ascenty Data Centers;-22.8139696;-47.2115227;1;1;Facility;Colocation;Carrier Neutral;https://www.datacentermap.com/brazil/campinas/ascenty-sum03/;19.0;19.0;;;;Purpose-built;;1564.0;N+1;1.0;1.0;1.0;;;;;;;;;;;;;1.0;1.0;1.0;1.0;0.0;1.0;1.0;;0.0;0.0;0.0;0.0;0;0;0;0;0;SUM03;;ok;ok;5QPQ+C9 Sumaré, São Paulo, Brazil;Sumaré;SP;Brazil;;OK
Ascenty - Sumare SUM4;Ascenty Data Centers;-22.8145195;-47.2122186;1;1;Facility;Colocation;Carrier Neutral;https://www.datacentermap.com/brazil/campinas/ascenty-sum04/;19.0;19.0;;;;Purpose-built;;1564.0;N+1;1.0;1.0;1.0;;;;;;;;;;;;;1.0;1.0;1.0;1.0;0.0;1.0;1.0;;0.0;0.0;0.0;0.0;0;0;0;0;0;SUM04;;ok;ok;5QPQ+54 Sumaré, São Paulo, Brazil;Sumaré;SP;Brazil;;OK
Ascenty Sumare Campus;Ascenty Data Centers;-22.81398445421749;-47.21224965631805;1;2;Campus;Colocation;;https://www.datacentermap.com/brazil/campinas/ascenty-sumare-campus/;;;;;;;;;;;;;;;;;;;;;;;;;;;;;;;;;;;;;0;0;0;0;0;;;bloqueado;ok;5QPQ+C4 Sumaré, São Paulo, Brazil;Sumaré;SP;Brazil;;OK
Ascenty - Sumare SUM5;Ascenty Data Centers;-22.8152822;-47.2120903;1;1;Facility;Colocation;Carrier Neutral;https://www.datacentermap.com/brazil/campinas/ascenty-sumare-sum5/;19.0;19.0;;;;Purpose-built;;;;1.0;1.0;1.0;;;;;;;;;;;;;;;;;;;;;;;;;0;0;0;0;0;SUM05;;bloqueado;ok;5QMQ+V5 Sumaré, São Paulo, Brazil;Sumaré;SP;Brazil;;OK
Ascenty - Vinhedo VIN2;Ascenty Data Centers;-23.0703237;-47.0129472;1;2;Facility;Colocation;Carrier Neutral;https://www.datacentermap.com/brazil/campinas/ascenty-vin02/;34.0;34.0;24991.0;24991.0;;Purpose-built;;1526.0;N+1;1.0;1.0;1.0;3.0;;1.0;1.0;1.0;1.0;1.0;1.0;1.0;2.0;2.0;2.0;1.0;1.0;1.0;1.0;0.0;1.0;1.0;;0.0;0.0;0.0;0.0;0;1;34;2;1;VIN02;7590.0;ok;ok;Av. João Batista Nunes, 50 - Distrito Industrial Benedito Storani, Vinhedo - SP, 13288-162, Brazil;Vinhedo;SP;Brazil;13288-162;OK
Ascenty Vinhedo Campus;Ascenty Data Centers;-23.070314447734205;-47.01239479446002;1;2;Campus;Colocation;;https://www.datacentermap.com/brazil/campinas/ascenty-vinhedo-campus/;;;;;;;;;;;;;;;;;;;;;;;;;;;;;;;;;;;;;0;0;0;0;0;;;bloqueado;ok;Av. João Batista Nunes, 50 - Distrito Industrial Benedito Storani, Vinhedo - SP, 13288-162, Brazil;Vinhedo;SP;Brazil;13288-162;OK
Sonda Ativas;Sonda S.A.;-19.942833;-44.011552;1;2;Facility;Colocation;;https://www.datacentermap.com/brazil/belo-horizonte/ativas-datacenter-sa/;2.5;2.5;6000.0;6000.0;2011.0;;;;;;;;3.0;3.0;1.0;;;;;;;;;;1.0;1.0;1.0;1.0;1.0;1.0;1.0;;;0.0;1.0;1.0;0;0;16;0;0;;1775.0;ok;ok;Rua Sócrates Alvim, 16 - Camargos, Belo Horizonte - MG, 30520-140, Brazil;Belo Horizonte;MG;Brazil;30520-140;OK
Ascenty - Vinhedo VIN1;Ascenty Data Centers;-23.0700044;-47.0118244;1;2;Facility;Colocation;Carrier Neutral;https://www.datacentermap.com/brazil/campinas/av-2-50-quadra-g1/;27.0;27.0;20987.0;20987.0;;Purpose-built;;1526.0;N+2;1.0;1.0;1.0;3.0;;1.0;1.0;1.0;1.0;1.0;1.0;1.0;2.0;2.0;2.0;1.0;1.0;1.0;1.0;0.0;1.0;1.0;;0.0;0.0;0.0;0.0;0;0;22;1;1;VIN01;7589.0;ok;ok;Av. João Batista Nunes, 50 - Distrito Industrial Benedito Storani, Vinhedo - SP, 13288-162, Brazil;Vinhedo;SP;Brazil;13288-162;OK
Ascenty - Rio de Janeiro RJ1;Ascenty Data Centers;-22.8059441;-43.3480909;1;2;Facility;Colocation;;https://www.datacentermap.com/brazil/rio-de-janeiro/av-cel-phidias-távora-513-1/;15.0;15.0;;;2017.0;Retrofitted;Multi-tenant (data centers only);1564.0;N+2;1.0;1.0;1.0;3.0;;1.0;1.0;1.0;1.0;1.0;1.0;1.0;2.0;2.0;2.0;;;;;;;;;;;;;0;0;7;0;0;RIO01;7592.0;bloqueado;ok;R. Nova, 215 - Parque Juriti, São João de Meriti - RJ, 25585-055, Brazil;São João de Meriti;RJ;Brazil;25585-055;OK
Ascenty- Rio de Janeiro RJ2;Ascenty Data Centers;-22.8050847;-43.3484313;1;2;Facility;Colocation;Carrier Neutral;https://www.datacentermap.com/brazil/rio-de-janeiro/av-cel-phidias-távora-513-2/;3.0;3.0;3493.0;3493.0;2021.0;Retrofitted;;1564.0;N+2;1.0;1.0;1.0;0.0;;1.0;1.0;1.0;1.0;1.0;1.0;1.0;2.0;2.0;2.0;;;;;;;;;;;;;0;0;5;0;0;RIO02;7593.0;bloqueado;ok;R. Mercúrio, 1736 - Pavuna, Rio de Janeiro - RJ, 21532-470, Brazil;Rio de Janeiro;RJ;Brazil;21532-470;OK
Ascenty - Sao Paulo SP1;Ascenty Data Centers;-23.4920417;-46.7759971;1;2;Facility;Colocation;;https://www.datacentermap.com/brazil/sao-paulo/av-roberto-pinto-sobrinho-350-1/;6.0;6.0;3493.0;3493.0;2017.0;Retrofitted;Multi-tenant (data centers only);1526.0;N+2;1.0;1.0;1.0;3.0;;1.0;1.0;1.0;1.0;1.0;1.0;1.0;2.0;2.0;2.0;1.0;1.0;1.0;1.0;0.0;1.0;1.0;;0.0;0.0;0.0;0.0;0;0;50;2;1;SP01;7579.0;ok;ok;Av. Roberto Pinto Sobrinho, 350 - Vila Menck, Osasco - SP, 06276-125, Brazil;Osasco;SP;Brazil;06276-125;OK
Ascenty - Sao Paulo SP2;Ascenty Data Centers;-23.4923861;-46.7771987;1;2;Facility;Colocation;Carrier Neutral;https://www.datacentermap.com/brazil/sao-paulo/av-roberto-pinto-sobrinho-350-2/;14.0;14.0;8491.0;8491.0;2017.0;Retrofitted;;1526.0;N+1;1.0;1.0;1.0;3.0;;1.0;1.0;1.0;1.0;1.0;1.0;1.0;2.0;2.0;2.0;1.0;1.0;1.0;1.0;0.0;1.0;1.0;;0.0;0.0;0.0;0.0;0;0;120;2;0;SP02;7580.0;ok;ok;Av. Roberto Pinto Sobrinho, 350 - Vila Menck, Osasco - SP, 06276-125, Brazil;Osasco;SP;Brazil;06276-125;OK
Ascenty - Sao Paulo SP3;Ascenty Data Centers;-23.491232;-46.7759313;1;2;Facility;Colocation;Carrier Neutral;https://www.datacentermap.com/brazil/sao-paulo/av-roberto-pinto-sobrinho-350-3/;4.0;4.0;3995.0;3995.0;2020.0;Retrofitted;;1526.0;N+2;1.0;1.0;1.0;3.0;;1.0;1.0;1.0;1.0;1.0;1.0;1.0;2.0;2.0;2.0;1.0;1.0;1.0;1.0;0.0;1.0;1.0;;0.0;0.0;0.0;0.0;0;0;93;1;0;SP03;7581.0;ok;ok;Av. Roberto Pinto Sobrinho, 350 - Vila Menck, Osasco - SP, 06276-125, Brazil;Osasco;SP;Brazil;06276-125;OK
Avato Joinville;Ávato;-26.26412048317817;-48.85177190343191;1;2;Facility;Colocation;;https://www.datacentermap.com/brazil/joinville/avato-joinville/;;;300.0;300.0;2012.0;Retrofitted;Multi-tenant (mixed use);;;;;;;;;;;;1.0;;;;;;;;;;;;;;;;;;0;0;4;0;0;;6362.0;bloqueado;ok;Av. Santos Dumont, 935 - Santo Antônio, Joinville - SC, 89223-001, Brazil;Joinville;SC;Brazil;89223-001;OK
B3 Data Center;B3 S.A. – Brasil, Bolsa, Balcão;-23.4662448;-46.863993;1;2;Facility;Colocation;;https://www.datacentermap.com/brazil/sao-paulo/b3-data-center/;;;;;;;;;;1.0;;1.0;3.0;3.0;;;;;;;;;;;;;;;;;;;;;;;0;0;0;1;0;;;bloqueado;ok;R. Ricardo Prudente de Aquino, 85 - Res. Tambore III, Santana de Parnaíba - SP, Brazil;Santana de Parnaíba;SP;Brazil;;OK
BRDrive Data Center;BRDrive;-27.0019197;-51.16753689999999;1;2;Facility;Colocation;;https://www.datacentermap.com/brazil/videira/brdrive-data-center/;;;;;;;;;;;;;;;;;;;;;;;;;;;1.0;1.0;1.0;;1.0;;;;;;0;0;1;0;0;;5888.0;ok;ok;R. Frederico Bortolaz, 971 - Panazzolo, Videira - SC, 89566-060, Brazil;Videira;SC;Brazil;89566-060;OK
BRDrive - Santa Catarina - VDA;BRDrive;-27.0018484;-51.1675386;1;2;Facility;Colocation;;https://www.datacentermap.com/brazil/videira/brdrive-sc-vda/;0.5;0.5;100.0;100.0;2015.0;;Multi-tenant (data centers only);;N+1;1.0;1.0;1.0;3.0;;;;;;;;;;;;0.0;0.0;0.0;0.0;1.0;0.0;1.0;;0.0;1.0;1.0;0.0;0;0;0;1;0;;;ok;ok;R. Frederico Bortolaz, 971 - Panazzolo, Videira - SC, 89566-060, Brazil;Videira;SC;Brazil;89566-060;OK
Pecém Data Center;Casa dos Ventos;-3.653321;-38.8251428;1;1;Facility;Colocation;Hyperscale-Ready;https://www.datacentermap.com/brazil/fortaleza/casa-dos-ventos-data-center/;900.0;900.0;;;2027.0;;;;;;;;;;;;;;;;;;;;;;;;;;;;;;;;0;0;0;0;0;;;bloqueado;ok;85WF+MW Catuana, Brazil;Caucaia;CE;Brazil;;OK
CDZNet Data Center;cdznet data center;-20.8119075;-49.3886276;1;2;Facility;Colocation;;https://www.datacentermap.com/brazil/sao-paulo/cdznet-data-center/;;;;;;;;;;;;;;;;;;;;;;;;;1.0;1.0;1.0;1.0;1.0;1.0;1.0;;;0.0;1.0;1.0;0;0;0;0;0;;;ok;ok;R. Independência, 2472 - Parque Industrial, São José do Rio Preto - SP, 15025-095, Brazil;São José do Rio Preto;SP;Brazil;15025-095;OK
Century CEM-DC01;Century Telecom LTDA;-19.9305832;-44.0614069;1;2;Facility;Colocation;;https://www.datacentermap.com/brazil/belo-horizonte/century-cem-dc01/;;;;;;;;;;;;;;;;;;;;;;;;;0.0;1.0;1.0;1.0;1.0;0.0;1.0;;;1.0;1.0;1.0;0;0;0;0;0;;;ok;ok;R. José Pedro de Araújo, 1066 - Cinco, Contagem - MG, 32341-560, Brazil;Contagem;MG;Brazil;32341-560;OK
Cirion CUR1;Cirion;-25.4703512;-49.3502146;1;2;Facility;Colocation;Carrier Neutral, Hyperscale-Ready;https://www.datacentermap.com/brazil/curitiba/cirion-cur1/;1.0;1.0;662.0;662.0;;;Sole-tenant;;N+1;1.0;1.0;1.0;;;2.0;1.0;;1.0;1.0;;;;;;;;;;;;;;;;;;0;0;23;0;0;CUR1;1564.0;bloqueado;ok;R. do Semeador, 347 - Cidade Industrial de Curitiba, Curitiba - PR, 81020-490, Brazil;Curitiba;PR;Brazil;81020-490;OK
Cirion RIO2;Cirion;-22.9049036;-43.2159206;1;2;Facility;Colocation;Carrier Neutral, Hyperscale-Ready;https://www.datacentermap.com/brazil/rio-de-janeiro/cirion-rio2/;60.0;60.0;3310.0;3310.0;2026.0;Purpose-built;Sole-tenant;;N+1;1.0;1.0;1.0;0.0;;;;;;;;;;;;;;;;;;;;;;;;0;0;0;0;0;RIO2;;bloqueado;ok;Av. Pedro II, 235 - Imperial de São Cristóvão, Rio de Janeiro - RJ, 20941-070, Brazil;Rio de Janeiro;RJ;Brazil;20941-070;OK
Claro Data Center LAPA;Claro;-23.54195739494818;-46.70931247916715;1;2;Facility;Colocation;;https://www.datacentermap.com/brazil/sao-paulo/claro-lapa/;;;;;2012.0;Purpose-built;Sole-tenant;;;;;;3.0;3.0;;;;;;;;;;;;;;;;;;;;;;;0;0;0;0;0;;;bloqueado;ok;R. Boquim, 463 - Vila Ida, São Paulo - SP, 05454-001, Brazil;São Paulo;SP;Brazil;05454-001;OK
ClickIP Datacenters;ClickIP Datacenters;-3.0553292;-59.990585;1;2;Facility;Colocation;;https://www.datacentermap.com/brazil/manaus/clickip-datacenters/;;;;;;;;;;;;;;;;;;;;;;;;;;;;;;;;;;;;;0;0;1;0;0;;15825.0;bloqueado;ok;R. Pres. Joao Batista Figueredo, 70 - Pq Das Laranjeiras, Manaus - AM, 69010-970, Brazil;Manaus;AM;Brazil;69010-970;OK
CloudHQ GIG1;CloudHQ;-22.79429627273789;-43.35038030225854;1;0;Facility;Colocation;;https://www.datacentermap.com/brazil/rio-de-janeiro/cloudhq-gig1/;36.0;36.0;28735.0;28735.0;;;;;;;;;;;;;;;;;;;;;1.0;1.0;1.0;0.0;0.0;0.0;0.0;;;0.0;0.0;0.0;0;0;0;0;0;GIG1;;ok;ok;Rua Maria Soares Sendas, 1005-1027 - Venda Velha, São João de Meriti - RJ, 25581-295, Brazil;São João de Meriti;RJ;Brazil;25581-295;OK
CloudHQ GRU Campus;CloudHQ;-22.77138788859079;-47.10601347144599;1;1;Campus;Colocation;;https://www.datacentermap.com/brazil/campinas/cloudhq-gru-campus/;288.0;288.0;;;;Purpose-built;;;;;;;;;;;;;;;;;;;;;;;;;;;;;;;0;0;0;0;0;;;ok;ok;6VHV+CH Parque das Indústrias, Paulínia - SP, Brazil;Paulínia;SP;Brazil;13140-000;OK
CloudHQ GRU1;CloudHQ;-22.7725025;-47.1082519;1;1;Facility;Colocation;;https://www.datacentermap.com/brazil/campinas/cloudhq-gru1/;48.0;48.0;18055.0;18055.0;;Purpose-built;;;;;;;;;;;;;;;;;;;1.0;1.0;1.0;0.0;0.0;0.0;0.0;;0.0;0.0;0.0;0.0;0;0;0;0;0;GRU1;;ok;ok;6VGR+XM Parque das Indústrias, Paulínia - SP, Brazil;Paulínia;SP;Brazil;13140-000;OK
CloudHQ GRU2;CloudHQ;-22.773284;-47.1068786;1;1;Facility;Colocation;;https://www.datacentermap.com/brazil/campinas/cloudhq-gru2/;48.0;48.0;18055.0;18055.0;;Purpose-built;;;;;;;;;;;;;;;;;;;1.0;1.0;1.0;0.0;0.0;0.0;0.0;;0.0;0.0;0.0;0.0;0;0;0;0;0;GRU2;;ok;ok;6VGV+M6 Parque das Indústrias, Paulínia - SP, Brazil;Paulínia;SP;Brazil;13140-000;OK
CloudHQ GRU3;CloudHQ;-22.7716023;-47.104486;1;1;Facility;Colocation;;https://www.datacentermap.com/brazil/campinas/cloudhq-gru3/;48.0;48.0;18055.0;18055.0;;Purpose-built;;;;;;;;;;;;;;;;;;;1.0;1.0;1.0;0.0;0.0;0.0;0.0;;0.0;0.0;0.0;0.0;0;0;0;0;0;GRU3;;ok;ok;6VHW+96 Parque das Indústrias, Paulínia - SP, Brazil;Paulínia;SP;Brazil;13140-000;OK
CloudHQ GRU4;CloudHQ;-22.770555;-47.102456;1;0;Facility;Colocation;Hyperscale-Ready;https://www.datacentermap.com/brazil/campinas/cloudhq-gru4/;48.0;48.0;;;;;;;;;;;;;;;;;;;;;;;;;;;;;;;;;;;0;0;0;0;0;GRU4;;bloqueado;ok;6VHX+Q2 Paulínia - São Paulo, Brazil;Paulínia;SP;Brazil;;OK
CloudHQ GRU5;CloudHQ;-22.76951;-47.10069;1;0;Facility;Colocation;Hyperscale-Ready;https://www.datacentermap.com/brazil/campinas/cloudhq-gru5/;48.0;48.0;;;;;;;;;;;;;;;;;;;;;;;;;;;;;;;;;;;0;0;0;0;0;GRU5;;bloqueado;ok;6VJX+5P Paulínia - São Paulo, Brazil;Paulínia;SP;Brazil;;OK
CloudHQ GRU6;CloudHQ;-22.768695;-47.101916;1;0;Facility;Colocation;Hyperscale-Ready;https://www.datacentermap.com/brazil/campinas/cloudhq-gru6/;48.0;48.0;;;;;;;;;;;;;;;;;;;;;;;;;;;;;;;;;;;0;0;0;0;0;GRU6;;bloqueado;ok;6VJX+G6 Paulínia - São Paulo, Brazil;Paulínia;SP;Brazil;;OK
Novvacore Data Center;Novvacore;-23.5877666;-46.6706535;1;2;Facility;Colocation;;https://www.datacentermap.com/brazil/sao-paulo/cma/;2.0;2.0;400.0;400.0;1990.0;Purpose-built;Sole-tenant;;;;;;3.0;;;;;;;;;;;;;;;;;;;;;;;;0;0;0;1;0;;;bloqueado;ok;R. Prof. Filadelfo Azevedo, 712 - Vila Nova Conceição, São Paulo - SP, 04508-011, Brazil;São Paulo;SP;Brazil;04508-011;OK
Connect Web Data Center;Connect Web;-23.6055862;-46.6960933;1;2;Facility;Colocation;;https://www.datacentermap.com/brazil/sao-paulo/connect-web/;;;;;;Retrofitted;Multi-tenant (mixed use);;;;;;3.0;;;;;;;;;;;;;;;;;;;;;;;;0;0;0;0;1;;;bloqueado;ok;Heliponto Plaza Centenário - Av. das Nações Unidas, 12995 - Berrini, São Paulo - SP, 04533-085, Brazil;São Paulo;SP;Brazil;04533-085;OK
Constel Cascavel Centro;Constel Tecnologia;-24.9480313;-53.4498304;1;2;Facility;Colocation;;https://www.datacentermap.com/brazil/cascavel/constel-tecnologia-minas/;;;;;;;;;;;;;;;;;;;;;;;;;;;;;;;;;;;;;0;0;0;0;0;;;bloqueado;ok;R. Minas Gerais, 1932 - Centro, Cascavel - PR, 85812-035, Brazil;Cascavel;PR;Brazil;85812-035;OK
Constel Cascavel Country;Constel Tecnologia;-24.9393548;-53.4416307;1;2;Facility;Colocation;;https://www.datacentermap.com/brazil/cascavel/constel-tecnologia-para/;;;;;;;;;;;;;;;;;;;;;;;;;;;;;;;;;;;;;0;0;2;0;1;;8518.0;bloqueado;ok;R. Pará, 812 - Country, Cascavel - PR, 85813-152, Brazil;Cascavel;PR;Brazil;85813-152;OK
Contato Data Center;Contato Data Center;-28.9420155;-49.4979287;1;2;Facility;Colocation;;https://www.datacentermap.com/brazil/ararangu/contato-cloud/;;;;;;;;;;;;;;;;;;;;;;;;;1.0;1.0;1.0;1.0;1.0;1.0;1.0;;;1.0;1.0;1.0;0;0;0;0;0;;;ok;ok;R. Américo Cavalcante Rabêlo, 241 - Cidade Alta, Araranguá - SC, 88901-052, Brazil;Araranguá;SC;Brazil;88901-052;OK
Convex IDC Ribeirão Preto;Convex Internet Solutions;-21.1852257;-47.8081915;1;2;Facility;Colocation;;https://www.datacentermap.com/brazil/ribeirao-preto/convex-idc-rpo/;;;;;;;;;;;;;3.0;;;;;;;;;;;;;;;;;;;;;;;;0;0;0;0;0;iDC-RPO;4167.0;bloqueado;ok;Jose Fortes Guimaraes - R. Bernardino de Campos, 1001 - Centro, Ribeirão Preto - SP, 14015-130, Brazil;Ribeirão Preto;SP;Brazil;14015-130;OK
COPE-P Brasilia;Telebras;-15.85834223206172;-47.89905002324178;1;2;Facility;Government;;https://www.datacentermap.com/brazil/brasilia/cope-p/;17.5;17.5;4500.0;4500.0;;Purpose-built;Sole-tenant;;2N;;;;4.0;4.0;;;;;;;;;;;;;1.0;1.0;0.0;;;;;1.0;;;0;0;0;0;0;;;ok;ok;44R2+M9 Lago Sul, Brasília - Federal District, Brazil;Brasília;DF;Brazil;;OK
COPE-S Rio de Janeiro;Telebras;-22.82647149440208;-43.17830367112702;1;2;Facility;Government;;https://www.datacentermap.com/brazil/rio-de-janeiro/cope-s/;;;;;;Purpose-built;Sole-tenant;;;;;;;;;;;;;;;;;;;;1.0;1.0;0.0;;;;;1.0;;;0;0;0;0;0;;;ok;ok;5RFC+CM Rio de Janeiro, Brazil;Rio de Janeiro;RJ;Brazil;;OK
CWB-HN 01;Hosting Now;-25.44583383579607;-49.26575676773692;1;2;Facility;Colocation;;https://www.datacentermap.com/brazil/curitiba/cwbhn-01/;;;2000.0;2000.0;2022.0;;;;;1.0;1.0;1.0;;;;;;;;;;;;;;;;;;;;;;;;;0;0;0;1;0;;;bloqueado;ok;R. Brasílio Itiberê, 2217 - Rebouças, Curitiba - PR, 80230-050, Brazil;Curitiba;PR;Brazil;80230-050;OK
Locaweb Data Center Itapaiuna;Locaweb S/A;-23.6416742;-46.7288851;1;2;Facility;Colocation;;https://www.datacentermap.com/brazil/sao-paulo/datacenter-locaweb-itapaiuna/;2.5;2.5;;;;;;;;1.0;;1.0;;;;;;;;;;;;;;;;;;;;;;;;;0;0;4;0;0;;11721.0;bloqueado;ok;R. Itapaiúna, 2434 - Parque do Morumbi, São Paulo - SP, Brazil;São Paulo;SP;Brazil;;OK
Locaweb Data Center JK;Locaweb S/A;-23.5910194;-46.6866995;1;2;Facility;Colocation;;https://www.datacentermap.com/brazil/sao-paulo/datacenter-locaweb-jk/;;;;;;;;;;1.0;;1.0;;;;;;;;;;;;;0.0;0.0;0.0;0.0;0.0;0.0;0.0;;;0.0;1.0;1.0;0;0;0;0;0;;;ok;ok;Av. Pres. Juscelino Kubitschek, 1132 - Vila Olímpia, São Paulo - SP, 04543-000, Brazil;São Paulo;SP;Brazil;04543-000;OK
Avato Santa Maria;Ávato;-29.6957946;-53.7978236;1;2;Facility;Colocation;;https://www.datacentermap.com/brazil/santa-maria/dc-coracao-do-rio-grande/;;;;;;Purpose-built;Sole-tenant;;;;;;;;;;;;;;;;;;0.0;0.0;1.0;1.0;1.0;0.0;1.0;;0.0;0.0;1.0;1.0;0;0;2;0;0;;5927.0;ok;ok;Av. Fernando Ferrari, 1280 - Nossa Sra. de Lourdes, Santa Maria - RS, 97050-800, Brazil;Santa Maria;RS;Brazil;97050-800;OK
Ultranet Telecom DC Fortaleza;Ultranet Telecom;-3.7344285;-38.5049194;1;2;Facility;Colocation;;https://www.datacentermap.com/brazil/fortaleza/dc-ultranet-telecom/;;;;;;;;;;;;;;;;;;;;;;;;;;;;;;;;;;;;;0;0;0;0;0;;;bloqueado;ok;Av. Santos Dumont, 2122 - Sl 1302 - Aldeota, Fortaleza - CE, 60150-162, Brazil;Fortaleza;CE;Brazil;60150-162;OK
Ultranet Telecom DC Centro;Ultranet Telecom;-22.9101794;-43.2044016;1;2;Facility;Colocation;;https://www.datacentermap.com/brazil/rio-de-janeiro/dc-ultranet-telecom1/;;;;;;;;;;;;;;;;;;;;;;;;;0.0;1.0;1.0;1.0;0.0;0.0;0.0;;;0.0;1.0;1.0;0;0;0;0;0;;;ok;ok;Av. Pres. Vargas, nº 3131 - Cidade Nova, Rio de Janeiro - RJ, 20040-010, Brazil;Rio de Janeiro;RJ;Brazil;20040-010;OK
DSI - PAE-A01;DSI Internet;-30.0290429;-51.2045037;1;2;Facility;Colocation;;https://www.datacentermap.com/brazil/porto-alegre/dsi-pae-a01/;;;;;;;;;;;;;;;;;;;;;;;;;;;;;;;;;;;;;0;0;0;0;0;;;bloqueado;ok;R. Mostardeiro, 265 - Rio Branco, Porto Alegre - RS, 90430-001, Brazil;Porto Alegre;RS;Brazil;90430-001;OK
Edge Connection - CPS01;Edge Connection;-22.8148445;-47.0287932;1;2;Facility;Colocation;;https://www.datacentermap.com/brazil/campinas/edge-connection--cps01/;;;;;;;;;2N;;;;3.0;;;;;;;;;;;;;;;;;;;;;;;;0;0;0;0;0;;;bloqueado;ok;Rua Ângelo Sellin, 401 - Jardim Myrian Moreira da Costa, Campinas - SP, 13098-422, Brazil;Campinas;SP;Brazil;13098-422;OK
Elea BEL1;Elea Data Centers;-1.41264568658525;-48.48808399344105;1;0;Facility;Colocation;;https://www.datacentermap.com/brazil/belem/elea-bel1/;100.0;100.0;;;2027.0;Purpose-built;Sole-tenant;;;;;;;;;;;;;;;;;;0.0;1.0;1.0;1.0;0.0;0.0;1.0;;0.0;1.0;0.0;0.0;0;0;0;0;0;;;ok;ok;HGP6+WQ Belém, Pará, Brazil;Belém;PA;Brazil;;OK
Elea BSB1;Elea Data Centers;-15.7883222;-47.8855136;1;2;Facility;Colocation;;https://www.datacentermap.com/brazil/brasilia/elea-digital-bsb1/;4.0;4.0;;;;Purpose-built;;1200.0;N+1;;1.0;;;;1.0;;;;1.0;;;;2.0;2.0;0.0;1.0;1.0;1.0;0.0;0.0;1.0;;0.0;1.0;0.0;0.0;0;0;12;0;0;BSB1;11611.0;ok;ok;0 - SCN Q 3 - St. Comercial, Brasília - DF, 70713-900, Brazil;Brasília;DF;Brazil;70713-900;OK
Elea BSB2;Elea Data Centers;-15.7894869;-47.9115011;1;2;Facility;Colocation;;https://www.datacentermap.com/brazil/brasilia/elea-digital-bsb2/;4.5;4.5;;;;Purpose-built;;1200.0;N+1;;1.0;;3.0;;1.0;;;;1.0;;;;2.0;2.0;0.0;1.0;1.0;1.0;0.0;0.0;1.0;;0.0;1.0;0.0;0.0;0;1;36;0;1;BSB2;11610.0;ok;ok;EPIG, 421 - Sudoeste/Octogonal, Brasília - DF, 70610-420, Brazil;Brasília;DF;Brazil;70610-420;OK
Elea CTA1;Elea Data Centers;-25.4247684;-49.2811411;1;2;Facility;Colocation;;https://www.datacentermap.com/brazil/curitiba/elea-digital-cta1/;1.7;1.7;;;;Purpose-built;;1200.0;N+1;;1.0;;;;1.0;;;;1.0;;;;2.0;2.0;;;;;;;;;;;;;0;0;8;0;0;CTA1;11613.0;bloqueado;ok;Tv. Teixeira de Freitas, 73 - São Francisco, Curitiba - PR, 80410-040, Brazil;Curitiba;PR;Brazil;80410-040;OK
Elea POA1;Elea Data Centers;-30.0344071;-51.1911759;1;2;Facility;Colocation;Carrier Neutral;https://www.datacentermap.com/brazil/porto-alegre/elea-digital-poa1/;1.5;1.5;;;;Retrofitted;;1200.0;N+1;1.0;1.0;;;;1.0;;;;1.0;;;;2.0;2.0;0.0;1.0;1.0;1.0;1.0;0.0;1.0;;0.0;1.0;0.0;0.0;0;0;11;0;0;POA1;11612.0;ok;ok;Rua Engenheiro Afonso Cavalcanti, 100 - Bela Vista, Porto Alegre - RS, 90440-110, Brazil;Porto Alegre;RS;Brazil;90440-110;OK
Elea POA2;Elea Data Centers;-30.0204138;-51.214324;1;2;Facility;Colocation;Carrier Neutral;https://www.datacentermap.com/brazil/porto-alegre/elea-digital-poa2/;7.0;7.0;;;;Retrofitted;;1200.0;N+1;1.0;1.0;;3.0;;1.0;;;;1.0;;;2.0;;;0.0;1.0;1.0;1.0;0.0;0.0;1.0;;0.0;1.0;0.0;0.0;0;0;3;0;0;POA2;12984.0;ok;ok;R. Ramiro Barcelos, 000 - Rio Branco, Porto Alegre - RS, 90035-002, Brazil;Porto Alegre;RS;Brazil;90035-002;OK
Elea RJO1;Elea Data Centers;-22.9683248;-43.3805263;1;2;Facility;Colocation;;https://www.datacentermap.com/brazil/rio-de-janeiro/elea-digital-rjo1/;;;;;2016.0;Purpose-built;;1200.0;N+1;;1.0;;3.0;3.0;1.0;;;;1.0;;;;;;;;;;;;;;;;;;0;0;40;0;0;RJO1;5375.0;bloqueado;ok;R. Vargem Grande, 100 - Barra Olímpica, Rio de Janeiro - RJ, 22775-020, Brazil;Rio de Janeiro;RJ;Brazil;22775-020;OK
Elea SPO1;Elea Data Centers;-23.6518054;-46.7261678;1;2;Facility;Colocation;;https://www.datacentermap.com/brazil/sao-paulo/elea-digital-spo1/;3.5;3.5;;;;Retrofitted;;1200.0;N+1;;1.0;;3.0;;1.0;;;;1.0;;;;2.0;2.0;0.0;1.0;1.0;1.0;0.0;0.0;1.0;;0.0;1.0;0.0;0.0;0;0;16;0;0;SPO1;11609.0;ok;ok;Av. Guido Caloi, 5 - Santo Amaro, São Paulo - SP, 05802-140, Brazil;São Paulo;SP;Brazil;05802-140;OK
Elea SPO2;Elea Data Centers;-23.6774468;-46.5725548;1;2;Facility;Colocation;;https://www.datacentermap.com/brazil/sao-paulo/elea-digital-spo2/;5.0;5.0;;;;;Sole-tenant;;;;;;;;;;;;;;;;;;;;;;;;;;;;;;0;0;1;0;0;SPO2;15433.0;bloqueado;ok;R. Camaçari, 353 - Vila Jordanopolis, São Bernardo do Campo - SP, 09733-000, Brazil;São Bernardo do Campo;SP;Brazil;09733-000;OK
Elea SPO3;Elea Data Centers;-23.5013594;-46.8473233;1;2;Facility;Colocation;;https://www.datacentermap.com/brazil/sao-paulo/elea-digital-spo3/;5.0;5.0;;;2001.0;Purpose-built;Sole-tenant;;;;;;;;;;;;;;;;;;;;;;;;;;;;;;0;0;0;0;0;SPO3;15772.0;bloqueado;ok;Al. Rio Negro, 530 - Alphaville Industrial, Barueri - SP, 06454-000, Brazil;Barueri;SP;Brazil;06454-000;OK
Elea RJO2;Elea Data Centers;-22.96681659168444;-43.38080634198599;1;1;Facility;Colocation;;https://www.datacentermap.com/brazil/rio-de-janeiro/elea-rjo2/;80.0;80.0;;;;Purpose-built;;;;;;;;;;;;;;;;;;;0.0;0.0;1.0;0.0;0.0;0.0;0.0;;0.0;0.0;0.0;0.0;0;0;0;0;0;RJO2;;ok;ok;Est. Arroio Pavuna, 1867 - Barra Olímpica, Rio de Janeiro - RJ, Brazil;Rio de Janeiro;RJ;Brazil;;OK
Elea RJO3;Elea Data Centers;-22.96527862278515;-43.38160795485794;1;0;Facility;Colocation;;https://www.datacentermap.com/brazil/rio-de-janeiro/elea-rjo3/;;;;;;Purpose-built;;;;;;;;;;;;;;;;;;;0.0;0.0;1.0;0.0;0.0;0.0;0.0;;0.0;0.0;0.0;0.0;0;0;0;0;0;RJO3;;ok;ok;Av. Imperatriz Leopoldina, 1673 - Barra Olímpica, Rio de Janeiro - RJ, 22775-020, Brazil;Rio de Janeiro;RJ;Brazil;22775-020;OK
Elea RJO4;Elea Data Centers;-22.96352534540635;-43.38217515289966;1;0;Facility;Colocation;;https://www.datacentermap.com/brazil/rio-de-janeiro/elea-rjo4/;;;;;;Purpose-built;;;;;;;;;;;;;;;;;;;0.0;0.0;1.0;0.0;0.0;0.0;0.0;;0.0;0.0;0.0;0.0;0;0;0;0;0;RJO4;;ok;ok;Est. Arroio Pavuna, 1433 - Jacarepaguá, Rio de Janeiro - RJ, Brazil;Rio de Janeiro;RJ;Brazil;;OK
Enegix Piauí;Enegix;-2.956195978406484;-41.76979620360595;1;0;Facility;Enterprise;Crypto Mining;https://www.datacentermap.com/brazil/parnaiba/enegix-piau/;100.0;100.0;;;;Purpose-built;Sole-tenant;;;;;;;;;;;;;;;;;;;;;;;;;;;;;;0;0;0;0;0;;;bloqueado;ok;26VJ+G3 Parnaíba, Piauí, Brazil;Parnaíba;PI;Brazil;;OK
Engetronics Brasilia;ENGETRONICS INTERNET DATACENTER;-15.7892783;-47.8863236;1;2;Facility;Colocation;;https://www.datacentermap.com/brazil/brasilia/engetronics-brasilia/;;;;;;Retrofitted;Multi-tenant (mixed use);;;;;;;;;;;;;;;;;;0.0;0.0;1.0;1.0;1.0;0.0;1.0;;0.0;0.0;1.0;1.0;0;0;0;0;0;;;ok;ok;607 - SHN Q. 2 - Asa Norte, Brasília - DF, 70702-080, Brazil;Brasília;DF;Brazil;70702-080;OK
Equinix RJ1;Equinix;-22.95490599063348;-43.19455146789551;1;2;Facility;Colocation;;https://www.datacentermap.com/brazil/rio-de-janeiro/equinix-rj1/;;;1400.0;1400.0;;Retrofitted;;;;;;;;;2.0;;;;1.0;;;;;;;;;;;;;;;;;;1;0;62;0;0;RJ1;1586.0;bloqueado;ok;R. Voluntários da Pátria, 360 - Botafogo, Rio de Janeiro - RJ, 22270-010, Brazil;Rio de Janeiro;RJ;Brazil;22270-010;OK
Equinix RJ2;Equinix;-22.87137100666576;-43.2732367515564;1;2;Facility;Colocation;;https://www.datacentermap.com/brazil/rio-de-janeiro/equinix-rj2/;;;2850.0;2850.0;2013.0;Purpose-built;;;;;;;3.0;3.0;2.0;;;;1.0;;;;;;;;;;;;;;;;;;1;0;191;4;1;RJ2;1899.0;bloqueado;ok;Estrada Adhemar Bebiano, 1380 - Del Castilho, Rio de Janeiro - RJ, 21061-750, Brazil;Rio de Janeiro;RJ;Brazil;21061-750;OK
Equinix RJ3;Equinix;-22.7963142;-43.3485363;1;2;Facility;Colocation;Carrier Neutral;https://www.datacentermap.com/brazil/rio-de-janeiro/equinix-rj3/;;;1467.0;1467.0;2025.0;Purpose-built;;;N+2;1.0;1.0;1.0;;;;;;;;;;;;;;;;;;;;;;;;;0;0;6;0;0;RJ3;15048.0;bloqueado;ok;6M32+FH São João de Meriti, Rio de Janeiro, Brazil;São João de Meriti;RJ;Brazil;;OK
Equinix SP1;Equinix;-23.54601881056474;-46.63581758737564;1;2;Facility;Colocation;;https://www.datacentermap.com/brazil/sao-paulo/equinix-sp1/;;;1664.0;1664.0;1998.0;Retrofitted;Multi-tenant (mixed use);;N+1;1.0;1.0;1.0;;;2.0;;;;1.0;;;;;;0.0;1.0;1.0;1.0;1.0;0.0;1.0;;0.0;0.0;1.0;1.0;1;0;90;2;1;SP1;1585.0;ok;ok;R. Dr. Miguel Couto, 58 - Centro Histórico de São Paulo, São Paulo - SP, 01008-010, Brazil;São Paulo;SP;Brazil;01008-010;OK
Equinix SP2;Equinix;-23.50295173401723;-46.8272066116333;1;2;Facility;Colocation;;https://www.datacentermap.com/brazil/sao-paulo/equinix-sp2/;;;3660.0;3660.0;2017.0;;;;;;;;3.0;3.0;2.0;;;;1.0;;;;;;0.0;1.0;1.0;1.0;1.0;0.0;1.0;;0.0;0.0;1.0;1.0;1;0;267;4;1;SP2;1283.0;ok;ok;Alameda Araguaia, 3641 - Tamboré, Barueri - SP, 06455-000, Brazil;Barueri;SP;Brazil;06455-000;OK
Equinix SP3;Equinix;-23.46633659842699;-46.86304092407227;1;2;Facility;Colocation;;https://www.datacentermap.com/brazil/sao-paulo/equinix-sp3/;13.3;13.3;9000.0;9000.0;2017.0;Purpose-built;;;;;;;3.0;3.0;2.0;;;;1.0;;;;;;0.0;1.0;1.0;1.0;1.0;0.0;1.0;;0.0;0.0;1.0;1.0;1;0;147;1;3;SP3;4309.0;ok;ok;Av. Marcos Penteado de Ulhôa Rodrigues, 249 - Res. Tambore III, Santana de Parnaíba - SP, 06543-001, Brazil;Santana de Parnaíba;SP;Brazil;06543-001;OK
Equinix SP4;Equinix;-23.49343730305815;-46.80943965911865;1;2;Facility;Colocation;;https://www.datacentermap.com/brazil/sao-paulo/equinix-sp4/;;;10704.0;10704.0;;Purpose-built;;;;;;;;;2.0;;;;1.0;;;;;;0.0;1.0;1.0;1.0;1.0;0.0;1.0;;0.0;0.0;1.0;0.0;1;1;650;8;4;SP4;165.0;ok;ok;Av. Ceci, 1900 - Res. Tambore, Barueri - SP, 06460-120, Brazil;Barueri;SP;Brazil;06460-120;OK
Equinix SP5x;Equinix;-23.46393786425595;-46.8626817427955;1;2;Facility;Colocation;;https://www.datacentermap.com/brazil/sao-paulo/equinix-sp5x/;14.4;14.4;5087.0;5087.0;2021.0;;;;N+2;1.0;1.0;1.0;;;2.0;1.0;;1.0;1.0;;1.0;2.0;2.0;;1.0;1.0;1.0;0.0;0.0;0.0;1.0;;0.0;0.0;0.0;0.0;0;0;1;0;0;SP5x;14845.0;ok;ok;Av. Marcos Penteado de Ulhôa Rodrigues, 888 - Res. Tambore III, Santana de Parnaíba - SP, 06543-900, Brazil;Santana de Parnaíba;SP;Brazil;06543-900;OK
Equinix SP6;Equinix;-23.4617951;-46.8571846;1;2;Facility;Colocation;;https://www.datacentermap.com/brazil/sao-paulo/equinix-sp6/;;;2975.0;2975.0;2026.0;Purpose-built;Sole-tenant;;;;;;;;;;;;;;;;;;;;;;;;;;;;;;0;0;3;0;0;SP6;15047.0;bloqueado;ok;G4QV+74 Santana de Parnaíba, São Paulo, Brazil;Santana de Parnaíba;SP;Brazil;;OK
Equinix SP7;Equinix;-23.46273037128772;-46.85742464143956;1;1;Facility;Colocation;;https://www.datacentermap.com/brazil/sao-paulo/equinix-sp7/;;;;;;;;;;;;;;;;;;;;;;;;;;;;;;;;;;;;;0;0;0;0;0;;;ok;ok;Av. Marcos Penteado de Ulhôa Rodrigues, 1525 - Res. Tambore III, Santana de Parnaíba - SP, Brazil;Santana de Parnaíba;SP;Brazil;;OK
Everest Digital Data Center;Everest Digital;-16.68937263321776;-49.24135147797131;1;2;Facility;Colocation;;https://www.datacentermap.com/brazil/goiania/everest-digital-data-center/;;;;;;;;;;;;;3.0;3.0;;;;;;;;;;;;;;;;;;;;;;;0;0;0;0;0;;;bloqueado;ok;Av. Fued José Sebba, 364 - Jardim Goiás, Goiânia - GO, 74603-065, Brazil;Goiânia;GO;Brazil;74603-065;OK
EVO-CTA-01;Grupo EVO;-25.4702121;-49.3513786;1;2;Facility;Colocation;AI-Ready;https://www.datacentermap.com/brazil/curitiba/evo-cta-01/;;;;;2025.0;Retrofitted;Sole-tenant;;N;1.0;1.0;;2.0;;;;;;;;;;;;;;;;;;;;;;;;0;0;0;0;0;;;bloqueado;ok;R. Álvaro Maravalhas, 610 - Cidade Industrial de Curitiba, Curitiba - PR, 81270-750, Brazil;Curitiba;PR;Brazil;81270-750;OK
FERENZ NETWORKS SERVIÇOS DE INTERNET LTDA;Ferenz Networks;-26.968319;-52.5254562;1;2;Facility;Colocation;;https://www.datacentermap.com/brazil/xaxim/ferenz-networks/;;;450.0;450.0;;Purpose-built;Sole-tenant;;N+1;1.0;;1.0;1.0;;;;;;;;;;;;1.0;1.0;1.0;1.0;1.0;0.0;0.0;;0.0;0.0;1.0;1.0;0;0;5;0;0;;6871.0;ok;ok;R. Valêncio Mamédio, 11 - Germânico, Xaxim - SC, 89825-000, Brazil;Xaxim;SC;Brazil;89825-000;OK
Cirion RIO1;Cirion;-22.9049983;-43.2179064;1;2;Facility;Colocation;Carrier Neutral, Hyperscale-Ready;https://www.datacentermap.com/brazil/rio-de-janeiro/gblx-rio/;20.0;20.0;5112.0;5112.0;2001.0;Retrofitted;Sole-tenant;;N+1;1.0;1.0;1.0;3.0;;2.0;1.0;;1.0;1.0;;;;;;;;;;;;;;;;;;0;0;121;1;2;RIO1;1374.0;bloqueado;ok;Av. Pedro II, 379 - Imperial de São Cristóvão, Rio de Janeiro - RJ, 20941-070, Brazil;Rio de Janeiro;RJ;Brazil;20941-070;OK
GetTI Data Center;GetCard Provedora de Transações Eletrônicas;-23.4179188;-51.9354338;1;2;Facility;Colocation;;https://www.datacentermap.com/brazil/maringa/getcard-data-center/;;;;;;;;;;;;;;;;;;;;;;;;;;;;;;;;;;;;;0;0;1;1;0;;4057.0;bloqueado;ok;Av. Advogado Horácio Raccanello Filho, 5570 - Zona 07, Maringá - PR, 87020-035, Brazil;Maringá;PR;Brazil;87020-035;OK
GOX DATA CENTER LTDA;GOX DATA CENTER LTDA;-20.070645;-44.5765583;1;2;Facility;Colocation;;https://www.datacentermap.com/brazil/itauna/gox-dc/;;;;;;;;;;;;;;;;;;;;;;;;;;;;;;;;;;;;;0;0;0;0;0;;;bloqueado;ok;R. Zezé Lima, 118 - Centro, Itaúna - MG, 35680-045, Brazil;Itaúna;MG;Brazil;35680-045;OK
Vivo Curitiba Data Center;Vivo;-25.453427;-49.253815;1;2;Facility;Colocation;AI-Ready;https://www.datacentermap.com/brazil/curitiba/gvt-curitiba/;;;200.0;200.0;2011.0;Retrofitted;Sole-tenant;;;;;;3.0;;;;;;;;;;;;;;;;;;;;;;;;0;0;0;1;0;;;bloqueado;ok;R. Iapó, 1408 - Rebouças, Curitiba - PR, 80215-223, Brazil;Curitiba;PR;Brazil;80215-223;OK
Vivo Rio de Janeiro Data Center;Vivo;-22.9032603;-43.2044208;1;2;Facility;Colocation;;https://www.datacentermap.com/brazil/rio-de-janeiro/gvt-rio-de-janeiro/;;;200.0;200.0;2011.0;Retrofitted;Sole-tenant;;;;;;3.0;;;;;;;;;;;;1.0;1.0;1.0;1.0;1.0;1.0;1.0;;;0.0;1.0;1.0;0;0;0;1;0;;;ok;ok;R. Sara, 114 - Santo Cristo, Rio de Janeiro - RJ, 20220-090, Brazil;Rio de Janeiro;RJ;Brazil;20220-090;OK
Vivo São Paulo - Guarulhos Data Center;Vivo;-23.456573;-46.537871;1;2;Facility;Colocation;;https://www.datacentermap.com/brazil/sao-paulo/gvt-sao-paulo/;;;200.0;200.0;2011.0;Retrofitted;Sole-tenant;;;;;;3.0;;;;;;;;;;;;;;;;;;;;;;;;0;0;0;2;0;;;bloqueado;ok;Av. Dr. Timóteo Penteado, 960 - Vila Progresso, Guarulhos - SP, 07094-000, Brazil;Guarulhos;SP;Brazil;07094-000;OK
Hasest SIA;Hasest;-15.7980495;-47.9500677;1;2;Facility;Colocation;;https://www.datacentermap.com/brazil/brasilia/hasest-sia/;;;;;;;;;;;;;;;;;;;;;;;;;1.0;1.0;1.0;1.0;1.0;0.0;1.0;;0.0;1.0;1.0;1.0;0;0;0;0;0;;;ok;ok;SIA Trecho 5, 2882 - Plano Piloto, Brasília - DF, 71205-050, Brazil;Brasília;DF;Brazil;71205-050;OK
HEXAM2;HEXAM2;-22.91009621308617;-43.20449709892273;1;2;Facility;Colocation;;https://www.datacentermap.com/brazil/rio-de-janeiro/hexam2/;;;;;2013.0;Purpose-built;Multi-tenant (data centers only);;;;;;2.0;2.0;;;;;;;;;;;0.0;1.0;1.0;1.0;1.0;1.0;1.0;;;0.0;1.0;1.0;0;0;0;0;0;;;ok;ok;Av. Pres. Vargas, 3131/604 - Centro, Rio de Janeiro - RJ, 20210-030, Brazil;Rio de Janeiro;RJ;Brazil;20210-030;OK
HostDime Brazil (João Pessoa);HostDime Global Corp;-7.115262;-34.880473;1;2;Facility;Colocation;;https://www.datacentermap.com/brazil/joao-pessoa/hostdime-brazil/;1.5;1.5;1858.0;1858.0;2017.0;;;;;1.0;1.0;1.0;3.0;3.0;;;;;;;;;;;;;;;;;;;;;;;0;0;11;0;1;;5210.0;bloqueado;ok;R. Dep. Odon Bezerra, 148 - Tambiá, João Pessoa - PB, 58020-500, Brazil;João Pessoa;PB;Brazil;58020-500;OK
HostDime Brazil (São Paulo);HostDime Global Corp;-23.5979056;-46.8488169;1;2;Facility;Colocation;Carrier Neutral;https://www.datacentermap.com/brazil/sao-paulo/hostdime-so-paulo/;5.9;5.9;2323.0;2323.0;2013.0;;Multi-tenant (data centers only);;N+1;1.0;1.0;1.0;3.0;3.0;1.0;;;;1.0;;;2.0;2.0;;1.0;1.0;1.0;1.0;1.0;1.0;1.0;;0.0;0.0;1.0;1.0;0;0;0;0;0;;;ok;ok;Av. Eid Mansur, 666 - Vila Santo Antonio de Carapicuiba, Cotia - SP, 06708-070, Brazil;Cotia;SP;Brazil;06708-070;OK
Hostweb Fortaleza;Hostweb;-3.781561141089867;-38.55193468110386;1;2;Facility;Colocation;;https://www.datacentermap.com/brazil/fortaleza/hostweb-fortaleza/;;;;;;;;;;;;;3.0;;;;;;1.0;;;;;;;;;;;;;;;;;;0;0;2;0;0;;8277.0;bloqueado;ok;R. Dr. Justa Araújo, 631 - Serrinha, Fortaleza - CE, 60741-025, Brazil;Fortaleza;CE;Brazil;60741-025;OK
Hostzone CGE1;Hostzone;-7.2280191;-35.8828993;1;2;Facility;Colocation;;https://www.datacentermap.com/brazil/campina-grande/hostzone-cge1/;;;;;;;;;;;;;;;;;;;;;;;;;0.0;0.0;1.0;1.0;1.0;0.0;1.0;;0.0;0.0;1.0;1.0;0;0;2;1;0;;14059.0;ok;ok;R. Paulo de Frontin, 505c - Centro, Campina Grande - PB, 58400-310, Brazil;Campina Grande;PB;Brazil;58400-310;OK
HOTlink Internet Data Center;hotlink internet ltda;-8.055152;-34.9105355;1;2;Facility;Colocation;;https://www.datacentermap.com/brazil/recife/hotlink-internet/;;;;;;Purpose-built;Sole-tenant;;;1.0;;;;;;;;;;;;;;;;;;;;;;;;;;;0;0;2;0;0;;10656.0;bloqueado;ok;R. Manuel Bezerra, 175 - Madalena, Recife - PE, 50610-250, Brazil;Recife;PE;Brazil;50610-250;OK
Hunti CTA1;Hunti Data;-25.4598581;-49.2889804;1;2;Facility;Colocation;;https://www.datacentermap.com/brazil/curitiba/hunti-cta1/;;;;;;;;;;;;;;;;;;;;;;;;;;;;;;;;;;;;;0;0;0;0;0;;;bloqueado;ok;Av. Rep. Argentina, 1505 - Água Verde, Curitiba - PR, 80620-010, Brazil;Curitiba;PR;Brazil;80620-010;OK
IDC Centro;Reitec Fibra;-15.7978188;-47.8949725;1;2;Facility;Colocation;Hyperscale-Ready;https://www.datacentermap.com/brazil/brasilia/idc-centro/;;;;;;;;;;;;;;;;;;;;;;;;;1.0;1.0;1.0;1.0;1.0;1.0;1.0;;0.0;1.0;1.0;1.0;0;0;0;0;0;;;ok;ok;BL O Novo Centro Multiempresarial - SRTVS Qd, 701 - Asa Sul, Brasília - DF, 70340-000, Brazil;Brasília;DF;Brazil;70340-000;OK
IDX Data Centers & IT Services;IDX Data Centers & IT Services;-10.1875328;-48.340776;1;2;Facility;Colocation;;https://www.datacentermap.com/brazil/palmas/idx-data-centers-it-services/;1.2;1.2;250.0;250.0;2022.0;Purpose-built;Multi-tenant (mixed use);;N+1;1.0;1.0;1.0;3.0;;;1.0;;;1.0;;;;;;;;;;;;;;;;;;0;0;5;0;0;;13806.0;bloqueado;ok;Q. 103 Sul Rua SO 5, 274 - Plano Diretor Sul, Palmas - TO, 77015-018, Brazil;Palmas;TO;Brazil;77015-018;OK
IPXON Fortaleza;IPXON Networks;-3.8308368;-38.6112238;1;2;Facility;Colocation;Carrier Neutral;https://www.datacentermap.com/brazil/fortaleza/ipxon-fortaleza/;27.0;27.0;1900.0;1900.0;2021.0;Purpose-built;Multi-tenant (data centers only);;2N+2;1.0;;1.0;3.0;;;;;;;;;;;;;;;;;;;;;;;;0;0;0;0;0;;;bloqueado;ok;R. Dez, 117 - Senador José Afonso Sancho, Maracanaú - CE, 60730-190, Brazil;Maracanaú;CE;Brazil;60730-190;OK
IPXON Rio de Janeiro;IPXON Networks;-22.8059797;-43.3480982;1;2;Facility;Colocation;;https://www.datacentermap.com/brazil/rio-de-janeiro/ipxon-rio-de-janeiro/;10.0;10.0;;;2021.0;Retrofitted;Multi-tenant (data centers only);;N+1;1.0;;;3.0;;;;;;;;;;;;0.0;0.0;1.0;1.0;1.0;0.0;1.0;;0.0;1.0;0.0;0.0;0;0;0;0;0;;;ok;ok;R. Nova, 215 - Parque Juriti, São João de Meriti - RJ, 25585-055, Brazil;São João de Meriti;RJ;Brazil;25585-055;OK
IPXON Sao Paulo;IPXON Networks;-23.4920457;-46.7760135;1;2;Facility;Colocation;;https://www.datacentermap.com/brazil/sao-paulo/ipxon-sao-paulo/;12.0;12.0;;;2021.0;Retrofitted;Multi-tenant (data centers only);;N+2;1.0;;1.0;3.0;;;;;;;;;;;;;;;;;;;;;;;;0;0;0;0;0;GRU1;;bloqueado;ok;Av. Roberto Pinto Sobrinho, 350 - Vila Menck, Osasco - SP, 06276-125, Brazil;Osasco;SP;Brazil;06276-125;OK
KingHost Data Center;KingHost;-30.0175841;-51.1971931;1;2;Facility;Colocation;;https://www.datacentermap.com/brazil/porto-alegre/kinghost/;;;;;;;;;;;;;;;;;;;;;;;;;;;;;;;;;;;;;0;0;0;0;0;;;bloqueado;ok;Av. Benjamin Constant, 1840 - São João, Porto Alegre - RS, 90550-002, Brazil;Porto Alegre;RS;Brazil;90550-002;OK
Kyndryl Hortolandia;Kyndryl;-22.90004171218494;-47.20120587899308;1;2;Facility;Colocation;;https://www.datacentermap.com/brazil/sao-paulo/kyndryl-dc-hortolandia/;2.966;2.966;;;;;;;;;;;;;;;;;;;;;;;;;;;;;;;;;;;0;0;0;0;0;BRMM;;bloqueado;ok;Rod. Jorn. Francisco A Proenca, 638 - Rp 2-7, Hortolândia - SP, 13188-129, Brazil;Hortolândia;SP;Brazil;13188-129;OK
Local DC Campinas;Local DC;-22.9050824;-47.0613327;1;2;Facility;Colocation;;https://www.datacentermap.com/brazil/campinas/local-dc-campinas/;12.0;12.0;10000.0;10000.0;2026.0;Retrofitted;Multi-tenant (data centers only);;;;;;;;;;;;;;;;;;;;;;;;;;;;;;0;0;0;0;0;;;bloqueado;ok;R. Guilherme Klavin, 99 - Jardim Marajoara, Nova Odessa - SP, 13380-412, Brazil;Nova Odessa;SP;Brazil;13380-412;OK
Lumen Fortaleza;Lumen;-3.7418705;-38.4537917;1;2;Facility;Colocation;;https://www.datacentermap.com/brazil/fortaleza/lumen-fortaleza/;;;;;;;;;;;;;;;;;;;;;;;;;;;;;;;;;;;;;0;0;0;0;1;;15909.0;bloqueado;ok;Av. Dioguinho, 2950 - Vicente Pinzón, Fortaleza - CE, 60182-001, Brazil;Fortaleza;CE;Brazil;60182-001;OK
Cirion SAO1;Cirion;-23.5979329;-46.848808;1;2;Facility;Colocation;Carrier Neutral, Hyperscale-Ready;https://www.datacentermap.com/brazil/sao-paulo/lumen-parque-sao-georgia/;20.0;20.0;9826.0;9826.0;;;Multi-tenant (data centers only);;N+1;1.0;1.0;1.0;3.0;3.0;1.0;1.0;;1.0;1.0;1.0;;;;;1.0;1.0;1.0;1.0;0.0;0.0;1.0;;0.0;1.0;1.0;1.0;0;0;0;1;1;SAO1;4490.0;ok;ok;Av. Eid Mansur, 666 - Vila Santo Antonio de Carapicuiba, Cotia - SP, 06708-070, Brazil;Cotia;SP;Brazil;06708-070;OK
Maila Networks DC1;Maila Networks;-30.0283916;-51.2297492;1;2;Facility;Colocation;;https://www.datacentermap.com/brazil/porto-alegre/maila-networks-dc1/;;;;;;;;;;;;;;;;;;;;;;;;;;;;;;;;;;;;;0;0;0;0;0;;11201.0;bloqueado;ok;R. Siqueira Campos, 1205 - Centro Histórico, Porto Alegre - RS, 90010-001, Brazil;Porto Alegre;RS;Brazil;90010-001;OK
Maila Networks - DC2;Maila Networks;-30.0121095;-51.1432885;1;2;Facility;Colocation;;https://www.datacentermap.com/brazil/porto-alegre/maila-networks-dc2/;;;;;;;;;;;;;;;;;;;;;;;;;;;;;;;;;;;;;0;0;1;0;0;;15692.0;bloqueado;ok;R. Gomes de Freitas, 216 - Jardim Itu, Porto Alegre - RS, 91380-390, Brazil;Porto Alegre;RS;Brazil;91380-390;OK
Master da Web;Master da Web;-19.9408887;-43.9240841;1;2;Facility;Colocation;;https://www.datacentermap.com/brazil/belo-horizonte/master-da-web/;;;;;;;;;;;;;;;;;;;;;;;;;0.0;0.0;1.0;1.0;1.0;0.0;1.0;;1.0;1.0;1.0;1.0;0;0;0;0;0;;;ok;ok;R. Pirapetinga, 196 - Serra, Belo Horizonte - MG, 30220-150, Brazil;Belo Horizonte;MG;Brazil;30220-150;OK
SBA Edge Sao Paulo;SBA Edge;-23.6465586;-46.7175713;1;2;Facility;Colocation;;https://www.datacentermap.com/brazil/sao-paulo/matrix/;2.0;2.0;1600.0;1600.0;2001.0;Retrofitted;Sole-tenant;;;;;;3.0;;1.0;;;;1.0;;;;;;1.0;1.0;1.0;1.0;1.0;1.0;1.0;;0.0;0.0;1.0;1.0;0;0;26;2;0;;4162.0;ok;ok;R. José Abrantes, 186 - Santo Amaro, São Paulo - SP, 04756-010, Brazil;São Paulo;SP;Brazil;04756-010;OK
Latitude.sh SAO;Latitude.sh;-23.5799648;-46.6410651;1;2;Facility;Neocloud;;https://www.datacentermap.com/brazil/sao-paulo/maxihost/;1.0;1.0;400.0;400.0;2016.0;Purpose-built;Sole-tenant;;;;;;3.0;3.0;;;;;;;;;;;0.0;0.0;1.0;1.0;1.0;0.0;1.0;;0.0;0.0;1.0;1.0;0;0;0;2;0;;;ok;ok;Rua Dr. Eduardo Martinelli, 84 - Vila Mariana, São Paulo - SP, 04013-050, Brazil;São Paulo;SP;Brazil;04013-050;OK
Microsoft Hortolandia;Microsoft;-22.8453232;-47.2355628;1;1;Facility;Hyperscaler;;https://www.datacentermap.com/brazil/sao-paulo/microsoft-hortolandia/;;;;;;Purpose-built;Sole-tenant;;;;;;;;;;;;;;;;;;;;;;;;;;;;;;0;0;0;0;0;;;ok;ok;5Q37+VQ Hortolândia, São Paulo, Brazil;Hortolândia;SP;Brazil;;OK
Microsoft Sao Paulo;Microsoft;-23.4841697;-46.7142191;1;2;Facility;Hyperscaler;;https://www.datacentermap.com/brazil/sao-paulo/microsoft-sao-paulo/;;;;;;;;;;;;;;;;;;;;;;;;;;;;;;;;;;;;;0;0;0;0;0;;;ok;ok;R. Santa Teresa de Ávila, 66 - Jardim Sao Jose, São Paulo - SP, 02970-020, Brazil;São Paulo;SP;Brazil;02970-020;OK
Microsoft Taquara Branca;Microsoft;-22.8787486;-47.2446609;1;1;Facility;Hyperscaler;;https://www.datacentermap.com/brazil/sao-paulo/microsoft-taquara-branca/;;;;;;Purpose-built;;;;;;;;;;;;;;;;;;;;;;;;;;;;;;;0;0;0;0;0;;;ok;ok;4QC3+CX - Jardim Amanda I, Hortolândia - São Paulo, Brazil;Hortolândia;SP;Brazil;;OK
MiniDC MCR1;MiniDC by tryideas;-24.5647801;-54.05378289999999;1;2;Facility;Colocation;;https://www.datacentermap.com/brazil/sao-paulo/minidc-mcr1/;;;;;;;;;;;;;;;;;;;;;;;;;0.0;0.0;0.0;0.0;1.0;0.0;1.0;;0.0;1.0;0.0;1.0;0;0;1;0;0;;12365.0;ok;ok;R. Santa Catarina, 311 - Centro, Mal. Cândido Rondon - PR, 85960-000, Brazil;Marechal Cândido Rondon;PR;Brazil;85960-000;OK
NextStream Tamboré;NextStream;-23.4641876;-46.8588568;1;2;Facility;Colocation;;https://www.datacentermap.com/brazil/sao-paulo/nabiax-tambore/;6.1;6.1;4600.0;4600.0;2012.0;;;;;;;;3.0;3.0;;;;;;;;;;;;;;;;;;;;;;;0;0;0;0;0;;;bloqueado;ok;Av. Marcos Penteado de Ulhôa Rodrigues, 1460 - Res. Tambore III, Santana de Parnaíba - SP, 06543-001, Brazil;Santana de Parnaíba;SP;Brazil;06543-001;OK
NextStream Curitiba;NextStream;-25.49543025558597;-49.32874498873221;1;2;Facility;Colocation;;https://www.datacentermap.com/brazil/curitiba/nextstream-curitiba/;0.7;0.7;582.0;582.0;;;;;;;;;;;;;;;;;;;;;;;;;;;;;;;;;0;0;0;0;0;;;bloqueado;ok;Rua Senador Accioly Filho, 2200 - Cidade Industrial de Curitiba, Curitiba - PR, 81350-200, Brazil;Curitiba;PR;Brazil;81350-200;OK
NICNET - Cravinhos - Data Center;Nicnet Telecom Ltda;-21.3374876;-47.7344121;1;2;Facility;Colocation;;https://www.datacentermap.com/brazil/cravinhos/nicnet-cravinhos-data-center/;;;;;2025.0;;;;;;;;;;;;;;;;;;;;;;;;;;;;;;;;0;0;0;0;0;;;bloqueado;ok;R. Cesário Motta, 231, Cravinhos - SP, 14140-000, Brazil;Cravinhos;SP;Brazil;14140-000;OK
NUV Datacenter - NUV1;NUV Datacenter;-20.2226002;-40.2710429;1;2;Facility;Colocation;;https://www.datacentermap.com/brazil/vitoria/nuv-datacenter-nuv1/;;;;;;;;;;;;;;;;;;;;;;;;;0.0;1.0;1.0;1.0;0.0;0.0;1.0;;;0.0;0.0;0.0;0;0;12;0;0;NUV1;12556.0;ok;ok;em cima Madeireira Rondônia - Rua Fioravanet Cassini, 28 - 2º andar - Diamantina, Serra - ES, 29160-855, Brazil;Serra;ES;Brazil;29160-855;OK
NUV Datacenter - NUV2;NUV Datacenter;-20.3137649;-40.2941776;1;2;Facility;Colocation;;https://www.datacentermap.com/brazil/vitoria/nuv-datacenter-nuv2/;;;;;;;;;;;;;;;;;;;;;;;;;0.0;1.0;1.0;1.0;0.0;0.0;1.0;;;0.0;0.0;0.0;0;0;6;0;0;NUV2;12557.0;ok;ok;R. Prof. Almeida Cousin, 125 - Enseada do Suá, Vitória - ES, 29050-565, Brazil;Vitória;ES;Brazil;29050-565;OK
NWI Datacenter Brasília SIG;NWI;-15.79208893311143;-47.91015569951395;1;2;Facility;Colocation;;https://www.datacentermap.com/brazil/brasilia/nwi-brasilia/;;;;;;;;;;;;;4.0;;;;;;;;;;;;1.0;1.0;1.0;1.0;1.0;0.0;1.0;;;0.0;1.0;1.0;0;0;2;1;0;;7230.0;ok;ok;SIG Quadra 1, 715 - Sudoeste/Octogonal, Brasília - DF, 70610-410, Brazil;Brasília;DF;Brazil;70610-410;OK
ODATA SP02 DC1;ODATA, an Aligned Data Centers Company;-22.900571;-47.19466;1;2;Facility;Colocation;;https://www.datacentermap.com/brazil/sao-paulo/odata-sp02-dc1/;;;;;2020.0;Purpose-built;;;;;;;;;1.0;1.0;1.0;;1.0;;;;;;;;;;;;;;;;;;0;0;0;0;0;;;bloqueado;ok;R. José Blumer, 150 - Chácaras Assay, Hortolândia - SP, 13186-510, Brazil;Hortolândia;SP;Brazil;13186-510;OK
ODATA SP02 DC2;ODATA, an Aligned Data Centers Company;-22.90168622626165;-47.19386399262817;1;2;Facility;Colocation;;https://www.datacentermap.com/brazil/sao-paulo/odata-sp02-dc2/;;;;;2025.0;Purpose-built;;;;;;;;;1.0;1.0;1.0;;1.0;;;;;;;;;;;;;;;;;;0;0;0;0;0;;;bloqueado;ok;Estr. Antônio Carlos Martins, 355 - Chácaras Assay, Hortolândia - SP, 13186-521, Brazil;Hortolândia;SP;Brazil;13186-521;OK
ODATA SP04;ODATA, an Aligned Data Centers Company;-23.48330711230518;-46.77617843757606;1;2;Facility;Colocation;AI-Ready;https://www.datacentermap.com/brazil/sao-paulo/odata-sp04/;48.0;48.0;27422.0;27422.0;2025.0;Purpose-built;;;;;;;;;;;;;;;;;;;1.0;1.0;1.0;1.0;0.0;0.0;1.0;;0.0;0.0;0.0;0.0;0;0;0;1;0;SP-04;;ok;ok;R. Herman, 2 - Industrial Anhangüera, Osasco - SP, 06276-030, Brazil;Osasco;SP;Brazil;06276-030;OK
Parks Data Center Cachoeirinha;Parks S/A Comunicações Digitais;-29.93029341315945;-51.10729266012558;1;1;Facility;Colocation;;https://www.datacentermap.com/brazil/porto-alegre/parks-data-center-cachoeirinha/;5.0;5.0;;;2026.0;Purpose-built;Sole-tenant;;;;;;3.0;;;;;;;;;;;;;;;;;;;;;;;;0;0;0;0;0;;;bloqueado;ok;Av. Cruzeiro, 530 - Distrito Industrial, Cachoeirinha - RS, 94930-615, Brazil;Cachoeirinha;RS;Brazil;94930-615;OK
Piauí Link Data Center;ETIPI - PI;-5.106522106753856;-42.81234212673621;1;2;Facility;Colocation;;https://www.datacentermap.com/brazil/teresina/piau-link-data-center/;;;;;;;;;;1.0;1.0;;3.0;;;;;;;;;;;;0.0;0.0;1.0;1.0;1.0;0.0;0.0;;0.0;0.0;0.0;0.0;0;0;0;0;0;;;ok;ok;Av. Pedro Freitas, 1554 - Vermelha, Teresina - PI, 64018-000, Brazil;Teresina;PI;Brazil;64018-000;OK
PIX G8 Aracaju;Megatelecom;-10.9162733;-37.0493841;1;2;Facility;Colocation;;https://www.datacentermap.com/brazil/aracaju/pix-g8-aracaju/;;;;;;;;;;;;;;;;;;;;;;;;;0.0;0.0;1.0;1.0;1.0;0.0;0.0;;;0.0;0.0;0.0;0;0;1;0;0;;5422.0;ok;ok;R. Pacatuba, 254 - Centro, Aracaju - SE, 49010-150, Brazil;Aracaju;SE;Brazil;49010-150;OK
PIX G8 Brasilia;Megatelecom;-15.7866473;-47.8905467;1;2;Facility;Colocation;;https://www.datacentermap.com/brazil/brasilia/pix-g8-brasilia/;;;;;;;;;;;;;;;;;;;;;;;;;0.0;0.0;1.0;1.0;1.0;0.0;0.0;;;0.0;0.0;0.0;0;0;16;1;0;;11663.0;ok;ok;SCN Q. 6, 14 - Asa Norte, Brasília - DF, 70716-000, Brazil;Brasília;DF;Brazil;70716-000;OK
PIX G8 Goiania;Megatelecom;-16.714315;-49.26494839999999;1;2;Facility;Colocation;;https://www.datacentermap.com/brazil/goiania/pix-g8-goiania/;;;;;;;;;;;;;;;;;;;;;;;;;;;;;;;;;;;;;0;0;15;0;0;;2223.0;bloqueado;ok;Av. T-63, 3182 - St. Bueno, Goiânia - GO, 74250-320, Brazil;Goiânia;GO;Brazil;74250-320;OK
PIX G8 Manaus;Megatelecom;-3.1153562;-60.01181150000001;1;2;Facility;Colocation;;https://www.datacentermap.com/brazil/manaus/pix-g8-manaus/;;;;;;;;;;;;;;;;;;;;;;;;;;;;;;;;;;;;;0;0;2;0;0;;12214.0;bloqueado;ok;Rod. Álvaro Maia, 2357 - Adrianópolis, Manaus - AM, 69057-035, Brazil;Manaus;AM;Brazil;69057-035;OK
PIX G8 Sao Paulo;Megatelecom;-23.6070262;-46.6944171;1;2;Facility;Colocation;;https://www.datacentermap.com/brazil/sao-paulo/pix-g8-sao-paulo/;;;;;;;;;;;;;;;;;;;;;;;;;;;;;;;;;;;;;0;0;19;0;0;;1099.0;bloqueado;ok;R. Flórida, 1738 - Conj 121A - Cidade Monções, São Paulo - SP, 04565-001, Brazil;São Paulo;SP;Brazil;04565-001;OK
ProveNET IDC;ProveNET Internet Services LTDA;-3.7356148;-38.466709;1;2;Facility;Colocation;;https://www.datacentermap.com/brazil/fortaleza/provenet-idc/;;;;;;;;;;;;;;;;;;;;;;;;;;;;;;;;;;;;;0;0;13;0;0;;6563.0;bloqueado;ok;Rua Isaías Domingos da Silveira, 215 - Sala 01 - De Lourdes, Fortaleza - CE, 60177-180, Brazil;Fortaleza;CE;Brazil;60177-180;OK
QNAX Data Center;QNAX Data Center;-23.5042049;-46.6803806;1;2;Facility;Colocation;;https://www.datacentermap.com/brazil/sao-paulo/qnax-data-center/;;;;;;;;;;;;;;;;;;;;;;;;;;;;;;;;;;;;;0;0;1;0;0;SP1;5873.0;bloqueado;ok;Av. Nossa Senhora do Ó, 865 - 1813 - Limão, São Paulo - SP, 02715-000, Brazil;São Paulo;SP;Brazil;02715-000;OK
Quântico Data Center;Quântico Data Center;-29.9040072;-51.1283808;1;2;Facility;Colocation;;https://www.datacentermap.com/brazil/porto-alegre/quantico-canoas/;50.0;50.0;73000.0;73000.0;2021.0;Purpose-built;Sole-tenant;;;;;;4.0;;;;;;;;;;;;;;;;;;;;;;;;0;0;0;0;0;;;bloqueado;ok;R. Eng. Homero Carlos Simon, 1100 - Guajuviras, Canoas - RS, 92442-000, Brazil;Canoas;RS;Brazil;92442-000;OK
Ascenty - Hortolandia HTL1;Ascenty Data Centers;-22.8963861;-47.1784993;1;2;Facility;Colocation;Carrier Neutral;https://www.datacentermap.com/brazil/campinas/r-papa-joao-paulo-ii-4/;10.0;10.0;3995.0;3995.0;2015.0;Retrofitted;;1564.0;N+1;1.0;1.0;1.0;3.0;;1.0;1.0;1.0;1.0;1.0;1.0;1.0;2.0;2.0;2.0;1.0;1.0;1.0;1.0;0.0;1.0;1.0;;0.0;0.0;0.0;0.0;0;0;11;0;0;HTL01;7586.0;ok;ok;R. Papa João Paulo II, 4 - Jardim Santa Izabel, Hortolândia - SP, 13185-252, Brazil;Hortolândia;SP;Brazil;13185-252;OK
Ascenty - Paulinia PLN1;Ascenty Data Centers;-22.7970795;-47.1352301;1;2;Facility;Colocation;Carrier Neutral;https://www.datacentermap.com/brazil/campinas/r-sebastião-cardoso/;13.0;13.0;;;2019.0;Purpose-built;;1526.0;N+2;1.0;1.0;1.0;3.0;;1.0;1.0;1.0;1.0;1.0;1.0;1.0;2.0;2.0;2.0;1.0;1.0;1.0;1.0;0.0;1.0;1.0;;0.0;0.0;0.0;0.0;0;0;2;0;0;PLN01;7591.0;ok;ok;R. Sebastião Cardoso, 350 - Jardim Okinawa, Paulínia - SP, 13140-000, Brazil;Paulínia;SP;Brazil;13140-000;OK
R4 Data Center;R4 Data Center;-23.417585;-51.9393961;1;2;Facility;Colocation;;https://www.datacentermap.com/brazil/maringa/r4-data-center/;;;;;1995.0;;;;;1.0;;1.0;;;;;;;;;;;;;;;;;;;;;;;;;0;0;0;0;0;;;bloqueado;ok;Av. João Paulino Vieira Filho, 882 - Zona 07, Maringá - PR, 87020-015, Brazil;Maringá;PR;Brazil;87020-015;OK
R4C Datacenter;R4C;-23.00337473995276;-43.31882357597351;1;2;Facility;Colocation;;https://www.datacentermap.com/brazil/rio-de-janeiro/r4c-networks/;;;;;;;;;;1.0;;;2.0;;;;;;;;;;;;0.0;0.0;1.0;1.0;1.0;0.0;0.0;;;0.0;1.0;1.0;0;0;0;0;0;;;ok;ok;Av. das Américas, 500 - Barra da Tijuca, Rio de Janeiro - RJ, 22640-100, Brazil;Rio de Janeiro;RJ;Brazil;22640-100;OK
Atlantic Data Center Recife 1;Atlantic Data Centers;-8.0658641;-34.9880118;1;1;Facility;Colocation;;https://www.datacentermap.com/brazil/recife/recife1/;6.0;6.0;;;;;;;;;;;3.0;;;;;;;;;;;;;;;;;;;;;;;;0;0;0;0;0;;;bloqueado;ok;R. Poe. Carlos Drumond de Andrade, 536 - Várzea, Recife - PE, 50950-000, Brazil;Recife;PE;Brazil;50950-000;OK
RGK4IT Data Center;RGK4IT;-23.4554895;-51.9151828;1;2;Facility;Colocation;;https://www.datacentermap.com/brazil/maringa/rgk4it-data-center/;;;;;;;;;;1.0;1.0;1.0;;;;;;;;;;;;;;;;;;;;;;;;;0;0;0;0;0;;8205.0;bloqueado;ok;Av. José Alves Nendo, 467 - Jardim São Silvestre, Maringá - PR, 87055-000, Brazil;Maringá;PR;Brazil;87055-000;OK
Rio AI City;Elea Data Centers;-22.9663990193939;-43.37684022647017;1;2;Campus;Colocation;;https://www.datacentermap.com/brazil/rio-de-janeiro/rio-ai-city/;;;;;;;;;;;;;;;;;;;;;;;;;;;;;;;;;;;;;0;0;0;0;0;;;ok;ok;Av. Ricardo Eugênio Boechat, 615 - Barra Olímpica, Rio de Janeiro - RJ, Brazil;Rio de Janeiro;RJ;Brazil;;OK
RiverHook Village 18 Campus;RiverHook Village 18;-22.912227;-45.413716;1;0;Campus;Colocation;Hyperscale-Ready;https://www.datacentermap.com/brazil/sao-paulo/riverhook-village-18-campus/;300.0;300.0;;;2029.0;Purpose-built;;;;;;;;;;;;;;;;;;;;;;;;;;;;;;;0;0;0;0;0;;;ok;ok;3HQP+4G Pindamonhangaba, SP, Brazil;Pindamonhangaba;SP;Brazil;;OK
RiverHook Village 18 DC1;RiverHook Village 18;-22.913869;-45.413605;1;0;Facility;Colocation;Hyperscale-Ready;https://www.datacentermap.com/brazil/sao-paulo/riverhook-village-18-dc1/;150.0;150.0;;;2029.0;Purpose-built;;;;;;;;;;;;;;;;;;;0.0;0.0;0.0;0.0;0.0;0.0;0.0;;0.0;0.0;0.0;0.0;0;0;0;0;0;;;ok;ok;3HPP+FH Pindamonhangaba, SP, Brazil;Pindamonhangaba;SP;Brazil;;OK
RiverHook Village 18 DC2;RiverHook Village 18;-22.911549;-45.415284;1;0;Facility;Colocation;Hyperscale-Ready;https://www.datacentermap.com/brazil/sao-paulo/riverhook-village-18-dc2/;150.0;150.0;;;2031.0;Purpose-built;;;;;;;;;;;;;;;;;;;0.0;0.0;0.0;0.0;0.0;0.0;0.0;;0.0;0.0;0.0;0.0;0;0;0;0;0;;;ok;ok;3HQM+9V Pindamonhangaba, SP, Brazil;Pindamonhangaba;SP;Brazil;;OK
Ascenty - Sumare SUM1;Ascenty Data Centers;-22.8132231;-47.2126154;1;2;Facility;Colocation;Carrier Neutral;https://www.datacentermap.com/brazil/campinas/rodovia-anhanguera-bldg-1/;14.0;14.0;;;2017.0;;;1564.0;N+1;1.0;1.0;1.0;3.0;;1.0;1.0;1.0;1.0;1.0;1.0;1.0;2.0;2.0;2.0;1.0;1.0;1.0;1.0;0.0;1.0;1.0;;0.0;0.0;0.0;0.0;0;0;1;0;0;SUM01;7584.0;ok;ok;5QPP+PX Sumaré, São Paulo, Brazil;Sumaré;SP;Brazil;;OK
Ascenty - Sumare SUM2;Ascenty Data Centers;-22.8138615;-47.2133634;1;2;Facility;Colocation;Carrier Neutral;https://www.datacentermap.com/brazil/campinas/rodovia-anhanguera-bldg-2/;20.0;20.0;;;2019.0;;;1564.0;N+1;1.0;1.0;1.0;3.0;0.0;1.0;1.0;1.0;1.0;1.0;1.0;1.0;2.0;2.0;2.0;1.0;1.0;1.0;1.0;0.0;1.0;1.0;;0.0;0.0;0.0;0.0;0;0;1;0;0;SUM02;7585.0;ok;ok;5QPP+FM Sumaré, São Paulo, Brazil;Sumaré;SP;Brazil;;OK
Insidesign Ribeirao Data Center;Insidesign Tecnologia Ltda EPP;-21.1622069;-47.8011541;1;2;Facility;Colocation;;https://www.datacentermap.com/brazil/sao-paulo/rpodc/;;;;;;Retrofitted;Multi-tenant (mixed use);;N+1;1.0;;;;;;;;;;;;;;;;;;;;;;;;;;;0;0;0;0;0;;5718.0;bloqueado;ok;Av. Saudade, 1210 - Campos Elísios, Ribeirão Preto - SP, 14085-010, Brazil;Ribeirão Preto;SP;Brazil;14085-010;OK
RT-One Uberlândia;RT-One;-18.94893942693562;-48.33580789389012;1;0;Facility;Colocation;;https://www.datacentermap.com/brazil/uberlandia/rt-one-uberlndia/;400.0;400.0;;;;;;;;;;;;;;;;;;;;;;;1.0;1.0;1.0;1.0;0.0;0.0;0.0;;1.0;0.0;0.0;0.0;0;0;0;0;0;;;ok;ok;3M27+CM Uberlândia, Minas Gerais, Brazil;Uberlândia;MG;Brazil;;OK
Ascenty - Hortolandia HTL2;Ascenty Data Centers;-22.8949687;-47.1794405;1;2;Facility;Colocation;Carrier Neutral;https://www.datacentermap.com/brazil/campinas/rua-papa-joao-paulo-ii-4-building-2/;7.0;7.0;2991.0;2991.0;2019.0;Retrofitted;;1564.0;N+1;1.0;1.0;1.0;3.0;;1.0;1.0;1.0;1.0;1.0;1.0;1.0;2.0;2.0;2.0;1.0;1.0;1.0;1.0;0.0;1.0;1.0;;0.0;0.0;0.0;0.0;0;0;2;0;0;HTL02;7587.0;ok;ok;R. Ema Frederici Geraldeli, 186 - Jardim Santa Izabel, Hortolândia - SP, 13185-321, Brazil;Hortolândia;SP;Brazil;13185-321;OK
Ascenty - Hortolandia HTL3;Ascenty Data Centers;-22.8942092;-47.1797024;1;2;Facility;Colocation;Carrier Neutral;https://www.datacentermap.com/brazil/campinas/rua-papa-joao-paulo-ii-4-building-3/;3.0;3.0;1997.0;1997.0;2019.0;Retrofitted;;1564.0;N+1;1.0;1.0;1.0;3.0;;1.0;1.0;1.0;1.0;1.0;1.0;1.0;2.0;2.0;2.0;1.0;1.0;1.0;1.0;0.0;1.0;1.0;;0.0;0.0;0.0;0.0;0;0;1;0;0;HTL03;7588.0;ok;ok;Rua Orlando Giraldelli, 10 - Jardim Sumarezinho, Hortolândia - SP, 13185-240, Brazil;Hortolândia;SP;Brazil;13185-240;OK
Ascenty - Fortaleza FTZ1;Ascenty Data Centers;-3.8308368;-38.6112238;1;2;Facility;Colocation;Carrier Neutral;https://www.datacentermap.com/brazil/fortaleza/rua-quatorze-1161/;10.0;10.0;8993.0;8993.0;2015.0;;Multi-tenant (data centers only);1564.0;N+2;1.0;1.0;1.0;3.0;;2.0;1.0;1.0;1.0;1.0;1.0;1.0;2.0;2.0;2.0;;;;;;;;;;;;;0;1;56;0;1;FTZ01;5140.0;bloqueado;ok;R. Dez, 117 - Senador José Afonso Sancho, Maracanaú - CE, 60730-190, Brazil;Maracanaú;CE;Brazil;60730-190;OK
Scala AI City;Scala Data Centers;-30.07425077314578;-51.49400150419427;1;0;Campus;Colocation;;https://www.datacentermap.com/brazil/porto-alegre/scala-ai-city/;;;;;;;;;;;;;;;;;;;;;;;;;;;;;;;;;;;;;0;0;0;0;0;;;bloqueado;ok;WGG4+79 Bom Retiro, Eldorado do Sul - RS, Brazil;Eldorado do Sul;RS;Brazil;92990-000;OK
Scala Data Centers Campinas Campus;Scala Data Centers;-22.8201867012489;-47.10015515397768;1;2;Campus;Colocation;;https://www.datacentermap.com/brazil/campinas/scala-data-centers-campinas-campus/;;;;;;;;;;;;;;;;;;;;;;;;;;;;;;;;;;;;;0;0;0;0;0;;;bloqueado;ok;R. Guido de Camargo Penteado Sobrinho, 3685 - Real Parque, Campinas - SP, 13082-800, Brazil;Campinas;SP;Brazil;13082-800;OK
Scala Data Centers Fortaleza Campus;Scala Data Centers;-3.752318753859797;-38.45882068979125;1;1;Campus;Colocation;;https://www.datacentermap.com/brazil/fortaleza/scala-data-centers-fortaleza-campus/;;;;;;;;;;;;;;;;;;;;;;;;;;;;;;;;;;;;;0;0;0;0;0;;;bloqueado;ok;Av. Dr. Aldy Mentor, 2535 - Manuel Dias Branco, Fortaleza - CE, 60191-106, Brazil;Fortaleza;CE;Brazil;60191-106;OK
Scala Data Centers SFORPF02;Scala Data Centers;-3.7518085;-38.4591565;1;0;Facility;Colocation;Hyperscale-Ready;https://www.datacentermap.com/brazil/fortaleza/scala-data-centers-sforpf02/;13.5;13.5;;;2026.0;;;;;;;;;;;;;;;;;;;;;;;;;;;;;;;;0;0;0;0;0;;;bloqueado;ok;Rua Coronel Francisco Cruz, 249 - Dunas, Fortaleza - CE, 60191-020, Brazil;Fortaleza;CE;Brazil;60191-020;OK
Scala Data Centers SGIGSM02;Scala Data Centers;-22.7984409;-43.356411;1;0;Facility;Colocation;;https://www.datacentermap.com/brazil/rio-de-janeiro/scala-data-centers-sgigsm02/;;;;;;Undefined;;;;;;;;;;;;;;;;;;;1.0;1.0;1.0;1.0;0.0;0.0;1.0;;0.0;0.0;0.0;0.0;0;0;0;0;0;SGIGSM02;;ok;ok;Rod. Pres. Dutra, 4300 - Venda Velha, São João de Meriti - RJ, 25565-350, Brazil;São João de Meriti;RJ;Brazil;25565-350;OK
Scala Data Centers SGIGSM03;Scala Data Centers;-22.7984409;-43.356411;1;0;Facility;Colocation;;https://www.datacentermap.com/brazil/rio-de-janeiro/scala-data-centers-sgigsm03/;;;;;;;;;;;;;;;;;;;;;;;;;1.0;1.0;1.0;1.0;0.0;0.0;1.0;;0.0;0.0;0.0;0.0;0;0;0;0;0;SGIGSM03;;ok;ok;Rod. Pres. Dutra, 4300 - Venda Velha, São João de Meriti - RJ, 25565-350, Brazil;São João de Meriti;RJ;Brazil;25565-350;OK
Scala Data Centers SGRUTB06;Scala Data Centers;-23.4975054;-46.8160222;1;2;Facility;Colocation;;https://www.datacentermap.com/brazil/tambore/scala-data-centers-sgrutb06/;20.0;20.0;;;2025.0;Purpose-built;Sole-tenant;;;;;;;;;;;;;;;;;;1.0;1.0;1.0;0.0;0.0;0.0;1.0;;0.0;0.0;0.0;0.0;0;0;0;0;0;SGRUTB06;;ok;ok;Av. Ceci, 1649 - Tamboré, Barueri - SP, 06460-120, Brazil;Barueri;SP;Brazil;06460-120;OK
Scala Data Centers SGRUTB07;Scala Data Centers;-23.49721291473621;-46.81547629620411;1;1;Facility;Colocation;;https://www.datacentermap.com/brazil/tambore/scala-data-centers-sgrutb07/;36.0;36.0;;;;Purpose-built;Sole-tenant;;;;;;;;;;;;;;;;;;1.0;1.0;1.0;0.0;0.0;0.0;1.0;;0.0;0.0;0.0;0.0;0;0;0;0;0;SGRUTB07;;ok;ok;Av. Ceci, 1700 - Tamboré, Barueri - SP, 06460-120, Brazil;Barueri;SP;Brazil;06460-120;OK
Scala Data Centers SGRUTB08;Scala Data Centers;-23.495578;-46.8138807;1;2;Facility;Colocation;;https://www.datacentermap.com/brazil/tambore/scala-data-centers-sgrutb08/;24.0;24.0;;;2024.0;Purpose-built;Sole-tenant;;;;;;;;;;;;;;;;;;1.0;1.0;1.0;0.0;0.0;0.0;1.0;;0.0;0.0;0.0;0.0;0;0;0;0;0;SGRUTB08;14820.0;ok;ok;Brazil, São Paulo, Barueri, Jardim Mutinga, Avenida João Rodrigues Nunes 90b;Barueri;SP;Brazil;;OK
Scala Data Centers SGRUTB09;Scala Data Centers;-23.4962698;-46.8142701;1;1;Facility;Colocation;;https://www.datacentermap.com/brazil/tambore/scala-data-centers-sgrutb09/;36.0;36.0;;;2026.0;;;;;;;;;;;;;;;;;;;;1.0;1.0;1.0;0.0;0.0;0.0;1.0;;0.0;0.0;0.0;0.0;0;0;0;0;0;SGRUTB09;;ok;ok;Av. Ceci, 1747 - Jardim Mutinga, Barueri - SP, 06460-120, Brazil;Barueri;SP;Brazil;06460-120;OK
Scala Data Centers SGRUTB10;Scala Data Centers;-23.4967485;-46.8149282;1;1;Facility;Colocation;Hyperscale-Ready;https://www.datacentermap.com/brazil/sao-paulo/scala-data-centers-sgrutb10/;36.0;36.0;;;2026.0;;;;;;;;;;;;;;;;;;;;;;;;;;;;;;;;0;0;0;0;0;;;bloqueado;ok;Av. Ceci, 1747 - Jardim Mutinga, Barueri - SP, 06460-120, Brazil;Barueri;SP;Brazil;06460-120;OK
Scala Data Centers SGRUTB11;Scala Data Centers;-23.49920362623058;-46.81642579232681;1;0;Facility;Colocation;Hyperscale-Ready;https://www.datacentermap.com/brazil/sao-paulo/scala-data-centers-sgrutb11/;36.0;36.0;;;2026.0;;;;;;;;;;;;;;;;;;;;;;;;;;;;;;;;0;0;0;0;0;;;bloqueado;ok;R. João Ferreira de Camargo, 864 - Tamboré, Barueri - SP, 06460-060, Brazil;Barueri;SP;Brazil;06460-060;OK
Scala Data Centers SGRUTB12;Scala Data Centers;-23.4950428;-46.8132396;1;2;Facility;Colocation;;https://www.datacentermap.com/brazil/tambore/scala-data-centers-sgrutb12/;6.0;6.0;;;2024.0;Purpose-built;Sole-tenant;;;;;;;;;;;;;;;;;;1.0;1.0;1.0;0.0;0.0;0.0;1.0;;0.0;0.0;0.0;0.0;0;0;0;0;0;SGRUTB12;14821.0;ok;ok;Av. Ceci, 1649 - Tamboré, Barueri - SP, 06460-120, Brazil;Barueri;SP;Brazil;06460-120;OK
Scala Data Centers SGRUTB14;Scala Data Centers;-23.50009549391656;-46.81752119326649;1;0;Facility;Colocation;Hyperscale-Ready;https://www.datacentermap.com/brazil/sao-paulo/scala-data-centers-sgrutb14/;27.0;27.0;;;;;;;;;;;;;;;;;;;;;;;1.0;1.0;0.0;0.0;0.0;0.0;0.0;;0.0;0.0;0.0;0.0;0;0;0;0;0;;;ok;ok;R. João Ferreira de Camargo, 714 - Tamboré, Barueri - SP, 06460-060, Brazil;Barueri;SP;Brazil;06460-060;OK
Scala Data Centers SGRUTB15;Scala Data Centers;-23.50009549391656;-46.81752119326649;1;0;Facility;Colocation;Hyperscale-Ready;https://www.datacentermap.com/brazil/sao-paulo/scala-data-centers-sgrutb15/;54.0;54.0;;;2027.0;Purpose-built;;;;;;;;;;;;;;;;;;;;;;;;;;;;;;;0;0;0;0;0;;;bloqueado;ok;R. João Ferreira de Camargo, 714 - Tamboré, Barueri - SP, 06460-060, Brazil;Barueri;SP;Brazil;06460-060;OK
Scala Data Centers SVCPCP02;Scala Data Centers;-22.820548;-47.1001389;1;0;Facility;Colocation;Hyperscale-Ready;https://www.datacentermap.com/brazil/campinas/scala-data-centers-svcpcp02/;24.0;24.0;;;2026.0;;;;;;;;;;;;;;;;;;;;;;;;;;;;;;;;0;0;0;0;0;;;bloqueado;ok;R. Guido de Camargo Penteado Sobrinho, 3685 - Real Parque, Campinas - SP, 13082-800, Brazil;Campinas;SP;Brazil;13082-800;OK
Scala Data Centers SVCPCP03;Scala Data Centers;-22.820548;-47.1001389;1;0;Facility;Colocation;Hyperscale-Ready;https://www.datacentermap.com/brazil/campinas/scala-data-centers-svcpcp03/;18.0;18.0;;;2027.0;;;;;;;;;;;;;;;;;;;;;;;;;;;;;;;;0;0;0;0;0;;;bloqueado;ok;R. Guido de Camargo Penteado Sobrinho, 3685 - Real Parque, Campinas - SP, 13082-800, Brazil;Campinas;SP;Brazil;13082-800;OK
Scala Data Centers SVCPJD01;Scala Data Centers;-23.1735048799678;-46.97770403686705;1;0;Facility;Colocation;Hyperscale-Ready;https://www.datacentermap.com/brazil/sao-paulo/scala-data-centers-svcpjd01/;36.0;36.0;;;;;;;;;;;;;;;;;;;;;;;;;;;;;;;;;;;0;0;0;0;0;;;bloqueado;ok;R2GC+HW Jundiaí - Região Metropolitana de Jundiaí, Jundiaí - São Paulo, Brazil;Jundiaí;SP;Brazil;;OK
Scala Data Centers SVCPJD02;Scala Data Centers;-23.1702808;-46.9961363;1;0;Facility;Colocation;;https://www.datacentermap.com/brazil/sao-paulo/scala-data-centers-svcpjd02/;24.0;24.0;;;2027.0;;;;;;;;;;;;;;;;;;;;;;;;;;;;;;;;0;0;0;0;0;SVCPJD02;;bloqueado;ok;Av. José Alves de Oliveira, 133 - do lado da kopromJardim, Jundiaí - SP, 13213-105, Brazil;Jundiaí;SP;Brazil;13213-105;OK
Scala Data Centers Tambore Campus;Scala Data Centers;-23.49624778841145;-46.8136107224617;1;2;Campus;Colocation;;https://www.datacentermap.com/brazil/tambore/scala-data-centers-tambore-campus/;600.0;600.0;;;;;;;;;;;;;;;;;;;;;;;;;;;;;;;;;;;0;0;0;0;0;;;ok;ok;Av. Ceci, 2286 - Jardim Mutinga, Barueri - SP, 06460-120, Brazil;Barueri;SP;Brazil;06460-120;OK
Scala Data Centers SFORPF01;Scala Data Centers;-3.7529783;-38.4584431;1;1;Facility;Colocation;;https://www.datacentermap.com/brazil/fortaleza/scala-sforpf01/;7.2;7.2;;;;Purpose-built;;;;;;;;;;;;;;;;;;;;;;;;;;;;;;;0;0;0;0;0;SFORPF01;;bloqueado;ok;Av. Dr. Aldy Mentor, 2535 - Manuel Dias Branco, Fortaleza - CE, 60191-106, Brazil;Fortaleza;CE;Brazil;60191-106;OK
Scala Data Centers SGIGSM01;Scala Data Centers;-22.796438;-43.356317;1;2;Facility;Colocation;Hyperscale-Ready;https://www.datacentermap.com/brazil/rio-de-janeiro/scala-sgigsm01/;13.2;13.2;;;2023.0;Purpose-built;;;;;;;;;1.0;1.0;1.0;;1.0;1.0;;;;;0.0;1.0;1.0;0.0;0.0;0.0;1.0;;0.0;0.0;0.0;0.0;0;0;0;0;0;SGIGSM01;13398.0;ok;ok;Estr. São João, 202 - Venda Velha, São João de Meriti - RJ, 25581-332, Brazil;São João de Meriti;RJ;Brazil;25581-332;OK
Scala Data Centers SGRUSP02;Scala Data Centers;-23.5354933;-46.6478307;1;2;Facility;Colocation;Hyperscale-Ready;https://www.datacentermap.com/brazil/sao-paulo/scala-sgrusp02/;4.0;4.0;;;2010.0;Purpose-built;;307.0;;;;;;;1.0;1.0;1.0;;1.0;1.0;;;;;0.0;1.0;1.0;0.0;0.0;0.0;1.0;;0.0;0.0;0.0;0.0;0;0;8;0;1;SGRUSP02;8677.0;ok;ok;Alameda Glete, 700 - Campos Elíseos, São Paulo - SP, 01215-001, Brazil;São Paulo;SP;Brazil;01215-001;OK
Scala Data Centers SGRUTB01;Scala Data Centers;-23.4949636;-46.8111973;1;2;Facility;Colocation;Hyperscale-Ready;https://www.datacentermap.com/brazil/tambore/scala-sgrutb01/;21.0;21.0;;;2000.0;;Sole-tenant;;;;;;;;1.0;1.0;1.0;;1.0;1.0;;;;;0.0;1.0;1.0;0.0;0.0;0.0;1.0;;0.0;0.0;0.0;0.0;0;0;19;0;0;SGRUTB01;5226.0;ok;ok;R. Joao Rodrigues Nunes, 613 - Jardim Mutinga, Barueri - SP, 06463-320, Brazil;Barueri;SP;Brazil;06463-320;OK
Scala Data Centers SGRUTB03;Scala Data Centers;-23.4968936;-46.8132542;1;2;Facility;Colocation;Hyperscale-Ready;https://www.datacentermap.com/brazil/tambore/scala-sgrutb03/;9.0;9.0;;;2021.0;Retrofitted;Sole-tenant;;;;;;;;1.0;1.0;1.0;;1.0;1.0;;;;;0.0;1.0;1.0;0.0;0.0;0.0;1.0;;0.0;0.0;0.0;0.0;0;0;0;0;0;SGRUTB03;12037.0;ok;ok;Av. Ceci, 2285 - Jardim Mutinga, Barueri - SP, 06460-120, Brazil;Barueri;SP;Brazil;06460-120;OK
Scala Data Centers SGRUTB04;Scala Data Centers;-23.4980647;-46.815057;1;2;Facility;Colocation;Hyperscale-Ready;https://www.datacentermap.com/brazil/tambore/scala-sgrutb04/;12.0;12.0;;;2022.0;Purpose-built;Sole-tenant;;;;;;;;1.0;1.0;1.0;;1.0;1.0;;;;;0.0;1.0;1.0;0.0;0.0;0.0;1.0;;0.0;0.0;0.0;0.0;0;0;0;0;0;SGRUTB04;12267.0;ok;ok;R. João Ferreira de Camargo, 363 - Tamboré, Barueri - SP, 06460-060, Brazil;Barueri;SP;Brazil;06460-060;OK
Scala Data Centers SGRUTB05;Scala Data Centers;-23.4975162;-46.814508;1;2;Facility;Colocation;Hyperscale-Ready;https://www.datacentermap.com/brazil/tambore/scala-sgrutb05/;6.0;6.0;;;2023.0;Purpose-built;Sole-tenant;;;;;;;;1.0;1.0;1.0;;1.0;1.0;;;;;0.0;1.0;1.0;0.0;0.0;0.0;1.0;;0.0;0.0;0.0;0.0;0;0;0;0;0;SGRUTB05;13397.0;ok;ok;Av. Ceci, 1900 - Jardim Mutinga, Barueri - SP, 06460-120, Brazil;Barueri;SP;Brazil;06460-120;OK
Scala Data Centers SPOAPA01;Scala Data Centers;-30.0028052;-51.1979623;1;2;Facility;Colocation;Hyperscale-Ready;https://www.datacentermap.com/brazil/porto-alegre/scala-spoapa01/;8.4;8.4;;;2023.0;Purpose-built;Sole-tenant;;;;;;;;1.0;1.0;1.0;;1.0;1.0;;;;;;;;;;;;;;;;;0;0;8;0;0;SPOAPA01;14336.0;bloqueado;ok;Av. Pernambuco, 1124 - Navegantes, Porto Alegre - RS, 90240-001, Brazil;Porto Alegre;RS;Brazil;90240-001;OK
Scala Data Centers SVCPCP01;Scala Data Centers;-22.8207915;-47.0999034;1;2;Facility;Colocation;Hyperscale-Ready;https://www.datacentermap.com/brazil/campinas/scala-svcpcp01/;7.0;7.0;;;2009.0;Retrofitted;;;;;;;;;1.0;1.0;1.0;;1.0;1.0;;;;;0.0;1.0;1.0;0.0;0.0;0.0;1.0;;0.0;0.0;0.0;0.0;0;0;0;0;0;SVCPCP01;12038.0;ok;ok;R. Guido de Camargo Penteado Sobrinho, 3685 - Real Parque, Campinas - SP, 13082-800, Brazil;Campinas;SP;Brazil;13082-800;OK
Sencinet Hortolândia;Sencinet;-22.89643351771512;-47.2047549630035;1;2;Facility;Colocation;;https://www.datacentermap.com/brazil/campinas/sencinet-brazil/;;;;;;;;;;;;;;;;;;;;;;;;;;;;;;;;;;;;;0;0;0;0;0;;;bloqueado;ok;4Q3W+C3 Hortolândia, São Paulo, Brazil;Hortolândia;SP;Brazil;;OK
Serpro Brasilia;Serpro;-15.7111079;-47.9107354;1;1;Facility;Government;;https://www.datacentermap.com/brazil/brasilia/serpro-brasilia/;12.0;12.0;;;2026.0;Purpose-built;Sole-tenant;;;;;;;;;;;;;;;;;;;;;;;;;;;1.0;;;0;0;0;0;0;;;ok;ok;Pqeat, 13 - Lago Norte, Brasília - DF, 70636-045, Brazil;Brasília;DF;Brazil;70636-045;OK
Serpro Modular Data Center;Serpro;-23.6751204615306;-46.70770043150605;1;2;Facility;Government;;https://www.datacentermap.com/brazil/sao-paulo/serpro-so-paulo/;1.82;1.82;;;;Purpose-built;Sole-tenant;;;;;;3.0;3.0;;;;;;;;;;;;;;;;;;;;1.0;;;0;0;0;0;0;;;ok;ok;R. Olívia Guedes Penteado, 999 - Socorro, São Paulo - SP, 04766-000, Brazil;São Paulo;SP;Brazil;04766-000;OK
Sitelbra Data Center;Sitelbra;-15.7470383;-47.9233792;1;2;Facility;Colocation;;https://www.datacentermap.com/brazil/brasilia/sitelbra-data-center/;6.0;6.0;;;2016.0;Purpose-built;Sole-tenant;1250.0;N+1;1.0;1.0;1.0;3.0;;1.0;;;;1.0;;;;;;1.0;1.0;1.0;1.0;0.0;1.0;1.0;;0.0;1.0;1.0;1.0;0;0;4;13;0;;15488.0;ok;ok;5 - St. M-Norte Q 4 - Taguatinga, Brasília - DF, 72265-010, Brazil;Brasília;DF;Brazil;72265-010;OK
IFTNET SJRP01;IFTNET Telecom;-20.8088639;-49.3828821;1;2;Facility;Colocation;;https://www.datacentermap.com/brazil/sao-jose-do-rio-preto/sjrp01/;;;;;;;;;;;;;;;;;;;;;;;;;1.0;1.0;1.0;1.0;0.0;0.0;0.0;;0.0;0.0;0.0;0.0;0;0;0;0;0;;;ok;ok;Av. Bady Bassitt, 2966 - Centro, São José do Rio Preto - SP, Brazil;São José do Rio Preto;SP;Brazil;;OK
SKY Brasil - Jaguariúna;SKY Brasil;-22.69018744044072;-47.01333787517029;1;2;Facility;Enterprise;;https://www.datacentermap.com/brazil/campinas/sky-brasil-jaguarina/;;;;;2016.0;Purpose-built;Sole-tenant;;;;;;3.0;3.0;;;;;;;;;;;;;;;;;;;;;;;0;0;0;0;0;;;ok;ok;SP-340, 4026, Jaguariúna - SP, 13820-000, Brazil;Jaguariúna;SP;Brazil;13820-000;OK
SKY Brasil - Tamboré;SKY Brasil;-23.46477315298449;-46.85842156206948;1;2;Facility;Enterprise;;https://www.datacentermap.com/brazil/tambore/sky-brasil-tambore/;1.8;1.8;;;2006.0;Purpose-built;Sole-tenant;;;;;;;;;;;;;;;;;;;;;;;;;;;;;;0;0;0;0;0;;;ok;ok;Av. Marcos Penteado de Ulhôa Rodrigues, 1000 - Tamboré, Santana de Parnaíba - SP, 06543-001, Brazil;Santana de Parnaíba;SP;Brazil;06543-001;OK
Surfix Data Center;Surfix Cloud & Data Center;-8.107035;-34.8907489;1;2;Facility;Colocation;;https://www.datacentermap.com/brazil/recife/surfix-data-center/;;;;;;;;;;;;;3.0;3.0;;;;;1.0;;;;;;;;;;;;;;;;;;0;0;0;0;0;;;bloqueado;ok;Av. Eng. Domingos Ferreira, 2030 - Boa Viagem, Recife - PE, 51111-020, Brazil;Recife;PE;Brazil;51111-020;OK
TAKODA Sao Paulo - SP1;TAKODA;-23.65073562900979;-46.72042047496285;1;2;Facility;Colocation;;https://www.datacentermap.com/brazil/sao-paulo/takdoa-sao-paulo-sp1/;7.0;7.0;;;;;;;;;;;;;;;;;;;;;;;;;;;;;;;;;;;0;0;27;0;0;;1325.0;bloqueado;ok;Av. Dr. Mário Vilas Boas Rodrigues, 278 - Jardim Dom Bosco, São Paulo - SP, 04757-020, Brazil;São Paulo;SP;Brazil;04757-020;OK
TAKODA Sao Paulo - SP2;TAKODA;-23.6487404;-46.7287951;1;2;Facility;Colocation;;https://www.datacentermap.com/brazil/sao-paulo/takdoa-sao-paulo-sp2/;1.0;1.0;;;;;;;;;;;;;;;;;;;;;;;;;;;;;;;;;;;0;0;0;0;0;;;bloqueado;ok;Av. Maria Coelho Aguiar, 215 - Jardim São Luís, São Paulo - SP, 05805-000, Brazil;São Paulo;SP;Brazil;05805-000;OK
TAKODA Rio de Janeiro - RJ1;TAKODA;-22.9846856;-43.4316007;1;2;Facility;Colocation;;https://www.datacentermap.com/brazil/rio-de-janeiro/takoda-rio-de-janeiro-rj1/;9.0;9.0;;;;;;;;;;;;;;;;;;;;;;;0.0;1.0;1.0;1.0;1.0;0.0;1.0;;;1.0;0.0;0.0;0;0;0;0;0;;;ok;ok;Estr. dos Bandeirantes, 10.916 - Vargem Pequena, Rio de Janeiro - RJ, 22783-111, Brazil;Rio de Janeiro;RJ;Brazil;22783-111;OK
TAKODA Sumaré Campus;TAKODA;-22.86322251584453;-47.28033038868878;1;0;Facility;Colocation;AI-Ready;https://www.datacentermap.com/brazil/sao-paulo/takoda-sumare-campus/;96.0;96.0;;;;Purpose-built;;;;;;;;;;;;;;;;;;;1.0;1.0;1.0;1.0;0.0;0.0;1.0;;0.0;0.0;0.0;0.0;0;0;0;0;0;;;ok;ok;4PP9+PV Sumaré, São Paulo, Brazil;Sumaré;SP;Brazil;;OK
TAKODA Sumaré - SP3;TAKODA;-22.86322251584453;-47.28033038868878;1;0;Facility;Colocation;AI-Ready;https://www.datacentermap.com/brazil/sao-paulo/takoda-sumare-sp3/;18.0;18.0;;;2027.0;Purpose-built;;;;;;;;;;;;;;;;;;;;;;;;;;;;;;;0;0;0;0;0;;;bloqueado;ok;4PP9+PV Sumaré, São Paulo, Brazil;Sumaré;SP;Brazil;;OK
TAKODA Sumaré - SP4;TAKODA;-22.86322251584453;-47.28033038868878;1;0;Facility;Colocation;AI-Ready;https://www.datacentermap.com/brazil/sao-paulo/takoda-sumare-sp4/;;;;;;Purpose-built;;;;;;;;;;;;;;;;;;;1.0;1.0;1.0;1.0;0.0;0.0;1.0;;0.0;0.0;0.0;0.0;0;0;0;0;0;;;ok;ok;4PP9+PV Sumaré, São Paulo, Brazil;Sumaré;SP;Brazil;;OK
TAKODA Sumaré - SP5;TAKODA;-22.86322251584453;-47.28033038868878;1;0;Facility;Colocation;AI-Ready;https://www.datacentermap.com/brazil/sao-paulo/takoda-sumare-sp5/;;;;;;Purpose-built;;;;;;;;;;;;;;;;;;;1.0;1.0;1.0;1.0;0.0;0.0;1.0;;0.0;0.0;0.0;0.0;0;0;0;0;0;;;ok;ok;4PP9+PV Sumaré, São Paulo, Brazil;Sumaré;SP;Brazil;;OK
Teccloud Campo Bom;Teccloud Stefanini;-29.67133054619021;-51.04449783146063;1;2;Facility;Colocation;;https://www.datacentermap.com/brazil/porto-alegre/teccloud-campo-bom/;;;;;;;;;;;;;3.0;;;;;;;;;;;;;;;;;;;;;;;;0;0;0;0;0;;;bloqueado;ok;R. Washington Luís, 117 - Santa Lúcia, Campo Bom - RS, 93700-000, Brazil;Campo Bom;RS;Brazil;93700-000;OK
Teccloud Porto Alegre;Teccloud Stefanini;-29.9987344;-51.1937557;1;2;Facility;Colocation;;https://www.datacentermap.com/brazil/porto-alegre/teccloud-porto-alegre/;;;;;;;;;;;;;2.0;;;;;;;;;;;;;;;;;;;;;;;;0;0;0;0;0;;;bloqueado;ok;Rua 18 de Novembro, 273 - Navegantes, Porto Alegre - RS, 90240-040, Brazil;Porto Alegre;RS;Brazil;90240-040;OK
Tecto São Paulo 1;Tecto Data Centers;-23.4513504;-46.904908;1;1;Facility;Colocation;;https://www.datacentermap.com/brazil/sao-paulo/tecto-so-paulo-1/;200.0;200.0;;;;;;;;;;;;;;;;;;;;;;;;;;;;;;;;;;;0;0;0;0;0;;;bloqueado;ok;R. Estm Bela Vista, 2610 - Alphaville, Santana de Parnaíba - SP, 06539-010, Brazil;Santana de Parnaíba;SP;Brazil;06539-010;OK
Tecto TPOA1;Tecto Data Centers;-29.9956142;-51.119042;1;1;Facility;Colocation;;https://www.datacentermap.com/brazil/porto-alegre/tecto-tpoa1/;20.0;20.0;;;2026.0;Retrofitted;Sole-tenant;;;;;;;;;;;;;;;;;;;;;;;;;;;;;;0;0;0;0;0;;;bloqueado;ok;Av. Willy Eugênio Fleck, 505 - Rubem Berta, Porto Alegre - RS, 91150-180, Brazil;Porto Alegre;RS;Brazil;91150-180;OK
TELEPORTO RJ;Unknown Company;-22.9101249;-43.2043945;1;2;Multi-Tenant Building;Colocation;;https://www.datacentermap.com/brazil/rio-de-janeiro/teleporto-rj/;;;;;;;;;;;;;;;;;;;;;;;;;;;;;;;;;;;;;0;0;79;2;0;;2124.0;ok;ok;Av. Pres. Vargas, nº 3131 - Cidade Nova, Rio de Janeiro - RJ, 20040-010, Brazil;Rio de Janeiro;RJ;Brazil;20040-010;OK
Telium Data Center - POA;Telium Networks;-30.02869020222021;-51.20765321534026;1;2;Facility;Colocation;;https://www.datacentermap.com/brazil/porto-alegre/telium-data-center--poa/;;;;;;;;;2N+1;1.0;1.0;;;;;;;;;;;;;;;;;;;;;;;;;;0;0;12;0;0;;13052.0;bloqueado;ok;R. Moinhos de Vento, 3849 - Moinhos de Vento, Porto Alegre - RS, 90430-020, Brazil;Porto Alegre;RS;Brazil;90430-020;OK
Telium Data Center - SPO;Telium Networks;-23.61994685255926;-46.69968078363942;1;2;Facility;Colocation;;https://www.datacentermap.com/brazil/sao-paulo/telium-data-center--spo/;;;;;;;;;2N+1;1.0;1.0;;;;;;;;;;;;;;0.0;0.0;1.0;1.0;1.0;0.0;1.0;;;1.0;1.0;1.0;0;0;35;0;0;;816.0;ok;ok;Av. das Nações Unidas, 13797 - Vila Gertrudes, São Paulo - SP, 04794-000, Brazil;São Paulo;SP;Brazil;04794-000;OK
Terranova Campinas;TERRANOVA;-22.813370520936104;-47.03825864636827;1;1;Facility;Colocation;;https://www.datacentermap.com/brazil/campinas/terranova-campinas/;300.0;300.0;;;2027.0;Purpose-built;Sole-tenant;;;;;;;;;;;;;;;;;;;;;;;;;;;;;;0;0;0;0;0;;;bloqueado;ok;5XP6+MM Campinas, São Paulo, Brazil;Campinas;SP;Brazil;;OK
Tether Angélica;Tether Limited Inc.;-22.03958351176135;-53.84258222396632;1;0;Facility;Enterprise;;https://www.datacentermap.com/brazil/campo-grande/tether-angelica/;;;;;;;;;;;;;;;;;;;;;;;;;;;;;;;;;;;;;0;0;0;0;0;;;bloqueado;ok;X564+5X Angélica, MS, Brazil;Angélica;MS;Brazil;79785-000;OK
Tether Ivinhema;Tether Limited Inc.;-22.39820517765363;-53.89047238949252;1;0;Facility;Enterprise;;https://www.datacentermap.com/brazil/campo-grande/tether-ivinhema/;;;;;;;;;;;;;;;;;;;;;;;;;;;;;;;;;;;;;0;0;0;0;0;;;bloqueado;ok;J425+PR Ivinhema, MS, Brazil;Ivinhema;MS;Brazil;79740-000;OK
TIP Brasil Campinas;TIP Brasil;-22.91722523225336;-47.06369711363217;1;2;Facility;Colocation;;https://www.datacentermap.com/brazil/campinas/tip-brasil-campinas/;10.0;10.0;;;2025.0;Purpose-built;Sole-tenant;;;;;;3.0;;;;;;;;;;;;1.0;1.0;1.0;1.0;0.0;0.0;0.0;;0.0;0.0;0.0;0.0;0;0;0;0;0;;;ok;ok;R. Fernão Pompeu de Camargo, 209 - Jardim Leonor, Campinas - SP, 13041-025, Brazil;Campinas;SP;Brazil;13041-025;OK
TO HOST Data Centers;TO HOST Data Centers;-10.2048941;-48.3529666;1;2;Facility;Colocation;;https://www.datacentermap.com/brazil/palmas/to-host-data-centers/;0.075;0.075;37.0;37.0;2023.0;Purpose-built;Multi-tenant (data centers only);;N+1;1.0;1.0;1.0;3.0;3.0;;1.0;1.0;;1.0;;;;;;;;;;;;;;;;;;0;0;0;0;0;;;bloqueado;ok;Q. 407 Sul Alameda Circular 1, 43 - Plano Diretor Sul, Palmas - TO, 77015-684, Brazil;Palmas;TO;Brazil;77015-684;OK
TSData Eugênio de Melo;TSData;-23.1510828;-45.7828613;1;1;Facility;Colocation;;https://www.datacentermap.com/brazil/sao-jose-dos-campos/tsdata/;0.65;0.65;1000.0;1000.0;2026.0;Purpose-built;Sole-tenant;;;;;;;;;;;;;;;;;;0.0;1.0;1.0;1.0;1.0;0.0;0.0;;0.0;0.0;0.0;0.0;0;0;0;0;0;;;ok;ok;Estr. Dr. Altino Bondesan, 500 - Jardim Coqueiro, São José dos Campos - SP, 12247-016, Brazil;São José dos Campos;SP;Brazil;12247-016;OK
Tyna Host Data Center;Tyna Host Datacenter no Brasil;-21.12686855946254;-42.35765232351934;1;2;Facility;Colocation;;https://www.datacentermap.com/brazil/muriae/tyna-host-data-center/;;;;;;;;;N+1;1.0;1.0;1.0;;;;;;;;;;;;;;;;;;;;;;;;;0;0;1;0;0;;9702.0;bloqueado;ok;R. Waldemar Vaz Pereira, 45 - Sao Pedro, Muriaé - MG, 36880-000, Brazil;Muriaé;MG;Brazil;36880-000;OK
Ultranet Telecom DC Cambuci;Ultranet Telecom;-23.5723918;-46.6220983;1;2;Facility;Colocation;;https://www.datacentermap.com/brazil/sao-paulo/ultranet-telecom/;;;;;2015.0;Purpose-built;Sole-tenant;;;;;;;;;;;;;;;;;;;;;;;;;;;;;;0;0;0;0;0;;16079.0;bloqueado;ok;Rua Simão Dias da Fonseca, 61 - Cambuci, São Paulo - SP, 01539-020, Brazil;São Paulo;SP;Brazil;01539-020;OK
Unifique Timbó DC1;Unifique;-26.819629;-49.2729353;1;2;Facility;Colocation;;https://www.datacentermap.com/brazil/blumenau/unifique-timb-dc1/;1.5;1.5;685.0;685.0;;;;;N+1;;;;3.0;3.0;;;;;;;;;;;1.0;1.0;1.0;1.0;0.0;0.0;1.0;;;0.0;0.0;0.0;0;0;0;0;0;;;ok;ok;R. Duque de Caxias, 831 - Centro, Timbó - SC, 89090-003, Brazil;Timbó;SC;Brazil;89090-003;OK
UPX Campinas Data Center;UPX Technologies;-22.8234811;-47.0358236;1;2;Facility;Colocation;;https://www.datacentermap.com/brazil/campinas/upx-campinas/;;;;;;;;;;;;;;;;;;;;;;;;;;;;;;;;;;;;;0;0;0;0;0;;;bloqueado;ok;Rua Guapuruvu, 377 - Sl 3 - Lot. Alphaville Campinas, Campinas - SP, 13098-322, Brazil;Campinas;SP;Brazil;13098-322;OK
VSP Solution Belo Horizonte;VSP Solution;-19.9636041;-43.9563523;1;2;Facility;Colocation;;https://www.datacentermap.com/brazil/belo-horizonte/valspe/;;;;;;Retrofitted;Multi-tenant (mixed use);;;;;;;;;;;;;;;;;;0.0;0.0;1.0;1.0;1.0;0.0;1.0;;0.0;0.0;1.0;1.0;0;0;0;0;0;;;ok;ok;Av. Raja Gabáglia, 3502 - Estoril, Belo Horizonte - MG, 30350-540, Brazil;Belo Horizonte;MG;Brazil;30350-540;OK
VISÃO DATACENTER LTDA;VISÃO DATACENTER LTDA;-26.9570441;-52.5312175;1;2;Facility;Colocation;Hyperscale-Ready;https://www.datacentermap.com/brazil/xaxim/viso-datacenter/;1.0;1.0;5382.0;5382.0;2004.0;Purpose-built;Multi-tenant (mixed use);100000.0;N+1;1.0;1.0;1.0;3.0;;2.0;1.0;;;1.0;;;;;;1.0;1.0;1.0;1.0;1.0;1.0;1.0;;0.0;1.0;1.0;1.0;0;0;0;0;0;;;ok;ok;Av. Giácomo Lunardi, 194 - Sl 1 - Alvorada, Xaxim - SC, 89825-000, Brazil;Xaxim;SC;Brazil;89825-000;OK
Vivo Tamboré 1 Data Center;Vivo;-23.4682053921407;-46.85827621448955;1;2;Facility;Colocation;;https://www.datacentermap.com/brazil/sao-paulo/vivo-tambore-1-data-center/;7.2;7.2;2300.0;2300.0;;;;;;;;;3.0;3.0;;;;;1.0;;;;;;;;;;;;;;;;;;0;0;0;0;0;;;bloqueado;ok;Alameda Firenze, 46 - Res. Tambore III, Santana de Parnaíba - SP, 06544-072, Brazil;Santana de Parnaíba;SP;Brazil;06544-072;OK
Vix DataCenter;ConectJá Telecomunicações;-20.3353451;-40.3907822;1;2;Facility;Colocation;;https://www.datacentermap.com/brazil/vitoria/vix-datacenter/;;;;;;;;;;1.0;1.0;1.0;;;;;;;;;;;;;1.0;1.0;1.0;1.0;0.0;0.0;1.0;;;0.0;0.0;1.0;0;0;1;0;0;;15163.0;ok;ok;R. Sérgio Cardoso, 75 - Dom Bosco, Cariacica - ES, 29147-350, Brazil;Cariacica;ES;Brazil;29147-350;OK
Tecto Big Lobster;Tecto Data Centers;-3.735477458733797;-38.45801750928638;1;2;Facility;Colocation;;https://www.datacentermap.com/brazil/fortaleza/vtal-big-lobster/;6.0;6.0;;;;;;;;;;;;;;;;;;;;;;;;;;;;;;;;;;;0;0;134;2;0;;5304.0;bloqueado;ok;Av. Pintor Antônio Bandeira, 345 - Praia do Futuro I, Fortaleza - CE, 60180-476, Brazil;Fortaleza;CE;Brazil;60180-476;OK
Tecto Mega Lobster;Tecto Data Centers;-3.754739812813852;-38.44731951896043;1;2;Facility;Colocation;;https://www.datacentermap.com/brazil/fortaleza/vtal-mega-lobster/;20.0;20.0;;;2025.0;Purpose-built;;;;;;;;;;;;;;;;;;;;;;;;;;;;;;;0;0;0;0;0;;;bloqueado;ok;Conj. Res Cartier, 4450 - Praia do Futuro II, Fortaleza - CE, 60182-125, Brazil;Fortaleza;CE;Brazil;60182-125;OK
Tecto V.OA;Tecto Data Centers;-29.99154555280535;-51.2015380880618;1;1;Facility;Colocation;;https://www.datacentermap.com/brazil/porto-alegre/vtal-voa/;6.0;6.0;;;;Retrofitted;;;;;;;;;;;;;;;;;;;;;;;;;;;;;;;0;0;0;0;0;;;bloqueado;ok;R. Frederico Mentz, 1081 - Navegantes, Porto Alegre - RS, 90240-110, Brazil;Porto Alegre;RS;Brazil;90240-110;OK
NETWISE EMPRESAS;NETWISE EMPRESAS;-20.0346344;-45.5247215;1;2;Facility;Colocation;;https://www.datacentermap.com/brazil/lagoa-da-prata/wise-data/;0.0845;0.0845;;;2024.0;Purpose-built;Sole-tenant;5000.0;2N+1;1.0;1.0;1.0;3.0;;;;;;;;;;;;;;;;;;;;;;;;0;0;0;0;0;;;bloqueado;ok;R. Francisco Miranda Júnior, 202 - Lagoa da Prata, MG, 35590-000, Brazil;Lagoa da Prata;MG;Brazil;35590-000;OK
Yamna Porto do Açu;Yamna;-21.835768078438747;-41.04413666468216;1;-1;Land;Colocation;Hyperscale-Ready;https://www.datacentermap.com/brazil/rio-de-janeiro/yamna-porto-do-au/;250.0;250.0;;;;Purpose-built;Multi-tenant (data centers only);;;;;;;;;;;;;;;;;;;;;;;;;;;;;;0;0;0;0;0;;;ok;ok;5X74+M8 Pipeiras, São João da Barra - RJ, Brazil;São João da Barra;RJ;Brazil;;OK
