aoi_id;operadora;cidade;latitude_aoi;longitude_aoi;latitude_municipio;longitude_municipio;distancia_km;inclinacao_graus;similar_rank;id_municipio_similar;municipio_similar;latitude_similar;longitude_similar;ponto_num;ponto_inclinacao_graus;ponto_latitude;ponto_longitude;candidato_id
asap-telecom-sao-paulo;ASAP Telecom;São Paulo;-23.6761714;-46.6992381;-23.567386;-46.570383;17.85;227.32;1;3304557;Rio de Janeiro (RJ);-22.876652;-43.227875;1;0.0;-22.716123;-43.227875;asap-telecom-sao-paulo_sim1_p1
asap-telecom-sao-paulo;ASAP Telecom;São Paulo;-23.6761714;-46.6992381;-23.567386;-46.570383;17.85;227.32;1;3304557;Rio de Janeiro (RJ);-22.876652;-43.227875;2;60.0;-22.796317;-43.077074;asap-telecom-sao-paulo_sim1_p2
asap-telecom-sao-paulo;ASAP Telecom;São Paulo;-23.6761714;-46.6992381;-23.567386;-46.570383;17.85;227.32;1;3304557;Rio de Janeiro (RJ);-22.876652;-43.227875;3;120.0;-22.956845;-43.076895;asap-telecom-sao-paulo_sim1_p3
asap-telecom-sao-paulo;ASAP Telecom;São Paulo;-23.6761714;-46.6992381;-23.567386;-46.570383;17.85;227.32;1;3304557;Rio de Janeiro (RJ);-22.876652;-43.227875;4;180.0;-23.037181;-43.227875;asap-telecom-sao-paulo_sim1_p4
asap-telecom-sao-paulo;ASAP Telecom;São Paulo;-23.6761714;-46.6992381;-23.567386;-46.570383;17.85;227.32;1;3304557;Rio de Janeiro (RJ);-22.876652;-43.227875;5;240.0;-22.956845;-43.378855;asap-telecom-sao-paulo_sim1_p5
asap-telecom-sao-paulo;ASAP Telecom;São Paulo;-23.6761714;-46.6992381;-23.567386;-46.570383;17.85;227.32;1;3304557;Rio de Janeiro (RJ);-22.876652;-43.227875;6;300.0;-22.796317;-43.378676;asap-telecom-sao-paulo_sim1_p6
asap-telecom-sao-paulo;ASAP Telecom;São Paulo;-23.6761714;-46.6992381;-23.567386;-46.570383;17.85;227.32;2;3106200;Belo Horizonte (MG);-19.815779;-43.95631;1;0.0;-19.65525;-43.95631;asap-telecom-sao-paulo_sim2_p1
asap-telecom-sao-paulo;ASAP Telecom;São Paulo;-23.6761714;-46.6992381;-23.567386;-46.570383;17.85;227.32;2;3106200;Belo Horizonte (MG);-19.815779;-43.95631;2;60.0;-19.735454;-43.808612;asap-telecom-sao-paulo_sim2_p2
asap-telecom-sao-paulo;ASAP Telecom;São Paulo;-23.6761714;-46.6992381;-23.567386;-46.570383;17.85;227.32;2;3106200;Belo Horizonte (MG);-19.815779;-43.95631;3;120.0;-19.895983;-43.808463;asap-telecom-sao-paulo_sim2_p3
asap-telecom-sao-paulo;ASAP Telecom;São Paulo;-23.6761714;-46.6992381;-23.567386;-46.570383;17.85;227.32;2;3106200;Belo Horizonte (MG);-19.815779;-43.95631;4;180.0;-19.976308;-43.95631;asap-telecom-sao-paulo_sim2_p4
asap-telecom-sao-paulo;ASAP Telecom;São Paulo;-23.6761714;-46.6992381;-23.567386;-46.570383;17.85;227.32;2;3106200;Belo Horizonte (MG);-19.815779;-43.95631;5;240.0;-19.895983;-44.104157;asap-telecom-sao-paulo_sim2_p5
asap-telecom-sao-paulo;ASAP Telecom;São Paulo;-23.6761714;-46.6992381;-23.567386;-46.570383;17.85;227.32;2;3106200;Belo Horizonte (MG);-19.815779;-43.95631;6;300.0;-19.735454;-44.104008;asap-telecom-sao-paulo_sim2_p6
ascenty-data-centers-hortolandia;Ascenty Data Centers;Hortolândia;-22.894982075;-47.1795598;-22.858395;-47.221097;5.89;133.72;1;3524402;Jacareí (SP);-23.303938;-45.96578;1;0.0;-23.250968;-45.96578;ascenty-data-centers-hortolandia_sim1_p1
ascenty-data-centers-hortolandia;Ascenty Data Centers;Hortolândia;-22.894982075;-47.1795598;-22.858395;-47.221097;5.89;133.72;1;3524402;Jacareí (SP);-23.303938;-45.96578;2;60.0;-23.277445;-45.915842;ascenty-data-centers-hortolandia_sim1_p2
ascenty-data-centers-hortolandia;Ascenty Data Centers;Hortolândia;-22.894982075;-47.1795598;-22.858395;-47.221097;5.89;133.72;1;3524402;Jacareí (SP);-23.303938;-45.96578;3;120.0;-23.330415;-45.915822;ascenty-data-centers-hortolandia_sim1_p3
ascenty-data-centers-hortolandia;Ascenty Data Centers;Hortolândia;-22.894982075;-47.1795598;-22.858395;-47.221097;5.89;133.72;1;3524402;Jacareí (SP);-23.303938;-45.96578;4;180.0;-23.356908;-45.96578;ascenty-data-centers-hortolandia_sim1_p4
ascenty-data-centers-hortolandia;Ascenty Data Centers;Hortolândia;-22.894982075;-47.1795598;-22.858395;-47.221097;5.89;133.72;1;3524402;Jacareí (SP);-23.303938;-45.96578;5;240.0;-23.330415;-46.015738;ascenty-data-centers-hortolandia_sim1_p5
ascenty-data-centers-hortolandia;Ascenty Data Centers;Hortolândia;-22.894982075;-47.1795598;-22.858395;-47.221097;5.89;133.72;1;3524402;Jacareí (SP);-23.303938;-45.96578;6;300.0;-23.277445;-46.015718;ascenty-data-centers-hortolandia_sim1_p6
ascenty-data-centers-hortolandia;Ascenty Data Centers;Hortolândia;-22.894982075;-47.1795598;-22.858395;-47.221097;5.89;133.72;2;3554102;Taubaté (SP);-23.025063;-45.555221;1;0.0;-22.972093;-45.555221;ascenty-data-centers-hortolandia_sim2_p1
ascenty-data-centers-hortolandia;Ascenty Data Centers;Hortolândia;-22.894982075;-47.1795598;-22.858395;-47.221097;5.89;133.72;2;3554102;Taubaté (SP);-23.025063;-45.555221;2;60.0;-22.99857;-45.505386;ascenty-data-centers-hortolandia_sim2_p2
ascenty-data-centers-hortolandia;Ascenty Data Centers;Hortolândia;-22.894982075;-47.1795598;-22.858395;-47.221097;5.89;133.72;2;3554102;Taubaté (SP);-23.025063;-45.555221;3;120.0;-23.05154;-45.505367;ascenty-data-centers-hortolandia_sim2_p3
ascenty-data-centers-hortolandia;Ascenty Data Centers;Hortolândia;-22.894982075;-47.1795598;-22.858395;-47.221097;5.89;133.72;2;3554102;Taubaté (SP);-23.025063;-45.555221;4;180.0;-23.078033;-45.555221;ascenty-data-centers-hortolandia_sim2_p4
ascenty-data-centers-hortolandia;Ascenty Data Centers;Hortolândia;-22.894982075;-47.1795598;-22.858395;-47.221097;5.89;133.72;2;3554102;Taubaté (SP);-23.025063;-45.555221;5;240.0;-23.05154;-45.605075;ascenty-data-centers-hortolandia_sim2_p5
ascenty-data-centers-hortolandia;Ascenty Data Centers;Hortolândia;-22.894982075;-47.1795598;-22.858395;-47.221097;5.89;133.72;2;3554102;Taubaté (SP);-23.025063;-45.555221;6;300.0;-22.99857;-45.605056;ascenty-data-centers-hortolandia_sim2_p6
ascenty-data-centers-jundiai;Ascenty Data Centers;Jundiaí;-23.1924667;-46.9729886;-23.185054;-46.884119;9.12;264.8;1;3508405;Cabreúva (SP);-23.306157;-47.132732;1;0.0;-23.224139;-47.132732;ascenty-data-centers-jundiai_sim1_p1
ascenty-data-centers-jundiai;Ascenty Data Centers;Jundiaí;-23.1924667;-46.9729886;-23.185054;-46.884119;9.12;264.8;1;3508405;Cabreúva (SP);-23.306157;-47.132732;2;60.0;-23.265129;-47.055415;ascenty-data-centers-jundiai_sim1_p2
ascenty-data-centers-jundiai;Ascenty Data Centers;Jundiaí;-23.1924667;-46.9729886;-23.185054;-46.884119;9.12;264.8;1;3508405;Cabreúva (SP);-23.306157;-47.132732;3;120.0;-23.347147;-47.055368;ascenty-data-centers-jundiai_sim1_p3
ascenty-data-centers-jundiai;Ascenty Data Centers;Jundiaí;-23.1924667;-46.9729886;-23.185054;-46.884119;9.12;264.8;1;3508405;Cabreúva (SP);-23.306157;-47.132732;4;180.0;-23.388175;-47.132732;ascenty-data-centers-jundiai_sim1_p4
ascenty-data-centers-jundiai;Ascenty Data Centers;Jundiaí;-23.1924667;-46.9729886;-23.185054;-46.884119;9.12;264.8;1;3508405;Cabreúva (SP);-23.306157;-47.132732;5;240.0;-23.347147;-47.210096;ascenty-data-centers-jundiai_sim1_p5
ascenty-data-centers-jundiai;Ascenty Data Centers;Jundiaí;-23.1924667;-46.9729886;-23.185054;-46.884119;9.12;264.8;1;3508405;Cabreúva (SP);-23.306157;-47.132732;6;300.0;-23.265129;-47.210049;ascenty-data-centers-jundiai_sim1_p6
ascenty-data-centers-jundiai;Ascenty Data Centers;Jundiaí;-23.1924667;-46.9729886;-23.185054;-46.884119;9.12;264.8;2;3548807;São Caetano do Sul (SP);-23.6217;-46.551062;1;0.0;-23.539682;-46.551062;ascenty-data-centers-jundiai_sim2_p1
ascenty-data-centers-jundiai;Ascenty Data Centers;Jundiaí;-23.1924667;-46.9729886;-23.185054;-46.884119;9.12;264.8;2;3548807;São Caetano do Sul (SP);-23.6217;-46.551062;2;60.0;-23.580672;-46.473561;ascenty-data-centers-jundiai_sim2_p2
ascenty-data-centers-jundiai;Ascenty Data Centers;Jundiaí;-23.1924667;-46.9729886;-23.185054;-46.884119;9.12;264.8;2;3548807;São Caetano do Sul (SP);-23.6217;-46.551062;3;120.0;-23.66269;-46.473512;ascenty-data-centers-jundiai_sim2_p3
ascenty-data-centers-jundiai;Ascenty Data Centers;Jundiaí;-23.1924667;-46.9729886;-23.185054;-46.884119;9.12;264.8;2;3548807;São Caetano do Sul (SP);-23.6217;-46.551062;4;180.0;-23.703718;-46.551062;ascenty-data-centers-jundiai_sim2_p4
ascenty-data-centers-jundiai;Ascenty Data Centers;Jundiaí;-23.1924667;-46.9729886;-23.185054;-46.884119;9.12;264.8;2;3548807;São Caetano do Sul (SP);-23.6217;-46.551062;5;240.0;-23.66269;-46.628612;ascenty-data-centers-jundiai_sim2_p5
ascenty-data-centers-jundiai;Ascenty Data Centers;Jundiaí;-23.1924667;-46.9729886;-23.185054;-46.884119;9.12;264.8;2;3548807;São Caetano do Sul (SP);-23.6217;-46.551062;6;300.0;-23.580672;-46.628563;ascenty-data-centers-jundiai_sim2_p6
ascenty-data-centers-osasco;Ascenty Data Centers;Osasco;-23.49056025;-46.77559345;-23.531148;-46.791619;4.8;19.91;1;3525904;Jundiaí (SP);-23.185054;-46.884119;1;0.0;-23.141887;-46.884119;ascenty-data-centers-osasco_sim1_p1
ascenty-data-centers-osasco;Ascenty Data Centers;Osasco;-23.49056025;-46.77559345;-23.531148;-46.791619;4.8;19.91;1;3525904;Jundiaí (SP);-23.185054;-46.884119;2;60.0;-23.163465;-46.843457;ascenty-data-centers-osasco_sim1_p2
ascenty-data-centers-osasco;Ascenty Data Centers;Osasco;-23.49056025;-46.77559345;-23.531148;-46.791619;4.8;19.91;1;3525904;Jundiaí (SP);-23.185054;-46.884119;3;120.0;-23.206632;-46.843444;ascenty-data-centers-osasco_sim1_p3
ascenty-data-centers-osasco;Ascenty Data Centers;Osasco;-23.49056025;-46.77559345;-23.531148;-46.791619;4.8;19.91;1;3525904;Jundiaí (SP);-23.185054;-46.884119;4;180.0;-23.228221;-46.884119;ascenty-data-centers-osasco_sim1_p4
ascenty-data-centers-osasco;Ascenty Data Centers;Osasco;-23.49056025;-46.77559345;-23.531148;-46.791619;4.8;19.91;1;3525904;Jundiaí (SP);-23.185054;-46.884119;5;240.0;-23.206632;-46.924794;ascenty-data-centers-osasco_sim1_p5
ascenty-data-centers-osasco;Ascenty Data Centers;Osasco;-23.49056025;-46.77559345;-23.531148;-46.791619;4.8;19.91;1;3525904;Jundiaí (SP);-23.185054;-46.884119;6;300.0;-23.163465;-46.924781;ascenty-data-centers-osasco_sim1_p6
ascenty-data-centers-osasco;Ascenty Data Centers;Osasco;-23.49056025;-46.77559345;-23.531148;-46.791619;4.8;19.91;2;3548500;Santos (SP);-23.959464;-46.333562;1;0.0;-23.916297;-46.333562;ascenty-data-centers-osasco_sim2_p1
ascenty-data-centers-osasco;Ascenty Data Centers;Osasco;-23.49056025;-46.77559345;-23.531148;-46.791619;4.8;19.91;2;3548500;Santos (SP);-23.959464;-46.333562;2;60.0;-23.937875;-46.29266;ascenty-data-centers-osasco_sim2_p2
ascenty-data-centers-osasco;Ascenty Data Centers;Osasco;-23.49056025;-46.77559345;-23.531148;-46.791619;4.8;19.91;2;3548500;Santos (SP);-23.959464;-46.333562;3;120.0;-23.981042;-46.292646;ascenty-data-centers-osasco_sim2_p3
ascenty-data-centers-osasco;Ascenty Data Centers;Osasco;-23.49056025;-46.77559345;-23.531148;-46.791619;4.8;19.91;2;3548500;Santos (SP);-23.959464;-46.333562;4;180.0;-24.002631;-46.333562;ascenty-data-centers-osasco_sim2_p4
ascenty-data-centers-osasco;Ascenty Data Centers;Osasco;-23.49056025;-46.77559345;-23.531148;-46.791619;4.8;19.91;2;3548500;Santos (SP);-23.959464;-46.333562;5;240.0;-23.981042;-46.374478;ascenty-data-centers-osasco_sim2_p5
ascenty-data-centers-osasco;Ascenty Data Centers;Osasco;-23.49056025;-46.77559345;-23.531148;-46.791619;4.8;19.91;2;3548500;Santos (SP);-23.959464;-46.333562;6;300.0;-23.937875;-46.374464;ascenty-data-centers-osasco_sim2_p6
ascenty-data-centers-paulinia;Ascenty Data Centers;Paulínia;-22.7970795;-47.1352301;-22.759795;-47.15412;4.58;154.97;1;3527306;Louveira (SP);-23.085057;-46.950508;1;0.0;-23.043868;-46.950508;ascenty-data-centers-paulinia_sim1_p1
ascenty-data-centers-paulinia;Ascenty Data Centers;Paulínia;-22.7970795;-47.1352301;-22.759795;-47.15412;4.58;154.97;1;3527306;Louveira (SP);-23.085057;-46.950508;2;60.0;-23.064458;-46.911738;ascenty-data-centers-paulinia_sim1_p2
ascenty-data-centers-paulinia;Ascenty Data Centers;Paulínia;-22.7970795;-47.1352301;-22.759795;-47.15412;4.58;154.97;1;3527306;Louveira (SP);-23.085057;-46.950508;3;120.0;-23.105647;-46.911726;ascenty-data-centers-paulinia_sim1_p3
ascenty-data-centers-paulinia;Ascenty Data Centers;Paulínia;-22.7970795;-47.1352301;-22.759795;-47.15412;4.58;154.97;1;3527306;Louveira (SP);-23.085057;-46.950508;4;180.0;-23.126246;-46.950508;ascenty-data-centers-paulinia_sim1_p4
ascenty-data-centers-paulinia;Ascenty Data Centers;Paulínia;-22.7970795;-47.1352301;-22.759795;-47.15412;4.58;154.97;1;3527306;Louveira (SP);-23.085057;-46.950508;5;240.0;-23.105647;-46.98929;ascenty-data-centers-paulinia_sim1_p5
ascenty-data-centers-paulinia;Ascenty Data Centers;Paulínia;-22.7970795;-47.1352301;-22.759795;-47.15412;4.58;154.97;1;3527306;Louveira (SP);-23.085057;-46.950508;6;300.0;-23.064458;-46.989278;ascenty-data-centers-paulinia_sim1_p6
ascenty-data-centers-paulinia;Ascenty Data Centers;Paulínia;-22.7970795;-47.1352301;-22.759795;-47.15412;4.58;154.97;2;3161908;São Gonçalo do Rio Abaixo (MG);-19.831801;-43.34804;1;0.0;-19.790612;-43.34804;ascenty-data-centers-paulinia_sim2_p1
ascenty-data-centers-paulinia;Ascenty Data Centers;Paulínia;-22.7970795;-47.1352301;-22.759795;-47.15412;4.58;154.97;2;3161908;São Gonçalo do Rio Abaixo (MG);-19.831801;-43.34804;2;60.0;-19.811203;-43.310125;ascenty-data-centers-paulinia_sim2_p2
ascenty-data-centers-paulinia;Ascenty Data Centers;Paulínia;-22.7970795;-47.1352301;-22.759795;-47.15412;4.58;154.97;2;3161908;São Gonçalo do Rio Abaixo (MG);-19.831801;-43.34804;3;120.0;-19.852391;-43.310116;ascenty-data-centers-paulinia_sim2_p3
ascenty-data-centers-paulinia;Ascenty Data Centers;Paulínia;-22.7970795;-47.1352301;-22.759795;-47.15412;4.58;154.97;2;3161908;São Gonçalo do Rio Abaixo (MG);-19.831801;-43.34804;4;180.0;-19.87299;-43.34804;ascenty-data-centers-paulinia_sim2_p4
ascenty-data-centers-paulinia;Ascenty Data Centers;Paulínia;-22.7970795;-47.1352301;-22.759795;-47.15412;4.58;154.97;2;3161908;São Gonçalo do Rio Abaixo (MG);-19.831801;-43.34804;5;240.0;-19.852391;-43.385964;ascenty-data-centers-paulinia_sim2_p5
ascenty-data-centers-paulinia;Ascenty Data Centers;Paulínia;-22.7970795;-47.1352301;-22.759795;-47.15412;4.58;154.97;2;3161908;São Gonçalo do Rio Abaixo (MG);-19.831801;-43.34804;6;300.0;-19.811203;-43.385955;ascenty-data-centers-paulinia_sim2_p6
ascenty-data-centers-rio-de-janeiro;Ascenty Data Centers;Rio de Janeiro;-22.8050847;-43.3484313;-22.876652;-43.227875;14.7;302.76;1;3106200;Belo Horizonte (MG);-19.815779;-43.95631;1;0.0;-19.683579;-43.95631;ascenty-data-centers-rio-de-janeiro_sim1_p1
ascenty-data-centers-rio-de-janeiro;Ascenty Data Centers;Rio de Janeiro;-22.8050847;-43.3484313;-22.876652;-43.227875;14.7;302.76;1;3106200;Belo Horizonte (MG);-19.815779;-43.95631;2;60.0;-19.749638;-43.834666;ascenty-data-centers-rio-de-janeiro_sim1_p2
ascenty-data-centers-rio-de-janeiro;Ascenty Data Centers;Rio de Janeiro;-22.8050847;-43.3484313;-22.876652;-43.227875;14.7;302.76;1;3106200;Belo Horizonte (MG);-19.815779;-43.95631;3;120.0;-19.881838;-43.834565;ascenty-data-centers-rio-de-janeiro_sim1_p3
ascenty-data-centers-rio-de-janeiro;Ascenty Data Centers;Rio de Janeiro;-22.8050847;-43.3484313;-22.876652;-43.227875;14.7;302.76;1;3106200;Belo Horizonte (MG);-19.815779;-43.95631;4;180.0;-19.947979;-43.95631;ascenty-data-centers-rio-de-janeiro_sim1_p4
ascenty-data-centers-rio-de-janeiro;Ascenty Data Centers;Rio de Janeiro;-22.8050847;-43.3484313;-22.876652;-43.227875;14.7;302.76;1;3106200;Belo Horizonte (MG);-19.815779;-43.95631;5;240.0;-19.881838;-44.078055;ascenty-data-centers-rio-de-janeiro_sim1_p5
ascenty-data-centers-rio-de-janeiro;Ascenty Data Centers;Rio de Janeiro;-22.8050847;-43.3484313;-22.876652;-43.227875;14.7;302.76;1;3106200;Belo Horizonte (MG);-19.815779;-43.95631;6;300.0;-19.749638;-44.077954;ascenty-data-centers-rio-de-janeiro_sim1_p6
ascenty-data-centers-rio-de-janeiro;Ascenty Data Centers;Rio de Janeiro;-22.8050847;-43.3484313;-22.876652;-43.227875;14.7;302.76;2;3518800;Guarulhos (SP);-23.461429;-46.533285;1;0.0;-23.329229;-46.533285;ascenty-data-centers-rio-de-janeiro_sim2_p1
ascenty-data-centers-rio-de-janeiro;Ascenty Data Centers;Rio de Janeiro;-22.8050847;-43.3484313;-22.876652;-43.227875;14.7;302.76;2;3518800;Guarulhos (SP);-23.461429;-46.533285;2;60.0;-23.395279;-46.408541;ascenty-data-centers-rio-de-janeiro_sim2_p2
ascenty-data-centers-rio-de-janeiro;Ascenty Data Centers;Rio de Janeiro;-22.8050847;-43.3484313;-22.876652;-43.227875;14.7;302.76;2;3518800;Guarulhos (SP);-23.461429;-46.533285;3;120.0;-23.527479;-46.408416;ascenty-data-centers-rio-de-janeiro_sim2_p3
ascenty-data-centers-rio-de-janeiro;Ascenty Data Centers;Rio de Janeiro;-22.8050847;-43.3484313;-22.876652;-43.227875;14.7;302.76;2;3518800;Guarulhos (SP);-23.461429;-46.533285;4;180.0;-23.593629;-46.533285;ascenty-data-centers-rio-de-janeiro_sim2_p4
ascenty-data-centers-rio-de-janeiro;Ascenty Data Centers;Rio de Janeiro;-22.8050847;-43.3484313;-22.876652;-43.227875;14.7;302.76;2;3518800;Guarulhos (SP);-23.461429;-46.533285;5;240.0;-23.527479;-46.658154;ascenty-data-centers-rio-de-janeiro_sim2_p5
ascenty-data-centers-rio-de-janeiro;Ascenty Data Centers;Rio de Janeiro;-22.8050847;-43.3484313;-22.876652;-43.227875;14.7;302.76;2;3518800;Guarulhos (SP);-23.461429;-46.533285;6;300.0;-23.395279;-46.658029;ascenty-data-centers-rio-de-janeiro_sim2_p6
ascenty-data-centers-sumare;Ascenty Data Centers;Sumaré;-22.8138615;-47.2133634;-22.820902;-47.267176;5.57;81.93;1;3520509;Indaiatuba (SP);-23.088945;-47.21801;1;0.0;-23.038853;-47.21801;ascenty-data-centers-sumare_sim1_p1
ascenty-data-centers-sumare;Ascenty Data Centers;Sumaré;-22.8138615;-47.2133634;-22.820902;-47.267176;5.57;81.93;1;3520509;Indaiatuba (SP);-23.088945;-47.21801;2;60.0;-23.063892;-47.17086;ascenty-data-centers-sumare_sim1_p2
ascenty-data-centers-sumare;Ascenty Data Centers;Sumaré;-22.8138615;-47.2133634;-22.820902;-47.267176;5.57;81.93;1;3520509;Indaiatuba (SP);-23.088945;-47.21801;3;120.0;-23.113984;-47.170843;ascenty-data-centers-sumare_sim1_p3
ascenty-data-centers-sumare;Ascenty Data Centers;Sumaré;-22.8138615;-47.2133634;-22.820902;-47.267176;5.57;81.93;1;3520509;Indaiatuba (SP);-23.088945;-47.21801;4;180.0;-23.139037;-47.21801;ascenty-data-centers-sumare_sim1_p4
ascenty-data-centers-sumare;Ascenty Data Centers;Sumaré;-22.8138615;-47.2133634;-22.820902;-47.267176;5.57;81.93;1;3520509;Indaiatuba (SP);-23.088945;-47.21801;5;240.0;-23.113984;-47.265177;ascenty-data-centers-sumare_sim1_p5
ascenty-data-centers-sumare;Ascenty Data Centers;Sumaré;-22.8138615;-47.2133634;-22.820902;-47.267176;5.57;81.93;1;3520509;Indaiatuba (SP);-23.088945;-47.21801;6;300.0;-23.063892;-47.26516;ascenty-data-centers-sumare_sim1_p6
ascenty-data-centers-sumare;Ascenty Data Centers;Sumaré;-22.8138615;-47.2133634;-22.820902;-47.267176;5.57;81.93;2;3538709;Piracicaba (SP);-22.723722;-47.646846;1;0.0;-22.67363;-47.646846;ascenty-data-centers-sumare_sim2_p1
ascenty-data-centers-sumare;Ascenty Data Centers;Sumaré;-22.8138615;-47.2133634;-22.820902;-47.267176;5.57;81.93;2;3538709;Piracicaba (SP);-22.723722;-47.646846;2;60.0;-22.698669;-47.599823;ascenty-data-centers-sumare_sim2_p2
ascenty-data-centers-sumare;Ascenty Data Centers;Sumaré;-22.8138615;-47.2133634;-22.820902;-47.267176;5.57;81.93;2;3538709;Piracicaba (SP);-22.723722;-47.646846;3;120.0;-22.748761;-47.599806;ascenty-data-centers-sumare_sim2_p3
ascenty-data-centers-sumare;Ascenty Data Centers;Sumaré;-22.8138615;-47.2133634;-22.820902;-47.267176;5.57;81.93;2;3538709;Piracicaba (SP);-22.723722;-47.646846;4;180.0;-22.773814;-47.646846;ascenty-data-centers-sumare_sim2_p4
ascenty-data-centers-sumare;Ascenty Data Centers;Sumaré;-22.8138615;-47.2133634;-22.820902;-47.267176;5.57;81.93;2;3538709;Piracicaba (SP);-22.723722;-47.646846;5;240.0;-22.748761;-47.693886;ascenty-data-centers-sumare_sim2_p5
ascenty-data-centers-sumare;Ascenty Data Centers;Sumaré;-22.8138615;-47.2133634;-22.820902;-47.267176;5.57;81.93;2;3538709;Piracicaba (SP);-22.723722;-47.646846;6;300.0;-22.698669;-47.693869;ascenty-data-centers-sumare_sim2_p6
equinix-santana-de-parnaiba;Equinix;Santana de Parnaíba;-23.46393786425595;-46.8626817427955;-23.442819;-46.917731;6.09;112.7;1;3152501;Pouso Alegre (MG);-22.228711;-45.936332;1;0.0;-22.173942;-45.936332;equinix-santana-de-parnaiba_sim1_p1
equinix-santana-de-parnaiba;Equinix;Santana de Parnaíba;-23.46393786425595;-46.8626817427955;-23.442819;-46.917731;6.09;112.7;1;3152501;Pouso Alegre (MG);-22.228711;-45.936332;2;60.0;-22.201319;-45.885103;equinix-santana-de-parnaiba_sim1_p2
equinix-santana-de-parnaiba;Equinix;Santana de Parnaíba;-23.46393786425595;-46.8626817427955;-23.442819;-46.917731;6.09;112.7;1;3152501;Pouso Alegre (MG);-22.228711;-45.936332;3;120.0;-22.256087;-45.885083;equinix-santana-de-parnaiba_sim1_p3
equinix-santana-de-parnaiba;Equinix;Santana de Parnaíba;-23.46393786425595;-46.8626817427955;-23.442819;-46.917731;6.09;112.7;1;3152501;Pouso Alegre (MG);-22.228711;-45.936332;4;180.0;-22.28348;-45.936332;equinix-santana-de-parnaiba_sim1_p4
equinix-santana-de-parnaiba;Equinix;Santana de Parnaíba;-23.46393786425595;-46.8626817427955;-23.442819;-46.917731;6.09;112.7;1;3152501;Pouso Alegre (MG);-22.228711;-45.936332;5;240.0;-22.256087;-45.987581;equinix-santana-de-parnaiba_sim1_p5
equinix-santana-de-parnaiba;Equinix;Santana de Parnaíba;-23.46393786425595;-46.8626817427955;-23.442819;-46.917731;6.09;112.7;1;3152501;Pouso Alegre (MG);-22.228711;-45.936332;6;300.0;-22.201319;-45.987561;equinix-santana-de-parnaiba_sim1_p6
equinix-santana-de-parnaiba;Equinix;Santana de Parnaíba;-23.46393786425595;-46.8626817427955;-23.442819;-46.917731;6.09;112.7;2;3545209;Salto (SP);-23.199496;-47.2869;1;0.0;-23.144727;-47.2869;equinix-santana-de-parnaiba_sim2_p1
equinix-santana-de-parnaiba;Equinix;Santana de Parnaíba;-23.46393786425595;-46.8626817427955;-23.442819;-46.917731;6.09;112.7;2;3545209;Salto (SP);-23.199496;-47.2869;2;60.0;-23.172103;-47.235307;equinix-santana-de-parnaiba_sim2_p2
equinix-santana-de-parnaiba;Equinix;Santana de Parnaíba;-23.46393786425595;-46.8626817427955;-23.442819;-46.917731;6.09;112.7;2;3545209;Salto (SP);-23.199496;-47.2869;3;120.0;-23.226872;-47.235286;equinix-santana-de-parnaiba_sim2_p3
equinix-santana-de-parnaiba;Equinix;Santana de Parnaíba;-23.46393786425595;-46.8626817427955;-23.442819;-46.917731;6.09;112.7;2;3545209;Salto (SP);-23.199496;-47.2869;4;180.0;-23.254265;-47.2869;equinix-santana-de-parnaiba_sim2_p4
equinix-santana-de-parnaiba;Equinix;Santana de Parnaíba;-23.46393786425595;-46.8626817427955;-23.442819;-46.917731;6.09;112.7;2;3545209;Salto (SP);-23.199496;-47.2869;5;240.0;-23.226872;-47.338514;equinix-santana-de-parnaiba_sim2_p5
equinix-santana-de-parnaiba;Equinix;Santana de Parnaíba;-23.46393786425595;-46.8626817427955;-23.442819;-46.917731;6.09;112.7;2;3545209;Salto (SP);-23.199496;-47.2869;6;300.0;-23.172103;-47.338493;equinix-santana-de-parnaiba_sim2_p6
hosting-now-curitiba;Hosting Now;Curitiba;-25.44583383579607;-49.26575676773692;-25.426337;-49.273028;2.29;161.39;1;4314902;Porto Alegre (RS);-30.03143;-51.229989;1;0.0;-30.010836;-51.229989;hosting-now-curitiba_sim1_p1
hosting-now-curitiba;Hosting Now;Curitiba;-25.44583383579607;-49.26575676773692;-25.426337;-49.273028;2.29;161.39;1;4314902;Porto Alegre (RS);-30.03143;-51.229989;2;60.0;-30.021131;-51.20939;hosting-now-curitiba_sim1_p2
hosting-now-curitiba;Hosting Now;Curitiba;-25.44583383579607;-49.26575676773692;-25.426337;-49.273028;2.29;161.39;1;4314902;Porto Alegre (RS);-30.03143;-51.229989;3;120.0;-30.041726;-51.209386;hosting-now-curitiba_sim1_p3
hosting-now-curitiba;Hosting Now;Curitiba;-25.44583383579607;-49.26575676773692;-25.426337;-49.273028;2.29;161.39;1;4314902;Porto Alegre (RS);-30.03143;-51.229989;4;180.0;-30.052024;-51.229989;hosting-now-curitiba_sim1_p4
hosting-now-curitiba;Hosting Now;Curitiba;-25.44583383579607;-49.26575676773692;-25.426337;-49.273028;2.29;161.39;1;4314902;Porto Alegre (RS);-30.03143;-51.229989;5;240.0;-30.041726;-51.250592;hosting-now-curitiba_sim1_p5
hosting-now-curitiba;Hosting Now;Curitiba;-25.44583383579607;-49.26575676773692;-25.426337;-49.273028;2.29;161.39;1;4314902;Porto Alegre (RS);-30.03143;-51.229989;6;300.0;-30.021131;-51.250588;hosting-now-curitiba_sim1_p6
hosting-now-curitiba;Hosting Now;Curitiba;-25.44583383579607;-49.26575676773692;-25.426337;-49.273028;2.29;161.39;2;4209102;Joinville (SC);-26.302968;-48.845527;1;0.0;-26.282374;-48.845527;hosting-now-curitiba_sim2_p1
hosting-now-curitiba;Hosting Now;Curitiba;-25.44583383579607;-49.26575676773692;-25.426337;-49.273028;2.29;161.39;2;4209102;Joinville (SC);-26.302968;-48.845527;2;60.0;-26.292669;-48.825634;hosting-now-curitiba_sim2_p2
hosting-now-curitiba;Hosting Now;Curitiba;-25.44583383579607;-49.26575676773692;-25.426337;-49.273028;2.29;161.39;2;4209102;Joinville (SC);-26.302968;-48.845527;3;120.0;-26.313264;-48.82563;hosting-now-curitiba_sim2_p3
hosting-now-curitiba;Hosting Now;Curitiba;-25.44583383579607;-49.26575676773692;-25.426337;-49.273028;2.29;161.39;2;4209102;Joinville (SC);-26.302968;-48.845527;4;180.0;-26.323562;-48.845527;hosting-now-curitiba_sim2_p4
hosting-now-curitiba;Hosting Now;Curitiba;-25.44583383579607;-49.26575676773692;-25.426337;-49.273028;2.29;161.39;2;4209102;Joinville (SC);-26.302968;-48.845527;5;240.0;-26.313264;-48.865424;hosting-now-curitiba_sim2_p5
hosting-now-curitiba;Hosting Now;Curitiba;-25.44583383579607;-49.26575676773692;-25.426337;-49.273028;2.29;161.39;2;4209102;Joinville (SC);-26.302968;-48.845527;6;300.0;-26.292669;-48.86542;hosting-now-curitiba_sim2_p6
idx-data-centers-&-it-services-palmas;IDX Data Centers & IT Services;Palmas;-10.1875328;-48.340776;-10.166032;-48.333276;2.53;198.95;1;1200401;Rio Branco (AC);-9.97411;-67.810139;1;0.0;-9.951357;-67.810139;idx-data-centers-&-it-services-palmas_sim1_p1
idx-data-centers-&-it-services-palmas;IDX Data Centers & IT Services;Palmas;-10.1875328;-48.340776;-10.166032;-48.333276;2.53;198.95;1;1200401;Rio Branco (AC);-9.97411;-67.810139;2;60.0;-9.962733;-67.790133;idx-data-centers-&-it-services-palmas_sim1_p2
idx-data-centers-&-it-services-palmas;IDX Data Centers & IT Services;Palmas;-10.1875328;-48.340776;-10.166032;-48.333276;2.53;198.95;1;1200401;Rio Branco (AC);-9.97411;-67.810139;3;120.0;-9.985486;-67.790131;idx-data-centers-&-it-services-palmas_sim1_p3
idx-data-centers-&-it-services-palmas;IDX Data Centers & IT Services;Palmas;-10.1875328;-48.340776;-10.166032;-48.333276;2.53;198.95;1;1200401;Rio Branco (AC);-9.97411;-67.810139;4;180.0;-9.996863;-67.810139;idx-data-centers-&-it-services-palmas_sim1_p4
idx-data-centers-&-it-services-palmas;IDX Data Centers & IT Services;Palmas;-10.1875328;-48.340776;-10.166032;-48.333276;2.53;198.95;1;1200401;Rio Branco (AC);-9.97411;-67.810139;5;240.0;-9.985486;-67.830147;idx-data-centers-&-it-services-palmas_sim1_p5
idx-data-centers-&-it-services-palmas;IDX Data Centers & IT Services;Palmas;-10.1875328;-48.340776;-10.166032;-48.333276;2.53;198.95;1;1200401;Rio Branco (AC);-9.97411;-67.810139;6;300.0;-9.962733;-67.830145;idx-data-centers-&-it-services-palmas_sim1_p6
idx-data-centers-&-it-services-palmas;IDX Data Centers & IT Services;Palmas;-10.1875328;-48.340776;-10.166032;-48.333276;2.53;198.95;2;1702109;Araguaína (TO);-7.191329;-48.208705;1;0.0;-7.168576;-48.208705;idx-data-centers-&-it-services-palmas_sim2_p1
idx-data-centers-&-it-services-palmas;IDX Data Centers & IT Services;Palmas;-10.1875328;-48.340776;-10.166032;-48.333276;2.53;198.95;2;1702109;Araguaína (TO);-7.191329;-48.208705;2;60.0;-7.179952;-48.188845;idx-data-centers-&-it-services-palmas_sim2_p2
idx-data-centers-&-it-services-palmas;IDX Data Centers & IT Services;Palmas;-10.1875328;-48.340776;-10.166032;-48.333276;2.53;198.95;2;1702109;Araguaína (TO);-7.191329;-48.208705;3;120.0;-7.202705;-48.188844;idx-data-centers-&-it-services-palmas_sim2_p3
idx-data-centers-&-it-services-palmas;IDX Data Centers & IT Services;Palmas;-10.1875328;-48.340776;-10.166032;-48.333276;2.53;198.95;2;1702109;Araguaína (TO);-7.191329;-48.208705;4;180.0;-7.214082;-48.208705;idx-data-centers-&-it-services-palmas_sim2_p4
idx-data-centers-&-it-services-palmas;IDX Data Centers & IT Services;Palmas;-10.1875328;-48.340776;-10.166032;-48.333276;2.53;198.95;2;1702109;Araguaína (TO);-7.191329;-48.208705;5;240.0;-7.202705;-48.228566;idx-data-centers-&-it-services-palmas_sim2_p5
idx-data-centers-&-it-services-palmas;IDX Data Centers & IT Services;Palmas;-10.1875328;-48.340776;-10.166032;-48.333276;2.53;198.95;2;1702109;Araguaína (TO);-7.191329;-48.208705;6;300.0;-7.179952;-48.228565;idx-data-centers-&-it-services-palmas_sim2_p6
ipxon-networks-maracanau;IPXON Networks;Maracanaú;-3.8308368;-38.6112238;-3.876964;-38.624419;5.33;15.93;1;2930709;Simões Filho (BA);-12.783674;-38.40374;1;0.0;-12.73574;-38.40374;ipxon-networks-maracanau_sim1_p1
ipxon-networks-maracanau;IPXON Networks;Maracanaú;-3.8308368;-38.6112238;-3.876964;-38.624419;5.33;15.93;1;2930709;Simões Filho (BA);-12.783674;-38.40374;2;60.0;-12.759704;-38.361177;ipxon-networks-maracanau_sim1_p2
ipxon-networks-maracanau;IPXON Networks;Maracanaú;-3.8308368;-38.6112238;-3.876964;-38.624419;5.33;15.93;1;2930709;Simões Filho (BA);-12.783674;-38.40374;3;120.0;-12.807638;-38.361169;ipxon-networks-maracanau_sim1_p3
ipxon-networks-maracanau;IPXON Networks;Maracanaú;-3.8308368;-38.6112238;-3.876964;-38.624419;5.33;15.93;1;2930709;Simões Filho (BA);-12.783674;-38.40374;4;180.0;-12.831608;-38.40374;ipxon-networks-maracanau_sim1_p4
ipxon-networks-maracanau;IPXON Networks;Maracanaú;-3.8308368;-38.6112238;-3.876964;-38.624419;5.33;15.93;1;2930709;Simões Filho (BA);-12.783674;-38.40374;5;240.0;-12.807638;-38.446311;ipxon-networks-maracanau_sim1_p5
ipxon-networks-maracanau;IPXON Networks;Maracanaú;-3.8308368;-38.6112238;-3.876964;-38.624419;5.33;15.93;1;2930709;Simões Filho (BA);-12.783674;-38.40374;6;300.0;-12.759704;-38.446303;ipxon-networks-maracanau_sim1_p6
ipxon-networks-maracanau;IPXON Networks;Maracanaú;-3.8308368;-38.6112238;-3.876964;-38.624419;5.33;15.93;2;2616407;Vitória de Santo Antão (PE);-8.117564;-35.291195;1;0.0;-8.06963;-35.291195;ipxon-networks-maracanau_sim2_p1
ipxon-networks-maracanau;IPXON Networks;Maracanaú;-3.8308368;-38.6112238;-3.876964;-38.624419;5.33;15.93;2;2616407;Vitória de Santo Antão (PE);-8.117564;-35.291195;2;60.0;-8.093595;-35.249265;ipxon-networks-maracanau_sim2_p2
ipxon-networks-maracanau;IPXON Networks;Maracanaú;-3.8308368;-38.6112238;-3.876964;-38.624419;5.33;15.93;2;2616407;Vitória de Santo Antão (PE);-8.117564;-35.291195;3;120.0;-8.141529;-35.24926;ipxon-networks-maracanau_sim2_p3
ipxon-networks-maracanau;IPXON Networks;Maracanaú;-3.8308368;-38.6112238;-3.876964;-38.624419;5.33;15.93;2;2616407;Vitória de Santo Antão (PE);-8.117564;-35.291195;4;180.0;-8.165498;-35.291195;ipxon-networks-maracanau_sim2_p4
ipxon-networks-maracanau;IPXON Networks;Maracanaú;-3.8308368;-38.6112238;-3.876964;-38.624419;5.33;15.93;2;2616407;Vitória de Santo Antão (PE);-8.117564;-35.291195;5;240.0;-8.141529;-35.33313;ipxon-networks-maracanau_sim2_p5
ipxon-networks-maracanau;IPXON Networks;Maracanaú;-3.8308368;-38.6112238;-3.876964;-38.624419;5.33;15.93;2;2616407;Vitória de Santo Antão (PE);-8.117564;-35.291195;6;300.0;-8.093595;-35.333125;ipxon-networks-maracanau_sim2_p6
ipxon-networks-osasco;IPXON Networks;Osasco;-23.4920457;-46.7760135;-23.531148;-46.791619;4.63;20.1;1;3525904;Jundiaí (SP);-23.185054;-46.884119;1;0.0;-23.143415;-46.884119;ipxon-networks-osasco_sim1_p1
ipxon-networks-osasco;IPXON Networks;Osasco;-23.4920457;-46.7760135;-23.531148;-46.791619;4.63;20.1;1;3525904;Jundiaí (SP);-23.185054;-46.884119;2;60.0;-23.16423;-46.844897;ipxon-networks-osasco_sim1_p2
ipxon-networks-osasco;IPXON Networks;Osasco;-23.4920457;-46.7760135;-23.531148;-46.791619;4.63;20.1;1;3525904;Jundiaí (SP);-23.185054;-46.884119;3;120.0;-23.205868;-46.844885;ipxon-networks-osasco_sim1_p3
ipxon-networks-osasco;IPXON Networks;Osasco;-23.4920457;-46.7760135;-23.531148;-46.791619;4.63;20.1;1;3525904;Jundiaí (SP);-23.185054;-46.884119;4;180.0;-23.226693;-46.884119;ipxon-networks-osasco_sim1_p4
ipxon-networks-osasco;IPXON Networks;Osasco;-23.4920457;-46.7760135;-23.531148;-46.791619;4.63;20.1;1;3525904;Jundiaí (SP);-23.185054;-46.884119;5;240.0;-23.205868;-46.923353;ipxon-networks-osasco_sim1_p5
ipxon-networks-osasco;IPXON Networks;Osasco;-23.4920457;-46.7760135;-23.531148;-46.791619;4.63;20.1;1;3525904;Jundiaí (SP);-23.185054;-46.884119;6;300.0;-23.16423;-46.923341;ipxon-networks-osasco_sim1_p6
ipxon-networks-osasco;IPXON Networks;Osasco;-23.4920457;-46.7760135;-23.531148;-46.791619;4.63;20.1;2;3548500;Santos (SP);-23.959464;-46.333562;1;0.0;-23.917825;-46.333562;ipxon-networks-osasco_sim2_p1
ipxon-networks-osasco;IPXON Networks;Osasco;-23.4920457;-46.7760135;-23.531148;-46.791619;4.63;20.1;2;3548500;Santos (SP);-23.959464;-46.333562;2;60.0;-23.93864;-46.294108;ipxon-networks-osasco_sim2_p2
ipxon-networks-osasco;IPXON Networks;Osasco;-23.4920457;-46.7760135;-23.531148;-46.791619;4.63;20.1;2;3548500;Santos (SP);-23.959464;-46.333562;3;120.0;-23.980278;-46.294095;ipxon-networks-osasco_sim2_p3
ipxon-networks-osasco;IPXON Networks;Osasco;-23.4920457;-46.7760135;-23.531148;-46.791619;4.63;20.1;2;3548500;Santos (SP);-23.959464;-46.333562;4;180.0;-24.001103;-46.333562;ipxon-networks-osasco_sim2_p4
ipxon-networks-osasco;IPXON Networks;Osasco;-23.4920457;-46.7760135;-23.531148;-46.791619;4.63;20.1;2;3548500;Santos (SP);-23.959464;-46.333562;5;240.0;-23.980278;-46.373029;ipxon-networks-osasco_sim2_p5
ipxon-networks-osasco;IPXON Networks;Osasco;-23.4920457;-46.7760135;-23.531148;-46.791619;4.63;20.1;2;3548500;Santos (SP);-23.959464;-46.333562;6;300.0;-23.93864;-46.373016;ipxon-networks-osasco_sim2_p6
ipxon-networks-sao-joao-de-meriti;IPXON Networks;São João de Meriti;-22.8059797;-43.3480982;-22.802581;-43.37215;2.49;98.72;1;3510609;Carapicuíba (SP);-23.521149;-46.835509;1;0.0;-23.498756;-46.835509;ipxon-networks-sao-joao-de-meriti_sim1_p1
ipxon-networks-sao-joao-de-meriti;IPXON Networks;São João de Meriti;-22.8059797;-43.3480982;-22.802581;-43.37215;2.49;98.72;1;3510609;Carapicuíba (SP);-23.521149;-46.835509;2;60.0;-23.509951;-46.81436;ipxon-networks-sao-joao-de-meriti_sim1_p2
ipxon-networks-sao-joao-de-meriti;IPXON Networks;São João de Meriti;-22.8059797;-43.3480982;-22.802581;-43.37215;2.49;98.72;1;3510609;Carapicuíba (SP);-23.521149;-46.835509;3;120.0;-23.532344;-46.814357;ipxon-networks-sao-joao-de-meriti_sim1_p3
ipxon-networks-sao-joao-de-meriti;IPXON Networks;São João de Meriti;-22.8059797;-43.3480982;-22.802581;-43.37215;2.49;98.72;1;3510609;Carapicuíba (SP);-23.521149;-46.835509;4;180.0;-23.543542;-46.835509;ipxon-networks-sao-joao-de-meriti_sim1_p4
ipxon-networks-sao-joao-de-meriti;IPXON Networks;São João de Meriti;-22.8059797;-43.3480982;-22.802581;-43.37215;2.49;98.72;1;3510609;Carapicuíba (SP);-23.521149;-46.835509;5;240.0;-23.532344;-46.856661;ipxon-networks-sao-joao-de-meriti_sim1_p5
ipxon-networks-sao-joao-de-meriti;IPXON Networks;São João de Meriti;-22.8059797;-43.3480982;-22.802581;-43.37215;2.49;98.72;1;3510609;Carapicuíba (SP);-23.521149;-46.835509;6;300.0;-23.509951;-46.856658;ipxon-networks-sao-joao-de-meriti_sim1_p6
ipxon-networks-sao-joao-de-meriti;IPXON Networks;São João de Meriti;-22.8059797;-43.3480982;-22.802581;-43.37215;2.49;98.72;2;3551009;São Vicente (SP);-23.961686;-46.391895;1;0.0;-23.939293;-46.391895;ipxon-networks-sao-joao-de-meriti_sim2_p1
ipxon-networks-sao-joao-de-meriti;IPXON Networks;São João de Meriti;-22.8059797;-43.3480982;-22.802581;-43.37215;2.49;98.72;2;3551009;São Vicente (SP);-23.961686;-46.391895;2;60.0;-23.950488;-46.370675;ipxon-networks-sao-joao-de-meriti_sim2_p2
ipxon-networks-sao-joao-de-meriti;IPXON Networks;São João de Meriti;-22.8059797;-43.3480982;-22.802581;-43.37215;2.49;98.72;2;3551009;São Vicente (SP);-23.961686;-46.391895;3;120.0;-23.972881;-46.370671;ipxon-networks-sao-joao-de-meriti_sim2_p3
ipxon-networks-sao-joao-de-meriti;IPXON Networks;São João de Meriti;-22.8059797;-43.3480982;-22.802581;-43.37215;2.49;98.72;2;3551009;São Vicente (SP);-23.961686;-46.391895;4;180.0;-23.984079;-46.391895;ipxon-networks-sao-joao-de-meriti_sim2_p4
ipxon-networks-sao-joao-de-meriti;IPXON Networks;São João de Meriti;-22.8059797;-43.3480982;-22.802581;-43.37215;2.49;98.72;2;3551009;São Vicente (SP);-23.961686;-46.391895;5;240.0;-23.972881;-46.413119;ipxon-networks-sao-joao-de-meriti_sim2_p5
ipxon-networks-sao-joao-de-meriti;IPXON Networks;São João de Meriti;-22.8059797;-43.3480982;-22.802581;-43.37215;2.49;98.72;2;3551009;São Vicente (SP);-23.961686;-46.391895;6;300.0;-23.950488;-46.413115;ipxon-networks-sao-joao-de-meriti_sim2_p6
netwise-empresas-lagoa-da-prata;NETWISE EMPRESAS;Lagoa da Prata;-20.0346344;-45.5247215;-20.021321;-45.543546;2.46;126.97;1;3110509;Camanducaia (MG);-22.753964;-46.144669;1;0.0;-22.731841;-46.144669;netwise-empresas-lagoa-da-prata_sim1_p1
netwise-empresas-lagoa-da-prata;NETWISE EMPRESAS;Lagoa da Prata;-20.0346344;-45.5247215;-20.021321;-45.543546;2.46;126.97;1;3110509;Camanducaia (MG);-22.753964;-46.144669;2;60.0;-22.742901;-46.123894;netwise-empresas-lagoa-da-prata_sim1_p2
netwise-empresas-lagoa-da-prata;NETWISE EMPRESAS;Lagoa da Prata;-20.0346344;-45.5247215;-20.021321;-45.543546;2.46;126.97;1;3110509;Camanducaia (MG);-22.753964;-46.144669;3;120.0;-22.765024;-46.123891;netwise-empresas-lagoa-da-prata_sim1_p3
netwise-empresas-lagoa-da-prata;NETWISE EMPRESAS;Lagoa da Prata;-20.0346344;-45.5247215;-20.021321;-45.543546;2.46;126.97;1;3110509;Camanducaia (MG);-22.753964;-46.144669;4;180.0;-22.776087;-46.144669;netwise-empresas-lagoa-da-prata_sim1_p4
netwise-empresas-lagoa-da-prata;NETWISE EMPRESAS;Lagoa da Prata;-20.0346344;-45.5247215;-20.021321;-45.543546;2.46;126.97;1;3110509;Camanducaia (MG);-22.753964;-46.144669;5;240.0;-22.765024;-46.165447;netwise-empresas-lagoa-da-prata_sim1_p5
netwise-empresas-lagoa-da-prata;NETWISE EMPRESAS;Lagoa da Prata;-20.0346344;-45.5247215;-20.021321;-45.543546;2.46;126.97;1;3110509;Camanducaia (MG);-22.753964;-46.144669;6;300.0;-22.742901;-46.165444;netwise-empresas-lagoa-da-prata_sim1_p6
netwise-empresas-lagoa-da-prata;NETWISE EMPRESAS;Lagoa da Prata;-20.0346344;-45.5247215;-20.021321;-45.543546;2.46;126.97;2;3513405;Cruzeiro (SP);-22.574809;-44.962715;1;0.0;-22.552686;-44.962715;netwise-empresas-lagoa-da-prata_sim2_p1
netwise-empresas-lagoa-da-prata;NETWISE EMPRESAS;Lagoa da Prata;-20.0346344;-45.5247215;-20.021321;-45.543546;2.46;126.97;2;3513405;Cruzeiro (SP);-22.574809;-44.962715;2;60.0;-22.563746;-44.941967;netwise-empresas-lagoa-da-prata_sim2_p2
netwise-empresas-lagoa-da-prata;NETWISE EMPRESAS;Lagoa da Prata;-20.0346344;-45.5247215;-20.021321;-45.543546;2.46;126.97;2;3513405;Cruzeiro (SP);-22.574809;-44.962715;3;120.0;-22.585869;-44.941964;netwise-empresas-lagoa-da-prata_sim2_p3
netwise-empresas-lagoa-da-prata;NETWISE EMPRESAS;Lagoa da Prata;-20.0346344;-45.5247215;-20.021321;-45.543546;2.46;126.97;2;3513405;Cruzeiro (SP);-22.574809;-44.962715;4;180.0;-22.596932;-44.962715;netwise-empresas-lagoa-da-prata_sim2_p4
netwise-empresas-lagoa-da-prata;NETWISE EMPRESAS;Lagoa da Prata;-20.0346344;-45.5247215;-20.021321;-45.543546;2.46;126.97;2;3513405;Cruzeiro (SP);-22.574809;-44.962715;5;240.0;-22.585869;-44.983466;netwise-empresas-lagoa-da-prata_sim2_p5
netwise-empresas-lagoa-da-prata;NETWISE EMPRESAS;Lagoa da Prata;-20.0346344;-45.5247215;-20.021321;-45.543546;2.46;126.97;2;3513405;Cruzeiro (SP);-22.574809;-44.962715;6;300.0;-22.563746;-44.983463;netwise-empresas-lagoa-da-prata_sim2_p6
odata,-an-aligned-data-centers-company-hortolandia;ODATA, an Aligned Data Centers Company;Hortolândia;-22.900571;-47.19466;-22.858395;-47.221097;5.42;150.0;1;3524402;Jacareí (SP);-23.303938;-45.96578;1;0.0;-23.255195;-45.96578;odata,-an-aligned-data-centers-company-hortolandia_sim1_p1
odata,-an-aligned-data-centers-company-hortolandia;ODATA, an Aligned Data Centers Company;Hortolândia;-22.900571;-47.19466;-22.858395;-47.221097;5.42;150.0;1;3524402;Jacareí (SP);-23.303938;-45.96578;2;60.0;-23.27956;-45.919826;odata,-an-aligned-data-centers-company-hortolandia_sim1_p2
odata,-an-aligned-data-centers-company-hortolandia;ODATA, an Aligned Data Centers Company;Hortolândia;-22.900571;-47.19466;-22.858395;-47.221097;5.42;150.0;1;3524402;Jacareí (SP);-23.303938;-45.96578;3;120.0;-23.328303;-45.919809;odata,-an-aligned-data-centers-company-hortolandia_sim1_p3
odata,-an-aligned-data-centers-company-hortolandia;ODATA, an Aligned Data Centers Company;Hortolândia;-22.900571;-47.19466;-22.858395;-47.221097;5.42;150.0;1;3524402;Jacareí (SP);-23.303938;-45.96578;4;180.0;-23.352681;-45.96578;odata,-an-aligned-data-centers-company-hortolandia_sim1_p4
odata,-an-aligned-data-centers-company-hortolandia;ODATA, an Aligned Data Centers Company;Hortolândia;-22.900571;-47.19466;-22.858395;-47.221097;5.42;150.0;1;3524402;Jacareí (SP);-23.303938;-45.96578;5;240.0;-23.328303;-46.011751;odata,-an-aligned-data-centers-company-hortolandia_sim1_p5
odata,-an-aligned-data-centers-company-hortolandia;ODATA, an Aligned Data Centers Company;Hortolândia;-22.900571;-47.19466;-22.858395;-47.221097;5.42;150.0;1;3524402;Jacareí (SP);-23.303938;-45.96578;6;300.0;-23.27956;-46.011734;odata,-an-aligned-data-centers-company-hortolandia_sim1_p6
odata,-an-aligned-data-centers-company-hortolandia;ODATA, an Aligned Data Centers Company;Hortolândia;-22.900571;-47.19466;-22.858395;-47.221097;5.42;150.0;2;3554102;Taubaté (SP);-23.025063;-45.555221;1;0.0;-22.97632;-45.555221;odata,-an-aligned-data-centers-company-hortolandia_sim2_p1
odata,-an-aligned-data-centers-company-hortolandia;ODATA, an Aligned Data Centers Company;Hortolândia;-22.900571;-47.19466;-22.858395;-47.221097;5.42;150.0;2;3554102;Taubaté (SP);-23.025063;-45.555221;2;60.0;-23.000685;-45.509362;odata,-an-aligned-data-centers-company-hortolandia_sim2_p2
odata,-an-aligned-data-centers-company-hortolandia;ODATA, an Aligned Data Centers Company;Hortolândia;-22.900571;-47.19466;-22.858395;-47.221097;5.42;150.0;2;3554102;Taubaté (SP);-23.025063;-45.555221;3;120.0;-23.049428;-45.509346;odata,-an-aligned-data-centers-company-hortolandia_sim2_p3
odata,-an-aligned-data-centers-company-hortolandia;ODATA, an Aligned Data Centers Company;Hortolândia;-22.900571;-47.19466;-22.858395;-47.221097;5.42;150.0;2;3554102;Taubaté (SP);-23.025063;-45.555221;4;180.0;-23.073806;-45.555221;odata,-an-aligned-data-centers-company-hortolandia_sim2_p4
odata,-an-aligned-data-centers-company-hortolandia;ODATA, an Aligned Data Centers Company;Hortolândia;-22.900571;-47.19466;-22.858395;-47.221097;5.42;150.0;2;3554102;Taubaté (SP);-23.025063;-45.555221;5;240.0;-23.049428;-45.601096;odata,-an-aligned-data-centers-company-hortolandia_sim2_p5
odata,-an-aligned-data-centers-company-hortolandia;ODATA, an Aligned Data Centers Company;Hortolândia;-22.900571;-47.19466;-22.858395;-47.221097;5.42;150.0;2;3554102;Taubaté (SP);-23.025063;-45.555221;6;300.0;-23.000685;-45.60108;odata,-an-aligned-data-centers-company-hortolandia_sim2_p6
odata,-an-aligned-data-centers-company-sao-joao-de-meriti;ODATA, an Aligned Data Centers Company;São João de Meriti;-22.7966834;-43.3572998;-22.802581;-43.37215;1.66;66.7;1;3510609;Carapicuíba (SP);-23.521149;-46.835509;1;0.0;-23.50622;-46.835509;odata,-an-aligned-data-centers-company-sao-joao-de-meriti_sim1_p1
odata,-an-aligned-data-centers-company-sao-joao-de-meriti;ODATA, an Aligned Data Centers Company;São João de Meriti;-22.7966834;-43.3572998;-22.802581;-43.37215;1.66;66.7;1;3510609;Carapicuíba (SP);-23.521149;-46.835509;2;60.0;-23.513684;-46.82141;odata,-an-aligned-data-centers-company-sao-joao-de-meriti_sim1_p2
odata,-an-aligned-data-centers-company-sao-joao-de-meriti;ODATA, an Aligned Data Centers Company;São João de Meriti;-22.7966834;-43.3572998;-22.802581;-43.37215;1.66;66.7;1;3510609;Carapicuíba (SP);-23.521149;-46.835509;3;120.0;-23.528613;-46.821408;odata,-an-aligned-data-centers-company-sao-joao-de-meriti_sim1_p3
odata,-an-aligned-data-centers-company-sao-joao-de-meriti;ODATA, an Aligned Data Centers Company;São João de Meriti;-22.7966834;-43.3572998;-22.802581;-43.37215;1.66;66.7;1;3510609;Carapicuíba (SP);-23.521149;-46.835509;4;180.0;-23.536078;-46.835509;odata,-an-aligned-data-centers-company-sao-joao-de-meriti_sim1_p4
odata,-an-aligned-data-centers-company-sao-joao-de-meriti;ODATA, an Aligned Data Centers Company;São João de Meriti;-22.7966834;-43.3572998;-22.802581;-43.37215;1.66;66.7;1;3510609;Carapicuíba (SP);-23.521149;-46.835509;5;240.0;-23.528613;-46.84961;odata,-an-aligned-data-centers-company-sao-joao-de-meriti_sim1_p5
odata,-an-aligned-data-centers-company-sao-joao-de-meriti;ODATA, an Aligned Data Centers Company;São João de Meriti;-22.7966834;-43.3572998;-22.802581;-43.37215;1.66;66.7;1;3510609;Carapicuíba (SP);-23.521149;-46.835509;6;300.0;-23.513684;-46.849608;odata,-an-aligned-data-centers-company-sao-joao-de-meriti_sim1_p6
odata,-an-aligned-data-centers-company-sao-joao-de-meriti;ODATA, an Aligned Data Centers Company;São João de Meriti;-22.7966834;-43.3572998;-22.802581;-43.37215;1.66;66.7;2;3551009;São Vicente (SP);-23.961686;-46.391895;1;0.0;-23.946757;-46.391895;odata,-an-aligned-data-centers-company-sao-joao-de-meriti_sim2_p1
odata,-an-aligned-data-centers-company-sao-joao-de-meriti;ODATA, an Aligned Data Centers Company;São João de Meriti;-22.7966834;-43.3572998;-22.802581;-43.37215;1.66;66.7;2;3551009;São Vicente (SP);-23.961686;-46.391895;2;60.0;-23.954221;-46.377748;odata,-an-aligned-data-centers-company-sao-joao-de-meriti_sim2_p2
odata,-an-aligned-data-centers-company-sao-joao-de-meriti;ODATA, an Aligned Data Centers Company;São João de Meriti;-22.7966834;-43.3572998;-22.802581;-43.37215;1.66;66.7;2;3551009;São Vicente (SP);-23.961686;-46.391895;3;120.0;-23.96915;-46.377746;odata,-an-aligned-data-centers-company-sao-joao-de-meriti_sim2_p3
odata,-an-aligned-data-centers-company-sao-joao-de-meriti;ODATA, an Aligned Data Centers Company;São João de Meriti;-22.7966834;-43.3572998;-22.802581;-43.37215;1.66;66.7;2;3551009;São Vicente (SP);-23.961686;-46.391895;4;180.0;-23.976615;-46.391895;odata,-an-aligned-data-centers-company-sao-joao-de-meriti_sim2_p4
odata,-an-aligned-data-centers-company-sao-joao-de-meriti;ODATA, an Aligned Data Centers Company;São João de Meriti;-22.7966834;-43.3572998;-22.802581;-43.37215;1.66;66.7;2;3551009;São Vicente (SP);-23.961686;-46.391895;5;240.0;-23.96915;-46.406044;odata,-an-aligned-data-centers-company-sao-joao-de-meriti_sim2_p5
odata,-an-aligned-data-centers-company-sao-joao-de-meriti;ODATA, an Aligned Data Centers Company;São João de Meriti;-22.7966834;-43.3572998;-22.802581;-43.37215;1.66;66.7;2;3551009;São Vicente (SP);-23.961686;-46.391895;6;300.0;-23.954221;-46.406042;odata,-an-aligned-data-centers-company-sao-joao-de-meriti_sim2_p6
quantico-data-center-canoas;Quântico Data Center;Canoas;-29.9040072;-51.1283808;-29.916158;-51.1836;5.49;75.77;1;4119905;Ponta Grossa (PR);-25.093574;-50.161921;1;0.0;-25.044201;-50.161921;quantico-data-center-canoas_sim1_p1
quantico-data-center-canoas;Quântico Data Center;Canoas;-29.9040072;-51.1283808;-29.916158;-51.1836;5.49;75.77;1;4119905;Ponta Grossa (PR);-25.093574;-50.161921;2;60.0;-25.06888;-50.114716;quantico-data-center-canoas_sim1_p2
quantico-data-center-canoas;Quântico Data Center;Canoas;-29.9040072;-51.1283808;-29.916158;-51.1836;5.49;75.77;1;4119905;Ponta Grossa (PR);-25.093574;-50.161921;3;120.0;-25.118253;-50.114697;quantico-data-center-canoas_sim1_p3
quantico-data-center-canoas;Quântico Data Center;Canoas;-29.9040072;-51.1283808;-29.916158;-51.1836;5.49;75.77;1;4119905;Ponta Grossa (PR);-25.093574;-50.161921;4;180.0;-25.142947;-50.161921;quantico-data-center-canoas_sim1_p4
quantico-data-center-canoas;Quântico Data Center;Canoas;-29.9040072;-51.1283808;-29.916158;-51.1836;5.49;75.77;1;4119905;Ponta Grossa (PR);-25.093574;-50.161921;5;240.0;-25.118253;-50.209145;quantico-data-center-canoas_sim1_p5
quantico-data-center-canoas;Quântico Data Center;Canoas;-29.9040072;-51.1283808;-29.916158;-51.1836;5.49;75.77;1;4119905;Ponta Grossa (PR);-25.093574;-50.161921;6;300.0;-25.06888;-50.209126;quantico-data-center-canoas_sim1_p6
quantico-data-center-canoas;Quântico Data Center;Canoas;-29.9040072;-51.1283808;-29.916158;-51.1836;5.49;75.77;2;4202404;Blumenau (SC);-26.917943;-49.066085;1;0.0;-26.86857;-49.066085;quantico-data-center-canoas_sim2_p1
quantico-data-center-canoas;Quântico Data Center;Canoas;-29.9040072;-51.1283808;-29.916158;-51.1836;5.49;75.77;2;4202404;Blumenau (SC);-26.917943;-49.066085;2;60.0;-26.893249;-49.018142;quantico-data-center-canoas_sim2_p2
quantico-data-center-canoas;Quântico Data Center;Canoas;-29.9040072;-51.1283808;-29.916158;-51.1836;5.49;75.77;2;4202404;Blumenau (SC);-26.917943;-49.066085;3;120.0;-26.942621;-49.018121;quantico-data-center-canoas_sim2_p3
quantico-data-center-canoas;Quântico Data Center;Canoas;-29.9040072;-51.1283808;-29.916158;-51.1836;5.49;75.77;2;4202404;Blumenau (SC);-26.917943;-49.066085;4;180.0;-26.967316;-49.066085;quantico-data-center-canoas_sim2_p4
quantico-data-center-canoas;Quântico Data Center;Canoas;-29.9040072;-51.1283808;-29.916158;-51.1836;5.49;75.77;2;4202404;Blumenau (SC);-26.917943;-49.066085;5;240.0;-26.942621;-49.114049;quantico-data-center-canoas_sim2_p5
quantico-data-center-canoas;Quântico Data Center;Canoas;-29.9040072;-51.1283808;-29.916158;-51.1836;5.49;75.77;2;4202404;Blumenau (SC);-26.917943;-49.066085;6;300.0;-26.893249;-49.114028;quantico-data-center-canoas_sim2_p6
scala-data-centers-barueri;Scala Data Centers;Barueri;-23.49661906;-46.8139879;-23.509205;-46.876065;6.48;77.55;1;3509205;Cajamar (SP);-23.360971;-46.88292;1;0.0;-23.302695;-46.88292;scala-data-centers-barueri_sim1_p1
scala-data-centers-barueri;Scala Data Centers;Barueri;-23.49661906;-46.8139879;-23.509205;-46.876065;6.48;77.55;1;3509205;Cajamar (SP);-23.360971;-46.88292;2;60.0;-23.331823;-46.827957;scala-data-centers-barueri_sim1_p2
scala-data-centers-barueri;Scala Data Centers;Barueri;-23.49661906;-46.8139879;-23.509205;-46.876065;6.48;77.55;1;3509205;Cajamar (SP);-23.360971;-46.88292;3;120.0;-23.390099;-46.827933;scala-data-centers-barueri_sim1_p3
scala-data-centers-barueri;Scala Data Centers;Barueri;-23.49661906;-46.8139879;-23.509205;-46.876065;6.48;77.55;1;3509205;Cajamar (SP);-23.360971;-46.88292;4;180.0;-23.419247;-46.88292;scala-data-centers-barueri_sim1_p4
scala-data-centers-barueri;Scala Data Centers;Barueri;-23.49661906;-46.8139879;-23.509205;-46.876065;6.48;77.55;1;3509205;Cajamar (SP);-23.360971;-46.88292;5;240.0;-23.390099;-46.937907;scala-data-centers-barueri_sim1_p5
scala-data-centers-barueri;Scala Data Centers;Barueri;-23.49661906;-46.8139879;-23.509205;-46.876065;6.48;77.55;1;3509205;Cajamar (SP);-23.360971;-46.88292;6;300.0;-23.331823;-46.937883;scala-data-centers-barueri_sim1_p6
scala-data-centers-barueri;Scala Data Centers;Barueri;-23.49661906;-46.8139879;-23.509205;-46.876065;6.48;77.55;2;3524709;Jaguariúna (SP);-22.704242;-46.985785;1;0.0;-22.645966;-46.985785;scala-data-centers-barueri_sim2_p1
scala-data-centers-barueri;Scala Data Centers;Barueri;-23.49661906;-46.8139879;-23.509205;-46.876065;6.48;77.55;2;3524709;Jaguariúna (SP);-22.704242;-46.985785;2;60.0;-22.675095;-46.931089;scala-data-centers-barueri_sim2_p2
scala-data-centers-barueri;Scala Data Centers;Barueri;-23.49661906;-46.8139879;-23.509205;-46.876065;6.48;77.55;2;3524709;Jaguariúna (SP);-22.704242;-46.985785;3;120.0;-22.733371;-46.931065;scala-data-centers-barueri_sim2_p3
scala-data-centers-barueri;Scala Data Centers;Barueri;-23.49661906;-46.8139879;-23.509205;-46.876065;6.48;77.55;2;3524709;Jaguariúna (SP);-22.704242;-46.985785;4;180.0;-22.762518;-46.985785;scala-data-centers-barueri_sim2_p4
scala-data-centers-barueri;Scala Data Centers;Barueri;-23.49661906;-46.8139879;-23.509205;-46.876065;6.48;77.55;2;3524709;Jaguariúna (SP);-22.704242;-46.985785;5;240.0;-22.733371;-47.040505;scala-data-centers-barueri_sim2_p5
scala-data-centers-barueri;Scala Data Centers;Barueri;-23.49661906;-46.8139879;-23.509205;-46.876065;6.48;77.55;2;3524709;Jaguariúna (SP);-22.704242;-46.985785;6;300.0;-22.675095;-47.040481;scala-data-centers-barueri_sim2_p6
scala-data-centers-porto-alegre;Scala Data Centers;Porto Alegre;-30.0028052;-51.1979623;-30.03143;-51.229989;4.43;44.1;1;4106902;Curitiba (PR);-25.426337;-49.273028;1;0.0;-25.386497;-49.273028;scala-data-centers-porto-alegre_sim1_p1
scala-data-centers-porto-alegre;Scala Data Centers;Porto Alegre;-30.0028052;-51.1979623;-30.03143;-51.229989;4.43;44.1;1;4106902;Curitiba (PR);-25.426337;-49.273028;2;60.0;-25.406412;-49.234832;scala-data-centers-porto-alegre_sim1_p2
scala-data-centers-porto-alegre;Scala Data Centers;Porto Alegre;-30.0028052;-51.1979623;-30.03143;-51.229989;4.43;44.1;1;4106902;Curitiba (PR);-25.426337;-49.273028;3;120.0;-25.446252;-49.234819;scala-data-centers-porto-alegre_sim1_p3
scala-data-centers-porto-alegre;Scala Data Centers;Porto Alegre;-30.0028052;-51.1979623;-30.03143;-51.229989;4.43;44.1;1;4106902;Curitiba (PR);-25.426337;-49.273028;4;180.0;-25.466177;-49.273028;scala-data-centers-porto-alegre_sim1_p4
scala-data-centers-porto-alegre;Scala Data Centers;Porto Alegre;-30.0028052;-51.1979623;-30.03143;-51.229989;4.43;44.1;1;4106902;Curitiba (PR);-25.426337;-49.273028;5;240.0;-25.446252;-49.311237;scala-data-centers-porto-alegre_sim1_p5
scala-data-centers-porto-alegre;Scala Data Centers;Porto Alegre;-30.0028052;-51.1979623;-30.03143;-51.229989;4.43;44.1;1;4106902;Curitiba (PR);-25.426337;-49.273028;6;300.0;-25.406412;-49.311224;scala-data-centers-porto-alegre_sim1_p6
scala-data-centers-porto-alegre;Scala Data Centers;Porto Alegre;-30.0028052;-51.1979623;-30.03143;-51.229989;4.43;44.1;2;4113700;Londrina (PR);-23.308929;-51.162759;1;0.0;-23.269089;-51.162759;scala-data-centers-porto-alegre_sim2_p1
scala-data-centers-porto-alegre;Scala Data Centers;Porto Alegre;-30.0028052;-51.1979623;-30.03143;-51.229989;4.43;44.1;2;4113700;Londrina (PR);-23.308929;-51.162759;2;60.0;-23.289005;-51.125196;scala-data-centers-porto-alegre_sim2_p2
scala-data-centers-porto-alegre;Scala Data Centers;Porto Alegre;-30.0028052;-51.1979623;-30.03143;-51.229989;4.43;44.1;2;4113700;Londrina (PR);-23.308929;-51.162759;3;120.0;-23.328844;-51.125185;scala-data-centers-porto-alegre_sim2_p3
scala-data-centers-porto-alegre;Scala Data Centers;Porto Alegre;-30.0028052;-51.1979623;-30.03143;-51.229989;4.43;44.1;2;4113700;Londrina (PR);-23.308929;-51.162759;4;180.0;-23.348769;-51.162759;scala-data-centers-porto-alegre_sim2_p4
scala-data-centers-porto-alegre;Scala Data Centers;Porto Alegre;-30.0028052;-51.1979623;-30.03143;-51.229989;4.43;44.1;2;4113700;Londrina (PR);-23.308929;-51.162759;5;240.0;-23.328844;-51.200333;scala-data-centers-porto-alegre_sim2_p5
scala-data-centers-porto-alegre;Scala Data Centers;Porto Alegre;-30.0028052;-51.1979623;-30.03143;-51.229989;4.43;44.1;2;4113700;Londrina (PR);-23.308929;-51.162759;6;300.0;-23.289005;-51.200322;scala-data-centers-porto-alegre_sim2_p6
scala-data-centers-sao-joao-de-meriti;Scala Data Centers;São João de Meriti;-22.796438;-43.356317;-22.802581;-43.37215;1.76;67.18;1;3510609;Carapicuíba (SP);-23.521149;-46.835509;1;0.0;-23.505321;-46.835509;scala-data-centers-sao-joao-de-meriti_sim1_p1
scala-data-centers-sao-joao-de-meriti;Scala Data Centers;São João de Meriti;-22.796438;-43.356317;-22.802581;-43.37215;1.76;67.18;1;3510609;Carapicuíba (SP);-23.521149;-46.835509;2;60.0;-23.513234;-46.82056;scala-data-centers-sao-joao-de-meriti_sim1_p2
scala-data-centers-sao-joao-de-meriti;Scala Data Centers;São João de Meriti;-22.796438;-43.356317;-22.802581;-43.37215;1.76;67.18;1;3510609;Carapicuíba (SP);-23.521149;-46.835509;3;120.0;-23.529062;-46.820558;scala-data-centers-sao-joao-de-meriti_sim1_p3
scala-data-centers-sao-joao-de-meriti;Scala Data Centers;São João de Meriti;-22.796438;-43.356317;-22.802581;-43.37215;1.76;67.18;1;3510609;Carapicuíba (SP);-23.521149;-46.835509;4;180.0;-23.536977;-46.835509;scala-data-centers-sao-joao-de-meriti_sim1_p4
scala-data-centers-sao-joao-de-meriti;Scala Data Centers;São João de Meriti;-22.796438;-43.356317;-22.802581;-43.37215;1.76;67.18;1;3510609;Carapicuíba (SP);-23.521149;-46.835509;5;240.0;-23.529062;-46.85046;scala-data-centers-sao-joao-de-meriti_sim1_p5
scala-data-centers-sao-joao-de-meriti;Scala Data Centers;São João de Meriti;-22.796438;-43.356317;-22.802581;-43.37215;1.76;67.18;1;3510609;Carapicuíba (SP);-23.521149;-46.835509;6;300.0;-23.513234;-46.850458;scala-data-centers-sao-joao-de-meriti_sim1_p6
scala-data-centers-sao-joao-de-meriti;Scala Data Centers;São João de Meriti;-22.796438;-43.356317;-22.802581;-43.37215;1.76;67.18;2;3551009;São Vicente (SP);-23.961686;-46.391895;1;0.0;-23.945858;-46.391895;scala-data-centers-sao-joao-de-meriti_sim2_p1
scala-data-centers-sao-joao-de-meriti;Scala Data Centers;São João de Meriti;-22.796438;-43.356317;-22.802581;-43.37215;1.76;67.18;2;3551009;São Vicente (SP);-23.961686;-46.391895;2;60.0;-23.953771;-46.376896;scala-data-centers-sao-joao-de-meriti_sim2_p2
scala-data-centers-sao-joao-de-meriti;Scala Data Centers;São João de Meriti;-22.796438;-43.356317;-22.802581;-43.37215;1.76;67.18;2;3551009;São Vicente (SP);-23.961686;-46.391895;3;120.0;-23.969599;-46.376894;scala-data-centers-sao-joao-de-meriti_sim2_p3
scala-data-centers-sao-joao-de-meriti;Scala Data Centers;São João de Meriti;-22.796438;-43.356317;-22.802581;-43.37215;1.76;67.18;2;3551009;São Vicente (SP);-23.961686;-46.391895;4;180.0;-23.977514;-46.391895;scala-data-centers-sao-joao-de-meriti_sim2_p4
scala-data-centers-sao-joao-de-meriti;Scala Data Centers;São João de Meriti;-22.796438;-43.356317;-22.802581;-43.37215;1.76;67.18;2;3551009;São Vicente (SP);-23.961686;-46.391895;5;240.0;-23.969599;-46.406896;scala-data-centers-sao-joao-de-meriti_sim2_p5
scala-data-centers-sao-joao-de-meriti;Scala Data Centers;São João de Meriti;-22.796438;-43.356317;-22.802581;-43.37215;1.76;67.18;2;3551009;São Vicente (SP);-23.961686;-46.391895;6;300.0;-23.953771;-46.406894;scala-data-centers-sao-joao-de-meriti_sim2_p6
to-host-data-centers-palmas;TO HOST Data Centers;Palmas;-10.2048941;-48.3529666;-10.166032;-48.333276;4.83;206.5;1;1200401;Rio Branco (AC);-9.97411;-67.810139;1;0.0;-9.930673;-67.810139;to-host-data-centers-palmas_sim1_p1
to-host-data-centers-palmas;TO HOST Data Centers;Palmas;-10.2048941;-48.3529666;-10.166032;-48.333276;4.83;206.5;1;1200401;Rio Branco (AC);-9.97411;-67.810139;2;60.0;-9.952389;-67.771947;to-host-data-centers-palmas_sim1_p2
to-host-data-centers-palmas;TO HOST Data Centers;Palmas;-10.2048941;-48.3529666;-10.166032;-48.333276;4.83;206.5;1;1200401;Rio Branco (AC);-9.97411;-67.810139;3;120.0;-9.995826;-67.771941;to-host-data-centers-palmas_sim1_p3
to-host-data-centers-palmas;TO HOST Data Centers;Palmas;-10.2048941;-48.3529666;-10.166032;-48.333276;4.83;206.5;1;1200401;Rio Branco (AC);-9.97411;-67.810139;4;180.0;-10.017547;-67.810139;to-host-data-centers-palmas_sim1_p4
to-host-data-centers-palmas;TO HOST Data Centers;Palmas;-10.2048941;-48.3529666;-10.166032;-48.333276;4.83;206.5;1;1200401;Rio Branco (AC);-9.97411;-67.810139;5;240.0;-9.995826;-67.848337;to-host-data-centers-palmas_sim1_p5
to-host-data-centers-palmas;TO HOST Data Centers;Palmas;-10.2048941;-48.3529666;-10.166032;-48.333276;4.83;206.5;1;1200401;Rio Branco (AC);-9.97411;-67.810139;6;300.0;-9.952389;-67.848331;to-host-data-centers-palmas_sim1_p6
to-host-data-centers-palmas;TO HOST Data Centers;Palmas;-10.2048941;-48.3529666;-10.166032;-48.333276;4.83;206.5;2;1702109;Araguaína (TO);-7.191329;-48.208705;1;0.0;-7.147892;-48.208705;to-host-data-centers-palmas_sim2_p1
to-host-data-centers-palmas;TO HOST Data Centers;Palmas;-10.2048941;-48.3529666;-10.166032;-48.333276;4.83;206.5;2;1702109;Araguaína (TO);-7.191329;-48.208705;2;60.0;-7.169609;-48.170791;to-host-data-centers-palmas_sim2_p2
to-host-data-centers-palmas;TO HOST Data Centers;Palmas;-10.2048941;-48.3529666;-10.166032;-48.333276;4.83;206.5;2;1702109;Araguaína (TO);-7.191329;-48.208705;3;120.0;-7.213046;-48.170787;to-host-data-centers-palmas_sim2_p3
to-host-data-centers-palmas;TO HOST Data Centers;Palmas;-10.2048941;-48.3529666;-10.166032;-48.333276;4.83;206.5;2;1702109;Araguaína (TO);-7.191329;-48.208705;4;180.0;-7.234766;-48.208705;to-host-data-centers-palmas_sim2_p4
to-host-data-centers-palmas;TO HOST Data Centers;Palmas;-10.2048941;-48.3529666;-10.166032;-48.333276;4.83;206.5;2;1702109;Araguaína (TO);-7.191329;-48.208705;5;240.0;-7.213046;-48.246623;to-host-data-centers-palmas_sim2_p5
to-host-data-centers-palmas;TO HOST Data Centers;Palmas;-10.2048941;-48.3529666;-10.166032;-48.333276;4.83;206.5;2;1702109;Araguaína (TO);-7.191329;-48.208705;6;300.0;-7.169609;-48.246619;to-host-data-centers-palmas_sim2_p6
