nome_datacenter;latitude_datacenter;longitude_datacenter;latitude_municipio;longitude_municipio;latitude_similar;longitude_similar;distancia_km;inclinacao_graus;ponto_num;ponto_inclinacao_graus;ponto_latitude;ponto_longitude
ODATA RJ01;-22.7966834;-43.3572998;-22.802581;-43.37215;-23.521149;-46.835509;1.66;66.7;1;0.0;-23.50622;-46.835509
ODATA RJ01;-22.7966834;-43.3572998;-22.802581;-43.37215;-23.521149;-46.835509;1.66;66.7;2;60.0;-23.513684;-46.82141
ODATA RJ01;-22.7966834;-43.3572998;-22.802581;-43.37215;-23.521149;-46.835509;1.66;66.7;3;120.0;-23.528613;-46.821408
ODATA RJ01;-22.7966834;-43.3572998;-22.802581;-43.37215;-23.521149;-46.835509;1.66;66.7;4;180.0;-23.536078;-46.835509
ODATA RJ01;-22.7966834;-43.3572998;-22.802581;-43.37215;-23.521149;-46.835509;1.66;66.7;5;240.0;-23.528613;-46.84961
ODATA RJ01;-22.7966834;-43.3572998;-22.802581;-43.37215;-23.521149;-46.835509;1.66;66.7;6;300.0;-23.513684;-46.849608
ASAP SP1;-23.6761714;-46.6992381;-23.567386;-46.570383;-22.876652;-43.227875;17.85;227.32;1;0.0;-22.716123;-43.227875
ASAP SP1;-23.6761714;-46.6992381;-23.567386;-46.570383;-22.876652;-43.227875;17.85;227.32;2;60.0;-22.796317;-43.077074
ASAP SP1;-23.6761714;-46.6992381;-23.567386;-46.570383;-22.876652;-43.227875;17.85;227.32;3;120.0;-22.956845;-43.076895
ASAP SP1;-23.6761714;-46.6992381;-23.567386;-46.570383;-22.876652;-43.227875;17.85;227.32;4;180.0;-23.037181;-43.227875
ASAP SP1;-23.6761714;-46.6992381;-23.567386;-46.570383;-22.876652;-43.227875;17.85;227.32;5;240.0;-22.956845;-43.378855
ASAP SP1;-23.6761714;-46.6992381;-23.567386;-46.570383;-22.876652;-43.227875;17.85;227.32;6;300.0;-22.796317;-43.378676
Ascenty - Hortolandia HTL4;-22.8948579;-47.1789044;-22.858395;-47.221097;-23.303938;-45.96578;5.93;133.18;1;0.0;-23.250608;-45.96578
Ascenty - Hortolandia HTL4;-22.8948579;-47.1789044;-22.858395;-47.221097;-23.303938;-45.96578;5.93;133.18;2;60.0;-23.277265;-45.915503
Ascenty - Hortolandia HTL4;-22.8948579;-47.1789044;-22.858395;-47.221097;-23.303938;-45.96578;5.93;133.18;3;120.0;-23.330595;-45.915482
Ascenty - Hortolandia HTL4;-22.8948579;-47.1789044;-22.858395;-47.221097;-23.303938;-45.96578;5.93;133.18;4;180.0;-23.357268;-45.96578
Ascenty - Hortolandia HTL4;-22.8948579;-47.1789044;-22.858395;-47.221097;-23.303938;-45.96578;5.93;133.18;5;240.0;-23.330595;-46.016078
Ascenty - Hortolandia HTL4;-22.8948579;-47.1789044;-22.858395;-47.221097;-23.303938;-45.96578;5.93;133.18;6;300.0;-23.277265;-46.016057
Ascenty - Hortolandia HTL5;-22.8958925;-47.1801919;-22.858395;-47.221097;-23.303938;-45.96578;5.91;134.86;1;0.0;-23.250788;-45.96578
Ascenty - Hortolandia HTL5;-22.8958925;-47.1801919;-22.858395;-47.221097;-23.303938;-45.96578;5.91;134.86;2;60.0;-23.277355;-45.915672
Ascenty - Hortolandia HTL5;-22.8958925;-47.1801919;-22.858395;-47.221097;-23.303938;-45.96578;5.91;134.86;3;120.0;-23.330505;-45.915652
Ascenty - Hortolandia HTL5;-22.8958925;-47.1801919;-22.858395;-47.221097;-23.303938;-45.96578;5.91;134.86;4;180.0;-23.357088;-45.96578
Ascenty - Hortolandia HTL5;-22.8958925;-47.1801919;-22.858395;-47.221097;-23.303938;-45.96578;5.91;134.86;5;240.0;-23.330505;-46.015908
Ascenty - Hortolandia HTL5;-22.8958925;-47.1801919;-22.858395;-47.221097;-23.303938;-45.96578;5.91;134.86;6;300.0;-23.277355;-46.015888
Ascenty - Jundiai JDI2;-23.1924667;-46.9729886;-23.185054;-46.884119;-23.306157;-47.132732;9.12;264.8;1;0.0;-23.224139;-47.132732
Ascenty - Jundiai JDI2;-23.1924667;-46.9729886;-23.185054;-46.884119;-23.306157;-47.132732;9.12;264.8;2;60.0;-23.265129;-47.055415
Ascenty - Jundiai JDI2;-23.1924667;-46.9729886;-23.185054;-46.884119;-23.306157;-47.132732;9.12;264.8;3;120.0;-23.347147;-47.055368
Ascenty - Jundiai JDI2;-23.1924667;-46.9729886;-23.185054;-46.884119;-23.306157;-47.132732;9.12;264.8;4;180.0;-23.388175;-47.132732
Ascenty - Jundiai JDI2;-23.1924667;-46.9729886;-23.185054;-46.884119;-23.306157;-47.132732;9.12;264.8;5;240.0;-23.347147;-47.210096
Ascenty - Jundiai JDI2;-23.1924667;-46.9729886;-23.185054;-46.884119;-23.306157;-47.132732;9.12;264.8;6;300.0;-23.265129;-47.210049
Ascenty - Sao Paulo SP4;-23.4898885;-46.7752556;-23.531148;-46.791619;-23.185054;-46.884119;4.88;19.99;1;0.0;-23.141167;-46.884119
Ascenty - Sao Paulo SP4;-23.4898885;-46.7752556;-23.531148;-46.791619;-23.185054;-46.884119;4.88;19.99;2;60.0;-23.163105;-46.842779
Ascenty - Sao Paulo SP4;-23.4898885;-46.7752556;-23.531148;-46.791619;-23.185054;-46.884119;4.88;19.99;3;120.0;-23.206992;-46.842766
Ascenty - Sao Paulo SP4;-23.4898885;-46.7752556;-23.531148;-46.791619;-23.185054;-46.884119;4.88;19.99;4;180.0;-23.228941;-46.884119
Ascenty - Sao Paulo SP4;-23.4898885;-46.7752556;-23.531148;-46.791619;-23.185054;-46.884119;4.88;19.99;5;240.0;-23.206992;-46.925472
Ascenty - Sao Paulo SP4;-23.4898885;-46.7752556;-23.531148;-46.791619;-23.185054;-46.884119;4.88;19.99;6;300.0;-23.163105;-46.925459
Ascenty- Rio de Janeiro RJ2;-22.8050847;-43.3484313;-22.876652;-43.227875;-19.815779;-43.95631;14.7;302.76;1;0.0;-19.683579;-43.95631
Ascenty- Rio de Janeiro RJ2;-22.8050847;-43.3484313;-22.876652;-43.227875;-19.815779;-43.95631;14.7;302.76;2;60.0;-19.749638;-43.834666
Ascenty- Rio de Janeiro RJ2;-22.8050847;-43.3484313;-22.876652;-43.227875;-19.815779;-43.95631;14.7;302.76;3;120.0;-19.881838;-43.834565
Ascenty- Rio de Janeiro RJ2;-22.8050847;-43.3484313;-22.876652;-43.227875;-19.815779;-43.95631;14.7;302.76;4;180.0;-19.947979;-43.95631
Ascenty- Rio de Janeiro RJ2;-22.8050847;-43.3484313;-22.876652;-43.227875;-19.815779;-43.95631;14.7;302.76;5;240.0;-19.881838;-44.078055
Ascenty- Rio de Janeiro RJ2;-22.8050847;-43.3484313;-22.876652;-43.227875;-19.815779;-43.95631;14.7;302.76;6;300.0;-19.749638;-44.077954
Ascenty - Sao Paulo SP3;-23.491232;-46.7759313;-23.531148;-46.791619;-23.185054;-46.884119;4.72;19.82;1;0.0;-23.142606;-46.884119
Ascenty - Sao Paulo SP3;-23.491232;-46.7759313;-23.531148;-46.791619;-23.185054;-46.884119;4.72;19.82;2;60.0;-23.163825;-46.844135
Ascenty - Sao Paulo SP3;-23.491232;-46.7759313;-23.531148;-46.791619;-23.185054;-46.884119;4.72;19.82;3;120.0;-23.206273;-46.844122
Ascenty - Sao Paulo SP3;-23.491232;-46.7759313;-23.531148;-46.791619;-23.185054;-46.884119;4.72;19.82;4;180.0;-23.227502;-46.884119
Ascenty - Sao Paulo SP3;-23.491232;-46.7759313;-23.531148;-46.791619;-23.185054;-46.884119;4.72;19.82;5;240.0;-23.206273;-46.924116
Ascenty - Sao Paulo SP3;-23.491232;-46.7759313;-23.531148;-46.791619;-23.185054;-46.884119;4.72;19.82;6;300.0;-23.163825;-46.924103
CWB-HN 01;-25.44583383579607;-49.26575676773692;-25.426337;-49.273028;-30.03143;-51.229989;2.29;161.39;1;0.0;-30.010836;-51.229989
CWB-HN 01;-25.44583383579607;-49.26575676773692;-25.426337;-49.273028;-30.03143;-51.229989;2.29;161.39;2;60.0;-30.021131;-51.20939
CWB-HN 01;-25.44583383579607;-49.26575676773692;-25.426337;-49.273028;-30.03143;-51.229989;2.29;161.39;3;120.0;-30.041726;-51.209386
CWB-HN 01;-25.44583383579607;-49.26575676773692;-25.426337;-49.273028;-30.03143;-51.229989;2.29;161.39;4;180.0;-30.052024;-51.229989
CWB-HN 01;-25.44583383579607;-49.26575676773692;-25.426337;-49.273028;-30.03143;-51.229989;2.29;161.39;5;240.0;-30.041726;-51.250592
CWB-HN 01;-25.44583383579607;-49.26575676773692;-25.426337;-49.273028;-30.03143;-51.229989;2.29;161.39;6;300.0;-30.021131;-51.250588
Equinix SP5x;-23.46393786425595;-46.8626817427955;-23.442819;-46.917731;-22.228711;-45.936332;6.09;112.7;1;0.0;-22.173942;-45.936332
Equinix SP5x;-23.46393786425595;-46.8626817427955;-23.442819;-46.917731;-22.228711;-45.936332;6.09;112.7;2;60.0;-22.201319;-45.885103
Equinix SP5x;-23.46393786425595;-46.8626817427955;-23.442819;-46.917731;-22.228711;-45.936332;6.09;112.7;3;120.0;-22.256087;-45.885083
Equinix SP5x;-23.46393786425595;-46.8626817427955;-23.442819;-46.917731;-22.228711;-45.936332;6.09;112.7;4;180.0;-22.28348;-45.936332
Equinix SP5x;-23.46393786425595;-46.8626817427955;-23.442819;-46.917731;-22.228711;-45.936332;6.09;112.7;5;240.0;-22.256087;-45.987581
Equinix SP5x;-23.46393786425595;-46.8626817427955;-23.442819;-46.917731;-22.228711;-45.936332;6.09;112.7;6;300.0;-22.201319;-45.987561
IDX Data Centers & IT Services;-10.1875328;-48.340776;-10.166032;-48.333276;-9.97411;-67.810139;2.53;198.95;1;0.0;-9.951357;-67.810139
IDX Data Centers & IT Services;-10.1875328;-48.340776;-10.166032;-48.333276;-9.97411;-67.810139;2.53;198.95;2;60.0;-9.962733;-67.790133
IDX Data Centers & IT Services;-10.1875328;-48.340776;-10.166032;-48.333276;-9.97411;-67.810139;2.53;198.95;3;120.0;-9.985486;-67.790131
IDX Data Centers & IT Services;-10.1875328;-48.340776;-10.166032;-48.333276;-9.97411;-67.810139;2.53;198.95;4;180.0;-9.996863;-67.810139
IDX Data Centers & IT Services;-10.1875328;-48.340776;-10.166032;-48.333276;-9.97411;-67.810139;2.53;198.95;5;240.0;-9.985486;-67.830147
IDX Data Centers & IT Services;-10.1875328;-48.340776;-10.166032;-48.333276;-9.97411;-67.810139;2.53;198.95;6;300.0;-9.962733;-67.830145
IDX Data Centers & IT Services;-10.1875328;-48.340776;-26.482678;-51.990545;-23.287161;-52.603543;1852.08;12.63;1;0.0;-6.631005;-52.603543
IDX Data Centers & IT Services;-10.1875328;-48.340776;-26.482678;-51.990545;-23.287161;-52.603543;1852.08;12.63;2;60.0;-14.306762;-37.760534
IDX Data Centers & IT Services;-10.1875328;-48.340776;-26.482678;-51.990545;-23.287161;-52.603543;1852.08;12.63;3;120.0;-30.689861;-35.826097
IDX Data Centers & IT Services;-10.1875328;-48.340776;-26.482678;-51.990545;-23.287161;-52.603543;1852.08;12.63;4;180.0;-39.943317;-52.603543
IDX Data Centers & IT Services;-10.1875328;-48.340776;-26.482678;-51.990545;-23.287161;-52.603543;1852.08;12.63;5;240.0;-30.689861;-69.380989
IDX Data Centers & IT Services;-10.1875328;-48.340776;-26.482678;-51.990545;-23.287161;-52.603543;1852.08;12.63;6;300.0;-14.306762;-67.446552
IPXON Fortaleza;-3.8308368;-38.6112238;-3.716992;-38.542889;-12.97033;-38.510686;14.76;210.92;1;0.0;-12.83759;-38.510686
IPXON Fortaleza;-3.8308368;-38.6112238;-3.716992;-38.542889;-12.97033;-38.510686;14.76;210.92;2;60.0;-12.903934;-38.392752
IPXON Fortaleza;-3.8308368;-38.6112238;-3.716992;-38.542889;-12.97033;-38.510686;14.76;210.92;3;120.0;-13.036673;-38.392689
IPXON Fortaleza;-3.8308368;-38.6112238;-3.716992;-38.542889;-12.97033;-38.510686;14.76;210.92;4;180.0;-13.10307;-38.510686
IPXON Fortaleza;-3.8308368;-38.6112238;-3.716992;-38.542889;-12.97033;-38.510686;14.76;210.92;5;240.0;-13.036673;-38.628683
IPXON Fortaleza;-3.8308368;-38.6112238;-3.716992;-38.542889;-12.97033;-38.510686;14.76;210.92;6;300.0;-12.903934;-38.62862
IPXON Rio de Janeiro;-22.8059797;-43.3480982;-22.876652;-43.227875;-19.815779;-43.95631;14.61;302.51;1;0.0;-19.684388;-43.95631
IPXON Rio de Janeiro;-22.8059797;-43.3480982;-22.876652;-43.227875;-19.815779;-43.95631;14.61;302.51;2;60.0;-19.750043;-43.83541
IPXON Rio de Janeiro;-22.8059797;-43.3480982;-22.876652;-43.227875;-19.815779;-43.95631;14.61;302.51;3;120.0;-19.881434;-43.83531
IPXON Rio de Janeiro;-22.8059797;-43.3480982;-22.876652;-43.227875;-19.815779;-43.95631;14.61;302.51;4;180.0;-19.94717;-43.95631
IPXON Rio de Janeiro;-22.8059797;-43.3480982;-22.876652;-43.227875;-19.815779;-43.95631;14.61;302.51;5;240.0;-19.881434;-44.07731
IPXON Rio de Janeiro;-22.8059797;-43.3480982;-22.876652;-43.227875;-19.815779;-43.95631;14.61;302.51;6;300.0;-19.750043;-44.07721
IPXON Sao Paulo;-23.4920457;-46.7760135;-23.531148;-46.791619;-23.185054;-46.884119;4.63;20.1;1;0.0;-23.143415;-46.884119
IPXON Sao Paulo;-23.4920457;-46.7760135;-23.531148;-46.791619;-23.185054;-46.884119;4.63;20.1;2;60.0;-23.16423;-46.844897
IPXON Sao Paulo;-23.4920457;-46.7760135;-23.531148;-46.791619;-23.185054;-46.884119;4.63;20.1;3;120.0;-23.205868;-46.844885
IPXON Sao Paulo;-23.4920457;-46.7760135;-23.531148;-46.791619;-23.185054;-46.884119;4.63;20.1;4;180.0;-23.226693;-46.884119
IPXON Sao Paulo;-23.4920457;-46.7760135;-23.531148;-46.791619;-23.185054;-46.884119;4.63;20.1;5;240.0;-23.205868;-46.923353
IPXON Sao Paulo;-23.4920457;-46.7760135;-23.531148;-46.791619;-23.185054;-46.884119;4.63;20.1;6;300.0;-23.16423;-46.923341
Quântico Data Center;-29.9040072;-51.1283808;-29.916158;-51.1836;-25.093574;-50.161921;5.49;75.77;1;0.0;-25.044201;-50.161921
Quântico Data Center;-29.9040072;-51.1283808;-29.916158;-51.1836;-25.093574;-50.161921;5.49;75.77;2;60.0;-25.06888;-50.114716
Quântico Data Center;-29.9040072;-51.1283808;-29.916158;-51.1836;-25.093574;-50.161921;5.49;75.77;3;120.0;-25.118253;-50.114697
Quântico Data Center;-29.9040072;-51.1283808;-29.916158;-51.1836;-25.093574;-50.161921;5.49;75.77;4;180.0;-25.142947;-50.161921
Quântico Data Center;-29.9040072;-51.1283808;-29.916158;-51.1836;-25.093574;-50.161921;5.49;75.77;5;240.0;-25.118253;-50.209145
Quântico Data Center;-29.9040072;-51.1283808;-29.916158;-51.1836;-25.093574;-50.161921;5.49;75.77;6;300.0;-25.06888;-50.209126
Ascenty - Paulinia PLN1;-22.7970795;-47.1352301;-22.759795;-47.15412;-23.085057;-46.950508;4.58;154.97;1;0.0;-23.043868;-46.950508
Ascenty - Paulinia PLN1;-22.7970795;-47.1352301;-22.759795;-47.15412;-23.085057;-46.950508;4.58;154.97;2;60.0;-23.064458;-46.911738
Ascenty - Paulinia PLN1;-22.7970795;-47.1352301;-22.759795;-47.15412;-23.085057;-46.950508;4.58;154.97;3;120.0;-23.105647;-46.911726
Ascenty - Paulinia PLN1;-22.7970795;-47.1352301;-22.759795;-47.15412;-23.085057;-46.950508;4.58;154.97;4;180.0;-23.126246;-46.950508
Ascenty - Paulinia PLN1;-22.7970795;-47.1352301;-22.759795;-47.15412;-23.085057;-46.950508;4.58;154.97;5;240.0;-23.105647;-46.98929
Ascenty - Paulinia PLN1;-22.7970795;-47.1352301;-22.759795;-47.15412;-23.085057;-46.950508;4.58;154.97;6;300.0;-23.064458;-46.989278
Ascenty - Sumare SUM2;-22.8138615;-47.2133634;-22.820902;-47.267176;-23.088945;-47.21801;5.57;81.93;1;0.0;-23.038853;-47.21801
Ascenty - Sumare SUM2;-22.8138615;-47.2133634;-22.820902;-47.267176;-23.088945;-47.21801;5.57;81.93;2;60.0;-23.063892;-47.17086
Ascenty - Sumare SUM2;-22.8138615;-47.2133634;-22.820902;-47.267176;-23.088945;-47.21801;5.57;81.93;3;120.0;-23.113984;-47.170843
Ascenty - Sumare SUM2;-22.8138615;-47.2133634;-22.820902;-47.267176;-23.088945;-47.21801;5.57;81.93;4;180.0;-23.139037;-47.21801
Ascenty - Sumare SUM2;-22.8138615;-47.2133634;-22.820902;-47.267176;-23.088945;-47.21801;5.57;81.93;5;240.0;-23.113984;-47.265177
Ascenty - Sumare SUM2;-22.8138615;-47.2133634;-22.820902;-47.267176;-23.088945;-47.21801;5.57;81.93;6;300.0;-23.063892;-47.26516
Ascenty - Hortolandia HTL2;-22.8949687;-47.1794405;-22.858395;-47.221097;-23.303938;-45.96578;5.9;133.63;1;0.0;-23.250878;-45.96578
Ascenty - Hortolandia HTL2;-22.8949687;-47.1794405;-22.858395;-47.221097;-23.303938;-45.96578;5.9;133.63;2;60.0;-23.2774;-45.915757
Ascenty - Hortolandia HTL2;-22.8949687;-47.1794405;-22.858395;-47.221097;-23.303938;-45.96578;5.9;133.63;3;120.0;-23.33046;-45.915737
Ascenty - Hortolandia HTL2;-22.8949687;-47.1794405;-22.858395;-47.221097;-23.303938;-45.96578;5.9;133.63;4;180.0;-23.356998;-45.96578
Ascenty - Hortolandia HTL2;-22.8949687;-47.1794405;-22.858395;-47.221097;-23.303938;-45.96578;5.9;133.63;5;240.0;-23.33046;-46.015823
Ascenty - Hortolandia HTL2;-22.8949687;-47.1794405;-22.858395;-47.221097;-23.303938;-45.96578;5.9;133.63;6;300.0;-23.2774;-46.015803
Ascenty - Hortolandia HTL3;-22.8942092;-47.1797024;-22.858395;-47.221097;-23.303938;-45.96578;5.82;133.21;1;0.0;-23.251597;-45.96578
Ascenty - Hortolandia HTL3;-22.8942092;-47.1797024;-22.858395;-47.221097;-23.303938;-45.96578;5.82;133.21;2;60.0;-23.27776;-45.916435
Ascenty - Hortolandia HTL3;-22.8942092;-47.1797024;-22.858395;-47.221097;-23.303938;-45.96578;5.82;133.21;3;120.0;-23.330101;-45.916416
Ascenty - Hortolandia HTL3;-22.8942092;-47.1797024;-22.858395;-47.221097;-23.303938;-45.96578;5.82;133.21;4;180.0;-23.356279;-45.96578
Ascenty - Hortolandia HTL3;-22.8942092;-47.1797024;-22.858395;-47.221097;-23.303938;-45.96578;5.82;133.21;5;240.0;-23.330101;-46.015144
Ascenty - Hortolandia HTL3;-22.8942092;-47.1797024;-22.858395;-47.221097;-23.303938;-45.96578;5.82;133.21;6;300.0;-23.27776;-46.015125
Scala Data Centers SGRUTB08;-23.495578;-46.8138807;-23.509205;-46.876065;-23.360971;-46.88292;6.52;76.57;1;0.0;-23.302335;-46.88292
Scala Data Centers SGRUTB08;-23.495578;-46.8138807;-23.509205;-46.876065;-23.360971;-46.88292;6.52;76.57;2;60.0;-23.331643;-46.827618
Scala Data Centers SGRUTB08;-23.495578;-46.8138807;-23.509205;-46.876065;-23.360971;-46.88292;6.52;76.57;3;120.0;-23.390279;-46.827593
Scala Data Centers SGRUTB08;-23.495578;-46.8138807;-23.509205;-46.876065;-23.360971;-46.88292;6.52;76.57;4;180.0;-23.419607;-46.88292
Scala Data Centers SGRUTB08;-23.495578;-46.8138807;-23.509205;-46.876065;-23.360971;-46.88292;6.52;76.57;5;240.0;-23.390279;-46.938247
Scala Data Centers SGRUTB08;-23.495578;-46.8138807;-23.509205;-46.876065;-23.360971;-46.88292;6.52;76.57;6;300.0;-23.331643;-46.938222
Scala Data Centers SGRUTB12;-23.4950428;-46.8132396;-23.509205;-46.876065;-23.360971;-46.88292;6.6;76.2;1;0.0;-23.301616;-46.88292
Scala Data Centers SGRUTB12;-23.4950428;-46.8132396;-23.509205;-46.876065;-23.360971;-46.88292;6.6;76.2;2;60.0;-23.331283;-46.826939
Scala Data Centers SGRUTB12;-23.4950428;-46.8132396;-23.509205;-46.876065;-23.360971;-46.88292;6.6;76.2;3;120.0;-23.390639;-46.826914
Scala Data Centers SGRUTB12;-23.4950428;-46.8132396;-23.509205;-46.876065;-23.360971;-46.88292;6.6;76.2;4;180.0;-23.420326;-46.88292
Scala Data Centers SGRUTB12;-23.4950428;-46.8132396;-23.509205;-46.876065;-23.360971;-46.88292;6.6;76.2;5;240.0;-23.390639;-46.938926
Scala Data Centers SGRUTB12;-23.4950428;-46.8132396;-23.509205;-46.876065;-23.360971;-46.88292;6.6;76.2;6;300.0;-23.331283;-46.938901
Scala Data Centers SGIGSM01;-22.796438;-43.356317;-22.802581;-43.37215;-23.521149;-46.835509;1.76;67.18;1;0.0;-23.505321;-46.835509
Scala Data Centers SGIGSM01;-22.796438;-43.356317;-22.802581;-43.37215;-23.521149;-46.835509;1.76;67.18;2;60.0;-23.513234;-46.82056
Scala Data Centers SGIGSM01;-22.796438;-43.356317;-22.802581;-43.37215;-23.521149;-46.835509;1.76;67.18;3;120.0;-23.529062;-46.820558
Scala Data Centers SGIGSM01;-22.796438;-43.356317;-22.802581;-43.37215;-23.521149;-46.835509;1.76;67.18;4;180.0;-23.536977;-46.835509
Scala Data Centers SGIGSM01;-22.796438;-43.356317;-22.802581;-43.37215;-23.521149;-46.835509;1.76;67.18;5;240.0;-23.529062;-46.85046
Scala Data Centers SGIGSM01;-22.796438;-43.356317;-22.802581;-43.37215;-23.521149;-46.835509;1.76;67.18;6;300.0;-23.513234;-46.850458
Scala Data Centers SPOAPA01;-30.0028052;-51.1979623;-30.03143;-51.229989;-25.426337;-49.273028;4.43;44.1;1;0.0;-25.386497;-49.273028
Scala Data Centers SPOAPA01;-30.0028052;-51.1979623;-30.03143;-51.229989;-25.426337;-49.273028;4.43;44.1;2;60.0;-25.406412;-49.234832
Scala Data Centers SPOAPA01;-30.0028052;-51.1979623;-30.03143;-51.229989;-25.426337;-49.273028;4.43;44.1;3;120.0;-25.446252;-49.234819
Scala Data Centers SPOAPA01;-30.0028052;-51.1979623;-30.03143;-51.229989;-25.426337;-49.273028;4.43;44.1;4;180.0;-25.466177;-49.273028
Scala Data Centers SPOAPA01;-30.0028052;-51.1979623;-30.03143;-51.229989;-25.426337;-49.273028;4.43;44.1;5;240.0;-25.446252;-49.311237
Scala Data Centers SPOAPA01;-30.0028052;-51.1979623;-30.03143;-51.229989;-25.426337;-49.273028;4.43;44.1;6;300.0;-25.406412;-49.311224
TO HOST Data Centers;-10.2048941;-48.3529666;-10.166032;-48.333276;-9.97411;-67.810139;4.83;206.5;1;0.0;-9.930673;-67.810139
TO HOST Data Centers;-10.2048941;-48.3529666;-10.166032;-48.333276;-9.97411;-67.810139;4.83;206.5;2;60.0;-9.952389;-67.771947
TO HOST Data Centers;-10.2048941;-48.3529666;-10.166032;-48.333276;-9.97411;-67.810139;4.83;206.5;3;120.0;-9.995826;-67.771941
TO HOST Data Centers;-10.2048941;-48.3529666;-10.166032;-48.333276;-9.97411;-67.810139;4.83;206.5;4;180.0;-10.017547;-67.810139
TO HOST Data Centers;-10.2048941;-48.3529666;-10.166032;-48.333276;-9.97411;-67.810139;4.83;206.5;5;240.0;-9.995826;-67.848337
TO HOST Data Centers;-10.2048941;-48.3529666;-10.166032;-48.333276;-9.97411;-67.810139;4.83;206.5;6;300.0;-9.952389;-67.848331
TO HOST Data Centers;-10.2048941;-48.3529666;-26.482678;-51.990545;-23.287161;-52.603543;1849.92;12.6;1;0.0;-6.650431;-52.603543
TO HOST Data Centers;-10.2048941;-48.3529666;-26.482678;-51.990545;-23.287161;-52.603543;1849.92;12.6;2;60.0;-14.317854;-37.776992
TO HOST Data Centers;-10.2048941;-48.3529666;-26.482678;-51.990545;-23.287161;-52.603543;1849.92;12.6;3;120.0;-30.68248;-35.846991
TO HOST Data Centers;-10.2048941;-48.3529666;-26.482678;-51.990545;-23.287161;-52.603543;1849.92;12.6;4;180.0;-39.923891;-52.603543
TO HOST Data Centers;-10.2048941;-48.3529666;-26.482678;-51.990545;-23.287161;-52.603543;1849.92;12.6;5;240.0;-30.68248;-69.360095
TO HOST Data Centers;-10.2048941;-48.3529666;-26.482678;-51.990545;-23.287161;-52.603543;1849.92;12.6;6;300.0;-14.317854;-67.430094
NETWISE EMPRESAS;-20.0346344;-45.5247215;-20.021321;-45.543546;-22.753964;-46.144669;2.46;126.97;1;0.0;-22.731841;-46.144669
NETWISE EMPRESAS;-20.0346344;-45.5247215;-20.021321;-45.543546;-22.753964;-46.144669;2.46;126.97;2;60.0;-22.742901;-46.123894
NETWISE EMPRESAS;-20.0346344;-45.5247215;-20.021321;-45.543546;-22.753964;-46.144669;2.46;126.97;3;120.0;-22.765024;-46.123891
NETWISE EMPRESAS;-20.0346344;-45.5247215;-20.021321;-45.543546;-22.753964;-46.144669;2.46;126.97;4;180.0;-22.776087;-46.144669
NETWISE EMPRESAS;-20.0346344;-45.5247215;-20.021321;-45.543546;-22.753964;-46.144669;2.46;126.97;5;240.0;-22.765024;-46.165447
NETWISE EMPRESAS;-20.0346344;-45.5247215;-20.021321;-45.543546;-22.753964;-46.144669;2.46;126.97;6;300.0;-22.742901;-46.165444
