destino;site_id;ano;sensor;prop_vegetacao_densa;prop_vegetacao_rala;prop_solo_exposto_obras;prop_construida_urbana;prop_agua;pct_pixels_validos
tratamento;asap-telecom-sao-paulo;2016;landsat;0.050194;0.110437;0.003308;0.674346;0.161715;99.9928
tratamento;asap-telecom-sao-paulo;2017;landsat;0.04384;0.114263;0.002881;0.678085;0.16093;99.8844
tratamento;asap-telecom-sao-paulo;2018;landsat;0.049353;0.12793;0.002532;0.663327;0.156858;99.8431
tratamento;ascenty-data-centers-hortolandia;2015;landsat;0.094475;0.401543;0.010664;0.490045;0.003274;99.9498
tratamento;ascenty-data-centers-hortolandia;2016;landsat;0.080856;0.403552;0.010705;0.50182;0.003066;99.9785
tratamento;ascenty-data-centers-hortolandia;2017;landsat;0.055506;0.392386;0.011761;0.537613;0.002734;100.0
tratamento;ascenty-data-centers-jundiai;2016;landsat;0.337123;0.389779;0.022421;0.244953;0.005724;99.3166
tratamento;ascenty-data-centers-jundiai;2017;landsat;0.30727;0.403756;0.022061;0.261775;0.005138;99.8886
tratamento;ascenty-data-centers-jundiai;2018;landsat;0.322882;0.418158;0.017213;0.236646;0.005101;99.7532
tratamento;ascenty-data-centers-osasco;2017;landsat;0.204422;0.153683;0.00724;0.626522;0.008133;99.9964
tratamento;ascenty-data-centers-osasco;2018;landsat;0.214934;0.157902;0.006356;0.613773;0.007035;99.9794
tratamento;ascenty-data-centers-osasco;2019;landsat;0.22918;0.152561;0.006319;0.603021;0.008919;100.0
tratamento;ascenty-data-centers-paulinia;2016;landsat;0.090327;0.50037;0.008626;0.388389;0.012288;100.0
tratamento;ascenty-data-centers-paulinia;2017;landsat;0.071775;0.508122;0.010247;0.39951;0.010345;100.0
tratamento;ascenty-data-centers-paulinia;2018;landsat;0.103587;0.477585;0.008893;0.399964;0.009971;100.0
tratamento;ascenty-data-centers-rio-de-janeiro;2015;landsat;0.027457;0.064802;0.001497;0.902444;0.003801;100.0
tratamento;ascenty-data-centers-rio-de-janeiro;2016;landsat;0.023083;0.070081;0.00173;0.901825;0.003281;100.0
tratamento;ascenty-data-centers-rio-de-janeiro;2017;landsat;0.034661;0.067108;0.004868;0.890627;0.002735;99.9821
tratamento;ascenty-data-centers-sumare;2014;landsat;0.028882;0.442223;0.028784;0.494382;0.00573;99.9812
tratamento;ascenty-data-centers-sumare;2015;landsat;0.05433;0.455429;0.019617;0.463419;0.007204;100.0
tratamento;ascenty-data-centers-sumare;2016;landsat;0.045751;0.437228;0.018456;0.490209;0.008356;99.9991
tratamento;equinix-santana-de-parnaiba;2017;landsat;0.327859;0.243709;0.007315;0.40767;0.013447;99.9955
tratamento;equinix-santana-de-parnaiba;2018;landsat;0.338142;0.245389;0.007343;0.395972;0.013153;99.9794
tratamento;equinix-santana-de-parnaiba;2019;landsat;0.364023;0.22889;0.008175;0.38482;0.014092;100.0
tratamento;hosting-now-curitiba;2016;landsat;0.040854;0.114377;0.001741;0.839707;0.003321;99.879
tratamento;hosting-now-curitiba;2017;landsat;0.031554;0.10877;0.002098;0.854163;0.003415;100.0
tratamento;hosting-now-curitiba;2018;landsat;0.038276;0.119978;0.001929;0.836291;0.003526;99.9086
tratamento;idx-data-centers-&-it-services-palmas;2016;landsat;0.087035;0.330214;0.025438;0.324687;0.232627;99.9041
tratamento;idx-data-centers-&-it-services-palmas;2017;landsat;0.092061;0.321005;0.030792;0.322923;0.233219;100.0
tratamento;idx-data-centers-&-it-services-palmas;2018;landsat;0.13307;0.300183;0.020458;0.314666;0.231622;99.7723
tratamento;ipxon-networks-maracanau;2015;landsat;0.128724;0.281639;0.00982;0.556513;0.023304;99.7506
tratamento;ipxon-networks-maracanau;2016;landsat;0.090536;0.302273;0.009;0.574605;0.023586;99.9991
tratamento;ipxon-networks-maracanau;2017;landsat;0.106751;0.272141;0.012343;0.585493;0.023273;99.9973
tratamento;ipxon-networks-osasco;2015;landsat;0.180892;0.155998;0.009771;0.644537;0.008803;99.9973
tratamento;ipxon-networks-osasco;2016;landsat;0.209179;0.142629;0.007775;0.629245;0.011173;99.7293
tratamento;ipxon-networks-osasco;2017;landsat;0.199566;0.151445;0.007315;0.633669;0.008005;99.9964
tratamento;ipxon-networks-sao-joao-de-meriti;2015;landsat;0.027762;0.063726;0.001452;0.903439;0.003621;100.0
tratamento;ipxon-networks-sao-joao-de-meriti;2016;landsat;0.023307;0.068853;0.001667;0.902999;0.003173;100.0
tratamento;ipxon-networks-sao-joao-de-meriti;2017;landsat;0.034993;0.065755;0.004797;0.891847;0.002609;99.9821
tratamento;netwise-empresas-lagoa-da-prata;2018;landsat;0.064513;0.742669;0.007004;0.177403;0.008412;100.0
tratamento;netwise-empresas-lagoa-da-prata;2019;landsat;0.113059;0.699541;0.004001;0.172805;0.010595;100.0
tratamento;netwise-empresas-lagoa-da-prata;2020;landsat;0.065288;0.701867;0.005355;0.216351;0.011138;100.0
tratamento;odata,-an-aligned-data-centers-company-hortolandia;2014;landsat;0.052417;0.417341;0.015151;0.511547;0.003545;99.8736
tratamento;odata,-an-aligned-data-centers-company-hortolandia;2015;landsat;0.086942;0.414233;0.00922;0.484009;0.005596;99.9498
tratamento;odata,-an-aligned-data-centers-company-hortolandia;2016;landsat;0.075333;0.417252;0.008921;0.493042;0.005451;99.9785
tratamento;odata,-an-aligned-data-centers-company-sao-joao-de-meriti;2017;landsat;0.034129;0.083248;0.00489;0.874989;0.002744;99.9821
tratamento;odata,-an-aligned-data-centers-company-sao-joao-de-meriti;2018;landsat;0.033847;0.088573;0.005622;0.868803;0.003155;99.9955
tratamento;odata,-an-aligned-data-centers-company-sao-joao-de-meriti;2019;landsat;0.029832;0.082995;0.003923;0.879346;0.003905;99.7927
tratamento;quantico-data-center-canoas;2015;landsat;0.228961;0.274641;0.009601;0.481934;0.004863;99.9786
tratamento;quantico-data-center-canoas;2016;landsat;0.249441;0.277009;0.007104;0.460838;0.005607;99.1367
tratamento;quantico-data-center-canoas;2017;landsat;0.212848;0.304631;0.006606;0.470623;0.005292;99.9848
tratamento;scala-data-centers-barueri;2018;landsat;0.214667;0.159685;0.007075;0.610225;0.008348;99.9731
tratamento;scala-data-centers-barueri;2019;landsat;0.228112;0.154408;0.007951;0.600018;0.009511;99.9991
tratamento;scala-data-centers-barueri;2020;landsat;0.215576;0.151251;0.009261;0.612302;0.01161;99.9883
tratamento;scala-data-centers-porto-alegre;2020;landsat;0.126511;0.15291;0.004207;0.519653;0.196719;99.9355
tratamento;scala-data-centers-porto-alegre;2021;landsat;0.167878;0.13583;0.003936;0.486038;0.206317;94.9604
tratamento;scala-data-centers-porto-alegre;2022;landsat;0.106993;0.189719;0.002429;0.518176;0.182682;99.9937
tratamento;scala-data-centers-sao-joao-de-meriti;2019;landsat;0.029626;0.082493;0.003914;0.879964;0.004003;99.7927
tratamento;scala-data-centers-sao-joao-de-meriti;2020;landsat;0.040301;0.090478;0.002699;0.862545;0.003977;99.9946
tratamento;scala-data-centers-sao-joao-de-meriti;2021;landsat;0.029511;0.07872;0.002538;0.885781;0.00345;100.0
tratamento;to-host-data-centers-palmas;2017;landsat;0.051828;0.261346;0.024917;0.320645;0.341264;100.0
tratamento;to-host-data-centers-palmas;2018;landsat;0.095155;0.235454;0.015831;0.31666;0.3369;99.3056
tratamento;to-host-data-centers-palmas;2019;landsat;0.042738;0.273367;0.012325;0.330101;0.341469;100.0
candidato;asap-telecom-sao-paulo_sim1_p1;2016;landsat;0.286692;0.269753;0.002664;0.198753;0.242139;100.0
candidato;asap-telecom-sao-paulo_sim1_p1;2017;landsat;0.344843;0.234297;0.001025;0.179942;0.239893;100.0
candidato;asap-telecom-sao-paulo_sim1_p1;2018;landsat;0.362005;0.226634;0.001239;0.169588;0.240535;100.0
candidato;asap-telecom-sao-paulo_sim1_p2;2016;landsat;0.115826;0.088883;0.001847;0.293637;0.499807;99.9758
candidato;asap-telecom-sao-paulo_sim1_p2;2017;landsat;0.128376;0.101439;0.000753;0.271005;0.498427;99.9991
candidato;asap-telecom-sao-paulo_sim1_p2;2018;landsat;0.132454;0.107686;0.000699;0.261044;0.498118;100.0
candidato;asap-telecom-sao-paulo_sim1_p3;2016;landsat;0.174176;0.089947;0.0025;0.15854;0.574837;99.4021
candidato;asap-telecom-sao-paulo_sim1_p3;2017;landsat;0.194897;0.091322;0.003972;0.140933;0.568876;98.326
candidato;asap-telecom-sao-paulo_sim1_p3;2018;landsat;0.191841;0.098257;0.003683;0.133126;0.573092;99.2448
candidato;asap-telecom-sao-paulo_sim1_p4;2016;landsat;0.016331;0.012105;0.000936;0.017934;0.952694;96.1399
candidato;asap-telecom-sao-paulo_sim1_p4;2017;landsat;0.018169;0.01317;0.001278;0.016569;0.950815;94.1154
candidato;asap-telecom-sao-paulo_sim1_p4;2018;landsat;0.020661;0.013036;0.001235;0.016049;0.94902;90.225
candidato;asap-telecom-sao-paulo_sim1_p5;2016;landsat;0.177352;0.211605;0.004939;0.540322;0.065781;99.9964
candidato;asap-telecom-sao-paulo_sim1_p5;2017;landsat;0.256185;0.174146;0.003155;0.501085;0.065429;100.0
candidato;asap-telecom-sao-paulo_sim1_p5;2018;landsat;0.268394;0.182733;0.002546;0.482054;0.064273;100.0
candidato;asap-telecom-sao-paulo_sim1_p6;2016;landsat;0.02086;0.090428;0.00168;0.885039;0.001993;100.0
candidato;asap-telecom-sao-paulo_sim1_p6;2017;landsat;0.030741;0.088746;0.005149;0.873773;0.001591;99.9821
candidato;asap-telecom-sao-paulo_sim1_p6;2018;landsat;0.031085;0.093051;0.005497;0.868401;0.001966;99.9955
candidato;asap-telecom-sao-paulo_sim2_p1;2016;landsat;0.145344;0.603544;0.018887;0.225053;0.007171;100.0
candidato;asap-telecom-sao-paulo_sim2_p1;2017;landsat;0.145505;0.590394;0.016575;0.240946;0.00658;100.0
candidato;asap-telecom-sao-paulo_sim2_p1;2018;landsat;0.165361;0.608277;0.012263;0.207322;0.006777;100.0
candidato;asap-telecom-sao-paulo_sim2_p2;2016;landsat;0.287479;0.644597;0.003021;0.059979;0.004924;100.0
candidato;asap-telecom-sao-paulo_sim2_p2;2017;landsat;0.387282;0.542131;0.002985;0.062561;0.005041;100.0
candidato;asap-telecom-sao-paulo_sim2_p2;2018;landsat;0.378068;0.551211;0.002467;0.06274;0.005514;100.0
candidato;asap-telecom-sao-paulo_sim2_p3;2016;landsat;0.469741;0.397526;0.0058;0.123957;0.002976;99.9991
candidato;asap-telecom-sao-paulo_sim2_p3;2017;landsat;0.520031;0.342582;0.006598;0.127643;0.003146;99.9973
candidato;asap-telecom-sao-paulo_sim2_p3;2018;landsat;0.518297;0.351329;0.004715;0.122234;0.003425;99.9928
candidato;asap-telecom-sao-paulo_sim2_p4;2016;landsat;0.173384;0.281444;0.006496;0.536351;0.002326;100.0
candidato;asap-telecom-sao-paulo_sim2_p4;2017;landsat;0.1875;0.269283;0.007414;0.533344;0.002459;99.9991
candidato;asap-telecom-sao-paulo_sim2_p4;2018;landsat;0.193976;0.270035;0.005284;0.530072;0.000633;99.9911
candidato;asap-telecom-sao-paulo_sim2_p5;2016;landsat;0.162166;0.421167;0.017886;0.386518;0.012263;99.9884
candidato;asap-telecom-sao-paulo_sim2_p5;2017;landsat;0.166805;0.391827;0.021297;0.406944;0.013128;99.9162
candidato;asap-telecom-sao-paulo_sim2_p5;2018;landsat;0.194781;0.38756;0.016828;0.384388;0.016443;99.7104
candidato;asap-telecom-sao-paulo_sim2_p6;2016;landsat;0.242147;0.530487;0.005361;0.214672;0.007333;100.0
candidato;asap-telecom-sao-paulo_sim2_p6;2017;landsat;0.302338;0.460199;0.005029;0.224313;0.008122;99.9982
candidato;asap-telecom-sao-paulo_sim2_p6;2018;landsat;0.260708;0.510623;0.004168;0.216953;0.007548;99.9982
candidato;ascenty-data-centers-hortolandia_sim1_p1;2015;landsat;0.09697;0.576079;0.012228;0.284831;0.029892;99.9821
candidato;ascenty-data-centers-hortolandia_sim1_p1;2016;landsat;0.169537;0.508504;0.012971;0.278444;0.030543;99.8391
candidato;ascenty-data-centers-hortolandia_sim1_p1;2017;landsat;0.118268;0.565207;0.008723;0.276861;0.030941;100.0
candidato;ascenty-data-centers-hortolandia_sim1_p2;2015;landsat;0.070717;0.460449;0.009966;0.456526;0.002342;99.9929
candidato;ascenty-data-centers-hortolandia_sim1_p2;2016;landsat;0.078815;0.447516;0.009822;0.461421;0.002426;99.823
candidato;ascenty-data-centers-hortolandia_sim1_p2;2017;landsat;0.065144;0.460845;0.009223;0.462606;0.002181;100.0
candidato;ascenty-data-centers-hortolandia_sim1_p3;2015;landsat;0.189842;0.647513;0.003568;0.152094;0.006983;100.0
candidato;ascenty-data-centers-hortolandia_sim1_p3;2016;landsat;0.196927;0.637486;0.003608;0.154601;0.007377;99.8799
candidato;ascenty-data-centers-hortolandia_sim1_p3;2017;landsat;0.169843;0.661202;0.002797;0.159122;0.007037;100.0
candidato;ascenty-data-centers-hortolandia_sim1_p4;2015;landsat;0.262855;0.623274;0.001784;0.096122;0.015965;100.0
candidato;ascenty-data-centers-hortolandia_sim1_p4;2016;landsat;0.319749;0.563586;0.002662;0.097606;0.016396;99.9946
candidato;ascenty-data-centers-hortolandia_sim1_p4;2017;landsat;0.238965;0.642054;0.001452;0.100739;0.01679;100.0
candidato;ascenty-data-centers-hortolandia_sim1_p5;2015;landsat;0.129382;0.624618;0.005092;0.223481;0.017427;99.9973
candidato;ascenty-data-centers-hortolandia_sim1_p5;2016;landsat;0.255858;0.529789;0.006374;0.189449;0.01853;99.9946
candidato;ascenty-data-centers-hortolandia_sim1_p5;2017;landsat;0.128393;0.644331;0.004948;0.203978;0.01835;100.0
candidato;ascenty-data-centers-hortolandia_sim1_p6;2015;landsat;0.096832;0.649892;0.010315;0.220105;0.022856;99.9857
candidato;ascenty-data-centers-hortolandia_sim1_p6;2016;landsat;0.217717;0.564771;0.011378;0.182242;0.023892;99.9902
candidato;ascenty-data-centers-hortolandia_sim1_p6;2017;landsat;0.109429;0.658298;0.007043;0.20151;0.02372;100.0
candidato;ascenty-data-centers-hortolandia_sim2_p1;2015;landsat;0.067736;0.503932;0.016704;0.353606;0.058021;100.0
candidato;ascenty-data-centers-hortolandia_sim2_p1;2016;landsat;0.062687;0.488006;0.010573;0.361677;0.077058;100.0
candidato;ascenty-data-centers-hortolandia_sim2_p1;2017;landsat;0.054741;0.484815;0.021208;0.372687;0.066548;100.0
candidato;ascenty-data-centers-hortolandia_sim2_p2;2015;landsat;0.063589;0.645625;0.007561;0.280347;0.002878;100.0
candidato;ascenty-data-centers-hortolandia_sim2_p2;2016;landsat;0.050398;0.649012;0.006283;0.29058;0.003727;100.0
candidato;ascenty-data-centers-hortolandia_sim2_p2;2017;landsat;0.034891;0.651336;0.007695;0.302681;0.003396;100.0
candidato;ascenty-data-centers-hortolandia_sim2_p3;2015;landsat;0.208227;0.639661;0.002895;0.147469;0.001748;100.0
candidato;ascenty-data-centers-hortolandia_sim2_p3;2016;landsat;0.188237;0.656827;0.003379;0.148141;0.003415;100.0
candidato;ascenty-data-centers-hortolandia_sim2_p3;2017;landsat;0.140817;0.690577;0.004921;0.161444;0.002241;100.0
candidato;ascenty-data-centers-hortolandia_sim2_p4;2015;landsat;0.206114;0.596278;0.004172;0.191318;0.002118;99.9032
candidato;ascenty-data-centers-hortolandia_sim2_p4;2016;landsat;0.190194;0.602626;0.004765;0.199248;0.003168;99.8951
candidato;ascenty-data-centers-hortolandia_sim2_p4;2017;landsat;0.150941;0.625252;0.009395;0.211982;0.002429;99.9919
candidato;ascenty-data-centers-hortolandia_sim2_p5;2015;landsat;0.078984;0.510538;0.01069;0.38559;0.014197;99.9035
candidato;ascenty-data-centers-hortolandia_sim2_p5;2016;landsat;0.080055;0.484392;0.009788;0.409777;0.015988;99.8954
candidato;ascenty-data-centers-hortolandia_sim2_p5;2017;landsat;0.06548;0.505662;0.010922;0.401453;0.016482;99.992
candidato;ascenty-data-centers-hortolandia_sim2_p6;2015;landsat;0.051059;0.510215;0.006926;0.357807;0.073992;100.0
candidato;ascenty-data-centers-hortolandia_sim2_p6;2016;landsat;0.051309;0.496836;0.006971;0.367826;0.077058;100.0
candidato;ascenty-data-centers-hortolandia_sim2_p6;2017;landsat;0.046555;0.484646;0.008776;0.381223;0.078801;100.0
candidato;ascenty-data-centers-jundiai_sim1_p1;2016;landsat;0.266909;0.655761;0.009819;0.063136;0.004375;99.784
candidato;ascenty-data-centers-jundiai_sim1_p1;2017;landsat;0.211799;0.707523;0.008588;0.068075;0.004016;99.9982
candidato;ascenty-data-centers-jundiai_sim1_p1;2018;landsat;0.249672;0.678126;0.007373;0.061129;0.0037;99.8189
candidato;ascenty-data-centers-jundiai_sim1_p2;2016;landsat;0.442949;0.424569;0.012436;0.115133;0.004913;99.9785
candidato;ascenty-data-centers-jundiai_sim1_p2;2017;landsat;0.404129;0.452015;0.011268;0.128052;0.004536;100.0
candidato;ascenty-data-centers-jundiai_sim1_p2;2018;landsat;0.434295;0.438881;0.009781;0.112816;0.004227;99.8942
candidato;ascenty-data-centers-jundiai_sim1_p3;2016;landsat;0.74552;0.230653;0.00016;0.010898;0.012769;100.0
candidato;ascenty-data-centers-jundiai_sim1_p3;2017;landsat;0.711749;0.262945;0.000187;0.01358;0.011539;100.0
candidato;ascenty-data-centers-jundiai_sim1_p3;2018;landsat;0.730898;0.247342;0.000178;0.011682;0.0099;100.0
candidato;ascenty-data-centers-jundiai_sim1_p4;2016;landsat;0.591762;0.331639;0.012774;0.049357;0.014468;99.9991
candidato;ascenty-data-centers-jundiai_sim1_p4;2017;landsat;0.557314;0.363504;0.011152;0.055507;0.012523;99.9973
candidato;ascenty-data-centers-jundiai_sim1_p4;2018;landsat;0.587999;0.342833;0.008821;0.049851;0.010497;99.9973
candidato;ascenty-data-centers-jundiai_sim1_p5;2016;landsat;0.668839;0.312578;0.000305;0.010049;0.008229;100.0
candidato;ascenty-data-centers-jundiai_sim1_p5;2017;landsat;0.607408;0.368613;0.000376;0.016073;0.00753;100.0
candidato;ascenty-data-centers-jundiai_sim1_p5;2018;landsat;0.650203;0.32944;0.000385;0.013016;0.006956;100.0
candidato;ascenty-data-centers-jundiai_sim1_p6;2016;landsat;0.407922;0.544611;0.001043;0.032756;0.013669;100.0
candidato;ascenty-data-centers-jundiai_sim1_p6;2017;landsat;0.334236;0.613724;0.00065;0.038566;0.012823;99.9982
candidato;ascenty-data-centers-jundiai_sim1_p6;2018;landsat;0.376137;0.580699;0.000686;0.03092;0.011557;100.0
candidato;ascenty-data-centers-jundiai_sim2_p1;2016;landsat;0.003954;0.030905;0.002448;0.954042;0.008652;99.9821
candidato;ascenty-data-centers-jundiai_sim2_p1;2017;landsat;0.004509;0.031652;0.002107;0.95725;0.004482;100.0
candidato;ascenty-data-centers-jundiai_sim2_p1;2018;landsat;0.005845;0.038217;0.002358;0.948784;0.004796;99.9919
candidato;ascenty-data-centers-jundiai_sim2_p2;2016;landsat;0.095717;0.093309;0.002506;0.806572;0.001895;99.7867
candidato;ascenty-data-centers-jundiai_sim2_p2;2017;landsat;0.089407;0.099404;0.003051;0.80742;0.000718;99.8906
candidato;ascenty-data-centers-jundiai_sim2_p2;2018;landsat;0.087169;0.105251;0.004179;0.802619;0.000782;99.7409
candidato;ascenty-data-centers-jundiai_sim2_p3;2016;landsat;0.092282;0.126377;0.004987;0.772522;0.003832;99.8213
candidato;ascenty-data-centers-jundiai_sim2_p3;2017;landsat;0.094575;0.128925;0.003933;0.769564;0.003003;99.9902
candidato;ascenty-data-centers-jundiai_sim2_p3;2018;landsat;0.087641;0.141961;0.004157;0.763419;0.002822;99.7542
candidato;ascenty-data-centers-jundiai_sim2_p4;2016;landsat;0.09244;0.072533;0.00529;0.826983;0.002753;99.6702
candidato;ascenty-data-centers-jundiai_sim2_p4;2017;landsat;0.096064;0.074497;0.003164;0.825105;0.001171;99.9946
candidato;ascenty-data-centers-jundiai_sim2_p4;2018;landsat;0.096409;0.077834;0.003139;0.821354;0.001265;99.6461
candidato;ascenty-data-centers-jundiai_sim2_p5;2016;landsat;0.045615;0.046457;0.002896;0.885004;0.020028;99.9883
candidato;ascenty-data-centers-jundiai_sim2_p5;2017;landsat;0.0451;0.047664;0.002304;0.885865;0.019067;99.9964
candidato;ascenty-data-centers-jundiai_sim2_p5;2018;landsat;0.04674;0.056047;0.002914;0.875121;0.019178;99.9785
candidato;ascenty-data-centers-jundiai_sim2_p6;2016;landsat;0.007747;0.03008;0.003591;0.940756;0.017827;99.8628
candidato;ascenty-data-centers-jundiai_sim2_p6;2017;landsat;0.007611;0.033007;0.002725;0.951216;0.005441;99.9973
candidato;ascenty-data-centers-jundiai_sim2_p6;2018;landsat;0.009015;0.039973;0.003672;0.939996;0.007345;99.8377
candidato;ascenty-data-centers-osasco_sim1_p1;2017;landsat;0.185577;0.468446;0.004406;0.323356;0.018214;99.9991
candidato;ascenty-data-centers-osasco_sim1_p1;2018;landsat;0.226824;0.455994;0.003966;0.295568;0.017647;99.8213
candidato;ascenty-data-centers-osasco_sim1_p1;2019;landsat;0.250344;0.43423;0.003074;0.292913;0.019439;100.0
candidato;ascenty-data-centers-osasco_sim1_p2;2017;landsat;0.180293;0.4566;0.007284;0.347198;0.008625;100.0
candidato;ascenty-data-centers-osasco_sim1_p2;2018;landsat;0.222133;0.443881;0.00673;0.319418;0.007838;99.9982
candidato;ascenty-data-centers-osasco_sim1_p2;2019;landsat;0.242204;0.426226;0.004987;0.316591;0.009992;99.9991
candidato;ascenty-data-centers-osasco_sim1_p3;2017;landsat;0.160977;0.34735;0.010273;0.47871;0.002689;100.0
candidato;ascenty-data-centers-osasco_sim1_p3;2018;landsat;0.194946;0.345839;0.00909;0.447525;0.0026;99.9937
candidato;ascenty-data-centers-osasco_sim1_p3;2019;landsat;0.210721;0.334759;0.007413;0.444355;0.002752;99.9991
candidato;ascenty-data-centers-osasco_sim1_p4;2017;landsat;0.306768;0.308505;0.008706;0.373981;0.002041;100.0
candidato;ascenty-data-centers-osasco_sim1_p4;2018;landsat;0.337637;0.300746;0.006781;0.352831;0.002005;99.9964
candidato;ascenty-data-centers-osasco_sim1_p4;2019;landsat;0.345603;0.292308;0.006897;0.353204;0.001987;99.9991
candidato;ascenty-data-centers-osasco_sim1_p5;2017;landsat;0.367711;0.273257;0.008367;0.34776;0.002905;99.9991
candidato;ascenty-data-centers-osasco_sim1_p5;2018;landsat;0.390488;0.271344;0.006267;0.328992;0.00291;99.8209
candidato;ascenty-data-centers-osasco_sim1_p5;2019;landsat;0.401272;0.257095;0.007173;0.331483;0.002976;99.9982
candidato;ascenty-data-centers-osasco_sim1_p6;2017;landsat;0.116983;0.410129;0.011085;0.442757;0.019047;99.899
candidato;ascenty-data-centers-osasco_sim1_p6;2018;landsat;0.146797;0.416718;0.00876;0.409064;0.018661;99.4754
candidato;ascenty-data-centers-osasco_sim1_p6;2019;landsat;0.169337;0.391558;0.008731;0.410049;0.020326;99.8096
candidato;ascenty-data-centers-osasco_sim2_p1;2017;landsat;0.431917;0.064304;0.000699;0.308097;0.194983;99.9794
candidato;ascenty-data-centers-osasco_sim2_p1;2018;landsat;0.441886;0.058792;0.000493;0.310001;0.188828;99.9148
candidato;ascenty-data-centers-osasco_sim2_p1;2019;landsat;0.442164;0.063251;0.000502;0.302799;0.191285;100.0
candidato;ascenty-data-centers-osasco_sim2_p2;2017;landsat;0.418323;0.071934;0.001336;0.347995;0.160412;99.9668
candidato;ascenty-data-centers-osasco_sim2_p2;2018;landsat;0.428712;0.064853;0.000673;0.347608;0.158154;99.8924
candidato;ascenty-data-centers-osasco_sim2_p2;2019;landsat;0.426768;0.073554;0.000287;0.341067;0.158324;99.9946
candidato;ascenty-data-centers-osasco_sim2_p3;2017;landsat;0.221109;0.070163;0.002597;0.401858;0.304273;99.0794
candidato;ascenty-data-centers-osasco_sim2_p3;2018;landsat;0.221459;0.07314;0.00185;0.400245;0.303306;98.8338
candidato;ascenty-data-centers-osasco_sim2_p3;2019;landsat;0.227265;0.074157;0.001761;0.391018;0.3058;99.2793
candidato;ascenty-data-centers-osasco_sim2_p4;2017;landsat;0.095974;0.032619;0.001478;0.200881;0.669048;97.6415
candidato;ascenty-data-centers-osasco_sim2_p4;2018;landsat;0.095209;0.035884;0.001278;0.202722;0.664907;96.1006
candidato;ascenty-data-centers-osasco_sim2_p4;2019;landsat;0.100438;0.032983;0.000656;0.198437;0.667486;97.0239
candidato;ascenty-data-centers-osasco_sim2_p5;2017;landsat;0.131918;0.043234;0.000977;0.366128;0.457744;98.772
candidato;ascenty-data-centers-osasco_sim2_p5;2018;landsat;0.135125;0.04075;0.000914;0.370704;0.452507;97.7505
candidato;ascenty-data-centers-osasco_sim2_p5;2019;landsat;0.136444;0.045726;0.000942;0.359946;0.456942;98.6657
candidato;ascenty-data-centers-osasco_sim2_p6;2017;landsat;0.249809;0.056759;0.000753;0.40378;0.288898;99.9399
candidato;ascenty-data-centers-osasco_sim2_p6;2018;landsat;0.257191;0.053323;0.000808;0.406757;0.281921;99.7902
candidato;ascenty-data-centers-osasco_sim2_p6;2019;landsat;0.25937;0.057725;0.000816;0.397922;0.284167;99.9919
candidato;ascenty-data-centers-paulinia_sim1_p1;2016;landsat;0.292924;0.469119;0.00416;0.224061;0.009736;99.9866
candidato;ascenty-data-centers-paulinia_sim1_p1;2017;landsat;0.241323;0.500619;0.005181;0.243878;0.009;100.0
candidato;ascenty-data-centers-paulinia_sim1_p1;2018;landsat;0.273037;0.488288;0.003918;0.22608;0.008678;99.9937
candidato;ascenty-data-centers-paulinia_sim1_p2;2016;landsat;0.35425;0.53272;0.004366;0.100086;0.008579;99.9982
candidato;ascenty-data-centers-paulinia_sim1_p2;2017;landsat;0.300002;0.569355;0.004428;0.118326;0.007888;100.0
candidato;ascenty-data-centers-paulinia_sim1_p2;2018;landsat;0.337176;0.553202;0.002196;0.099331;0.008095;100.0
candidato;ascenty-data-centers-paulinia_sim1_p3;2016;landsat;0.270556;0.560109;0.003311;0.150034;0.01599;99.8793
candidato;ascenty-data-centers-paulinia_sim1_p3;2017;landsat;0.221056;0.583877;0.003843;0.177692;0.013531;100.0
candidato;ascenty-data-centers-paulinia_sim1_p3;2018;landsat;0.266731;0.569103;0.00292;0.148365;0.012881;99.7739
candidato;ascenty-data-centers-paulinia_sim1_p4;2016;landsat;0.18716;0.487209;0.016451;0.301481;0.007699;99.5509
candidato;ascenty-data-centers-paulinia_sim1_p4;2017;landsat;0.152205;0.489187;0.01634;0.335924;0.006344;99.8978
candidato;ascenty-data-centers-paulinia_sim1_p4;2018;landsat;0.177783;0.50898;0.012622;0.294052;0.006563;99.5724
candidato;ascenty-data-centers-paulinia_sim1_p5;2016;landsat;0.190244;0.539488;0.01202;0.246415;0.011832;99.857
candidato;ascenty-data-centers-paulinia_sim1_p5;2017;landsat;0.149246;0.547757;0.013147;0.279464;0.010385;99.9991
candidato;ascenty-data-centers-paulinia_sim1_p5;2018;landsat;0.167478;0.56303;0.012279;0.247109;0.010104;99.8659
candidato;ascenty-data-centers-paulinia_sim1_p6;2016;landsat;0.216176;0.47898;0.008823;0.284811;0.01121;99.9794
candidato;ascenty-data-centers-paulinia_sim1_p6;2017;landsat;0.168934;0.498856;0.009563;0.312065;0.010582;100.0
candidato;ascenty-data-centers-paulinia_sim1_p6;2018;landsat;0.185882;0.507646;0.007946;0.288176;0.01035;99.9937
candidato;ascenty-data-centers-paulinia_sim2_p1;2016;landsat;0.522924;0.448172;0.001644;0.024676;0.002583;100.0
candidato;ascenty-data-centers-paulinia_sim2_p1;2017;landsat;0.5217;0.4487;0.001189;0.025981;0.002431;100.0
candidato;ascenty-data-centers-paulinia_sim2_p1;2018;landsat;0.579203;0.392564;0.000706;0.024426;0.003101;100.0
candidato;ascenty-data-centers-paulinia_sim2_p2;2016;landsat;0.61943;0.355018;0.001484;0.017937;0.006131;100.0
candidato;ascenty-data-centers-paulinia_sim2_p2;2017;landsat;0.591813;0.381232;0.001627;0.019403;0.005925;100.0
candidato;ascenty-data-centers-paulinia_sim2_p2;2018;landsat;0.631519;0.343215;0.001367;0.01707;0.006828;99.9991
candidato;ascenty-data-centers-paulinia_sim2_p3;2016;landsat;0.599026;0.368873;0.003111;0.021863;0.007126;100.0
candidato;ascenty-data-centers-paulinia_sim2_p3;2017;landsat;0.609299;0.359264;0.003254;0.021308;0.006875;100.0
candidato;ascenty-data-centers-paulinia_sim2_p3;2018;landsat;0.602241;0.367783;0.003084;0.019156;0.007736;99.9991
candidato;ascenty-data-centers-paulinia_sim2_p4;2016;landsat;0.591617;0.314639;0.001725;0.062579;0.02944;100.0
candidato;ascenty-data-centers-paulinia_sim2_p4;2017;landsat;0.614818;0.294504;0.001403;0.060756;0.028519;100.0
candidato;ascenty-data-centers-paulinia_sim2_p4;2018;landsat;0.610716;0.301358;0.000965;0.058933;0.028028;100.0
candidato;ascenty-data-centers-paulinia_sim2_p5;2016;landsat;0.585101;0.293172;0.008196;0.099473;0.014058;100.0
candidato;ascenty-data-centers-paulinia_sim2_p5;2017;landsat;0.61447;0.267709;0.005452;0.095648;0.016722;100.0
candidato;ascenty-data-centers-paulinia_sim2_p5;2018;landsat;0.629815;0.257503;0.003003;0.096988;0.012691;100.0
candidato;ascenty-data-centers-paulinia_sim2_p6;2016;landsat;0.497929;0.452266;0.004966;0.044166;0.000672;100.0
candidato;ascenty-data-centers-paulinia_sim2_p6;2017;landsat;0.53496;0.415737;0.003837;0.041602;0.003864;100.0
candidato;ascenty-data-centers-paulinia_sim2_p6;2018;landsat;0.587705;0.365287;0.002564;0.043575;0.00087;100.0
candidato;ascenty-data-centers-rio-de-janeiro_sim1_p1;2015;landsat;0.15472;0.589892;0.017229;0.230109;0.00805;100.0
candidato;ascenty-data-centers-rio-de-janeiro_sim1_p1;2016;landsat;0.114552;0.598991;0.015033;0.264172;0.007252;100.0
candidato;ascenty-data-centers-rio-de-janeiro_sim1_p1;2017;landsat;0.129352;0.575137;0.015087;0.273701;0.006723;100.0
candidato;ascenty-data-centers-rio-de-janeiro_sim1_p2;2015;landsat;0.212021;0.641434;0.006203;0.132541;0.007802;100.0
candidato;ascenty-data-centers-rio-de-janeiro_sim1_p2;2016;landsat;0.205184;0.654277;0.00555;0.127035;0.007954;100.0
candidato;ascenty-data-centers-rio-de-janeiro_sim1_p2;2017;landsat;0.279641;0.578041;0.005175;0.129225;0.007918;100.0
candidato;ascenty-data-centers-rio-de-janeiro_sim1_p3;2015;landsat;0.353378;0.43715;0.008544;0.195771;0.005157;99.9964
candidato;ascenty-data-centers-rio-de-janeiro_sim1_p3;2016;landsat;0.316707;0.478617;0.007463;0.193379;0.003834;99.9991
candidato;ascenty-data-centers-rio-de-janeiro_sim1_p3;2017;landsat;0.372957;0.422283;0.008124;0.192525;0.004111;99.9973
candidato;ascenty-data-centers-rio-de-janeiro_sim1_p4;2015;landsat;0.092384;0.129504;0.00753;0.768403;0.002178;100.0
candidato;ascenty-data-centers-rio-de-janeiro_sim1_p4;2016;landsat;0.071023;0.144107;0.006302;0.776157;0.002411;100.0
candidato;ascenty-data-centers-rio-de-janeiro_sim1_p4;2017;landsat;0.07832;0.14029;0.007234;0.771826;0.002331;99.9991
candidato;ascenty-data-centers-rio-de-janeiro_sim1_p5;2015;landsat;0.23731;0.357606;0.020548;0.381899;0.002637;99.9937
candidato;ascenty-data-centers-rio-de-janeiro_sim1_p5;2016;landsat;0.162511;0.413918;0.021362;0.399582;0.002628;99.9929
candidato;ascenty-data-centers-rio-de-janeiro_sim1_p5;2017;landsat;0.177945;0.375073;0.024596;0.419639;0.002747;99.8883
candidato;ascenty-data-centers-rio-de-janeiro_sim1_p6;2015;landsat;0.295493;0.547608;0.003281;0.148966;0.004652;100.0
candidato;ascenty-data-centers-rio-de-janeiro_sim1_p6;2016;landsat;0.207214;0.628931;0.003164;0.156477;0.004213;100.0
candidato;ascenty-data-centers-rio-de-janeiro_sim1_p6;2017;landsat;0.263523;0.558268;0.003263;0.170285;0.004661;99.9982
candidato;ascenty-data-centers-rio-de-janeiro_sim2_p1;2015;landsat;0.657867;0.276686;0.000385;0.063529;0.001533;100.0
candidato;ascenty-data-centers-rio-de-janeiro_sim2_p1;2016;landsat;0.7186;0.226807;0.000296;0.052603;0.001694;99.9973
candidato;ascenty-data-centers-rio-de-janeiro_sim2_p1;2017;landsat;0.70438;0.235334;0.000385;0.058412;0.001488;99.9964
candidato;ascenty-data-centers-rio-de-janeiro_sim2_p2;2015;landsat;0.242711;0.329066;0.025506;0.397957;0.00476;99.4245
candidato;ascenty-data-centers-rio-de-janeiro_sim2_p2;2016;landsat;0.347726;0.242571;0.018413;0.385246;0.006044;99.3635
candidato;ascenty-data-centers-rio-de-janeiro_sim2_p2;2017;landsat;0.284364;0.281684;0.024277;0.40428;0.005395;99.3618
candidato;ascenty-data-centers-rio-de-janeiro_sim2_p3;2015;landsat;0.019443;0.097124;0.004774;0.877471;0.001189;99.9794
candidato;ascenty-data-centers-rio-de-janeiro_sim2_p3;2016;landsat;0.03367;0.091285;0.002878;0.870281;0.001886;99.9911
candidato;ascenty-data-centers-rio-de-janeiro_sim2_p3;2017;landsat;0.023507;0.093365;0.003352;0.87857;0.001207;99.9937
candidato;ascenty-data-centers-rio-de-janeiro_sim2_p4;2015;landsat;0.006883;0.033196;0.002689;0.956999;0.000233;99.7229
candidato;ascenty-data-centers-rio-de-janeiro_sim2_p4;2016;landsat;0.00927;0.032871;0.002154;0.952111;0.003594;99.9759
candidato;ascenty-data-centers-rio-de-janeiro_sim2_p4;2017;landsat;0.010369;0.0342;0.001788;0.95299;0.000653;99.9821
candidato;ascenty-data-centers-rio-de-janeiro_sim2_p5;2015;landsat;0.004939;0.025181;0.003774;0.960181;0.005925;99.9982
candidato;ascenty-data-centers-rio-de-janeiro_sim2_p5;2016;landsat;0.00826;0.029444;0.002108;0.940063;0.020125;99.9507
candidato;ascenty-data-centers-rio-de-janeiro_sim2_p5;2017;landsat;0.007691;0.03133;0.002017;0.949854;0.009108;99.9982
candidato;ascenty-data-centers-rio-de-janeiro_sim2_p6;2015;landsat;0.662492;0.276613;0.001649;0.0528;0.006445;99.9973
candidato;ascenty-data-centers-rio-de-janeiro_sim2_p6;2016;landsat;0.726776;0.222172;0.001112;0.042984;0.006956;99.9973
candidato;ascenty-data-centers-rio-de-janeiro_sim2_p6;2017;landsat;0.708826;0.233165;0.001076;0.050237;0.006696;99.9964
candidato;ascenty-data-centers-sumare_sim1_p1;2014;landsat;0.111073;0.710859;0.004978;0.165484;0.007606;100.0
candidato;ascenty-data-centers-sumare_sim1_p1;2015;landsat;0.172893;0.667513;0.002762;0.147529;0.009304;100.0
candidato;ascenty-data-centers-sumare_sim1_p1;2016;landsat;0.147386;0.678238;0.004638;0.158701;0.011038;100.0
candidato;ascenty-data-centers-sumare_sim1_p2;2014;landsat;0.137727;0.584513;0.006855;0.259206;0.011699;99.9982
candidato;ascenty-data-centers-sumare_sim1_p2;2015;landsat;0.186362;0.552838;0.00463;0.242631;0.01354;100.0
candidato;ascenty-data-centers-sumare_sim1_p2;2016;landsat;0.160863;0.570274;0.004737;0.247877;0.016248;100.0
candidato;ascenty-data-centers-sumare_sim1_p3;2014;landsat;0.178187;0.5466;0.006229;0.258446;0.010537;99.9982
candidato;ascenty-data-centers-sumare_sim1_p3;2015;landsat;0.207007;0.529395;0.004317;0.248333;0.010948;100.0
candidato;ascenty-data-centers-sumare_sim1_p3;2016;landsat;0.202753;0.531924;0.004129;0.248011;0.013183;100.0
candidato;ascenty-data-centers-sumare_sim1_p4;2014;landsat;0.084855;0.527126;0.018643;0.35887;0.010506;99.9148
candidato;ascenty-data-centers-sumare_sim1_p4;2015;landsat;0.121777;0.515436;0.014163;0.338108;0.010515;100.0
candidato;ascenty-data-centers-sumare_sim1_p4;2016;landsat;0.098623;0.502429;0.011456;0.374798;0.012693;100.0
candidato;ascenty-data-centers-sumare_sim1_p5;2014;landsat;0.110395;0.5475;0.022528;0.312122;0.007455;99.9166
candidato;ascenty-data-centers-sumare_sim1_p5;2015;landsat;0.146617;0.536251;0.015571;0.293951;0.007611;100.0
candidato;ascenty-data-centers-sumare_sim1_p5;2016;landsat;0.12981;0.529201;0.016342;0.31605;0.008597;99.9991
candidato;ascenty-data-centers-sumare_sim1_p6;2014;landsat;0.060247;0.700197;0.014076;0.216954;0.008526;100.0
candidato;ascenty-data-centers-sumare_sim1_p6;2015;landsat;0.103834;0.687237;0.008776;0.191;0.009152;100.0
candidato;ascenty-data-centers-sumare_sim1_p6;2016;landsat;0.084118;0.691089;0.012271;0.202467;0.010055;100.0
candidato;ascenty-data-centers-sumare_sim2_p1;2014;landsat;0.019882;0.414348;0.029375;0.52691;0.009484;100.0
candidato;ascenty-data-centers-sumare_sim2_p1;2015;landsat;0.140065;0.492582;0.005576;0.346995;0.014782;99.9991
candidato;ascenty-data-centers-sumare_sim2_p1;2016;landsat;0.064004;0.496809;0.010569;0.410717;0.017901;100.0
candidato;ascenty-data-centers-sumare_sim2_p2;2014;landsat;0.034737;0.423035;0.031465;0.50299;0.007772;99.9955
candidato;ascenty-data-centers-sumare_sim2_p2;2015;landsat;0.154329;0.533455;0.008184;0.294405;0.009628;99.9982
candidato;ascenty-data-centers-sumare_sim2_p2;2016;landsat;0.086011;0.508045;0.016091;0.377742;0.012111;99.9991
candidato;ascenty-data-centers-sumare_sim2_p3;2014;landsat;0.024841;0.416522;0.038037;0.517418;0.003182;99.9946
candidato;ascenty-data-centers-sumare_sim2_p3;2015;landsat;0.13352;0.501013;0.010273;0.351671;0.003523;100.0
candidato;ascenty-data-centers-sumare_sim2_p3;2016;landsat;0.093711;0.48425;0.011456;0.406702;0.003881;100.0
candidato;ascenty-data-centers-sumare_sim2_p4;2014;landsat;0.013263;0.442354;0.016686;0.525463;0.002234;100.0
candidato;ascenty-data-centers-sumare_sim2_p4;2015;landsat;0.097498;0.516016;0.010546;0.372428;0.003512;100.0
candidato;ascenty-data-centers-sumare_sim2_p4;2016;landsat;0.069193;0.466994;0.009295;0.450228;0.00429;100.0
candidato;ascenty-data-centers-sumare_sim2_p5;2014;landsat;0.009545;0.572648;0.007311;0.405777;0.004719;99.9991
candidato;ascenty-data-centers-sumare_sim2_p5;2015;landsat;0.110305;0.585271;0.003396;0.292689;0.008339;100.0
candidato;ascenty-data-centers-sumare_sim2_p5;2016;landsat;0.069309;0.597685;0.003414;0.319323;0.010269;100.0
candidato;ascenty-data-centers-sumare_sim2_p6;2014;landsat;0.013001;0.46576;0.01162;0.499871;0.009748;99.9982
candidato;ascenty-data-centers-sumare_sim2_p6;2015;landsat;0.109415;0.488826;0.004544;0.380302;0.016913;99.9991
candidato;ascenty-data-centers-sumare_sim2_p6;2016;landsat;0.069147;0.502793;0.003154;0.405159;0.019746;100.0
candidato;equinix-santana-de-parnaiba_sim1_p1;2017;landsat;0.18562;0.740674;0.003539;0.065913;0.004254;100.0
candidato;equinix-santana-de-parnaiba_sim1_p1;2018;landsat;0.208835;0.718672;0.003379;0.064707;0.004407;99.9848
candidato;equinix-santana-de-parnaiba_sim1_p1;2019;landsat;0.264322;0.662427;0.003101;0.066145;0.004004;100.0
candidato;equinix-santana-de-parnaiba_sim1_p2;2017;landsat;0.187801;0.670965;0.006621;0.119795;0.014818;100.0
candidato;equinix-santana-de-parnaiba_sim1_p2;2018;landsat;0.2009;0.661595;0.00607;0.116364;0.015071;99.9777
candidato;equinix-santana-de-parnaiba_sim1_p2;2019;landsat;0.249624;0.614311;0.004847;0.116053;0.015166;100.0
candidato;equinix-santana-de-parnaiba_sim1_p3;2017;landsat;0.140203;0.630545;0.012576;0.201839;0.014837;99.992
candidato;equinix-santana-de-parnaiba_sim1_p3;2018;landsat;0.151907;0.633468;0.008351;0.191165;0.015109;99.8481
candidato;equinix-santana-de-parnaiba_sim1_p3;2019;landsat;0.186817;0.599821;0.007999;0.190455;0.014907;100.0
candidato;equinix-santana-de-parnaiba_sim1_p4;2017;landsat;0.128671;0.691411;0.008928;0.164903;0.006086;100.0
candidato;equinix-santana-de-parnaiba_sim1_p4;2018;landsat;0.143677;0.670369;0.010677;0.16934;0.005937;99.95
candidato;equinix-santana-de-parnaiba_sim1_p4;2019;landsat;0.179954;0.647037;0.009527;0.157503;0.005979;100.0
candidato;equinix-santana-de-parnaiba_sim1_p5;2017;landsat;0.256858;0.653421;0.004132;0.083572;0.002017;100.0
candidato;equinix-santana-de-parnaiba_sim1_p5;2018;landsat;0.278676;0.631292;0.005226;0.082816;0.00199;99.9937
candidato;equinix-santana-de-parnaiba_sim1_p5;2019;landsat;0.34026;0.581116;0.002277;0.074447;0.0019;100.0
candidato;equinix-santana-de-parnaiba_sim1_p6;2017;landsat;0.293771;0.636884;0.003155;0.065028;0.001162;100.0
candidato;equinix-santana-de-parnaiba_sim1_p6;2018;landsat;0.320496;0.612382;0.001877;0.063842;0.001403;99.9964
candidato;equinix-santana-de-parnaiba_sim1_p6;2019;landsat;0.382778;0.548458;0.001787;0.06577;0.001207;100.0
candidato;equinix-santana-de-parnaiba_sim2_p1;2017;landsat;0.129752;0.573081;0.014604;0.275279;0.007284;100.0
candidato;equinix-santana-de-parnaiba_sim2_p1;2018;landsat;0.156332;0.585852;0.010376;0.241005;0.006435;100.0
candidato;equinix-santana-de-parnaiba_sim2_p1;2019;landsat;0.204335;0.550603;0.008374;0.229359;0.007329;100.0
candidato;equinix-santana-de-parnaiba_sim2_p2;2017;landsat;0.11855;0.601617;0.010784;0.260551;0.008498;100.0
candidato;equinix-santana-de-parnaiba_sim2_p2;2018;landsat;0.14913;0.598465;0.00849;0.236295;0.00762;99.9919
candidato;equinix-santana-de-parnaiba_sim2_p2;2019;landsat;0.198254;0.580166;0.007575;0.205291;0.008714;99.9892
candidato;equinix-santana-de-parnaiba_sim2_p3;2017;landsat;0.215274;0.614407;0.003512;0.157539;0.009268;100.0
candidato;equinix-santana-de-parnaiba_sim2_p3;2018;landsat;0.247629;0.603364;0.002941;0.137566;0.0085;99.992
candidato;equinix-santana-de-parnaiba_sim2_p3;2019;landsat;0.313618;0.549715;0.002297;0.125646;0.008724;99.9893
candidato;equinix-santana-de-parnaiba_sim2_p4;2017;landsat;0.108777;0.507637;0.00723;0.363119;0.013236;99.9991
candidato;equinix-santana-de-parnaiba_sim2_p4;2018;landsat;0.129198;0.517723;0.008017;0.332854;0.012208;100.0
candidato;equinix-santana-de-parnaiba_sim2_p4;2019;landsat;0.169452;0.497372;0.005756;0.31463;0.012789;100.0
candidato;equinix-santana-de-parnaiba_sim2_p5;2017;landsat;0.088261;0.583537;0.005638;0.307191;0.015373;100.0
candidato;equinix-santana-de-parnaiba_sim2_p5;2018;landsat;0.108152;0.613091;0.00623;0.258543;0.013984;100.0
candidato;equinix-santana-de-parnaiba_sim2_p5;2019;landsat;0.155581;0.583886;0.005002;0.241108;0.014423;100.0
candidato;equinix-santana-de-parnaiba_sim2_p6;2017;landsat;0.112123;0.606108;0.004876;0.261743;0.015149;100.0
candidato;equinix-santana-de-parnaiba_sim2_p6;2018;landsat;0.136712;0.659911;0.002976;0.186516;0.013885;100.0
candidato;equinix-santana-de-parnaiba_sim2_p6;2019;landsat;0.1915;0.627111;0.002546;0.164447;0.014396;100.0
candidato;hosting-now-curitiba_sim1_p1;2016;landsat;0.158438;0.205528;0.001902;0.339097;0.295035;96.8147
candidato;hosting-now-curitiba_sim1_p1;2017;landsat;0.110433;0.233861;0.001403;0.358397;0.295906;99.9973
candidato;hosting-now-curitiba_sim1_p1;2018;landsat;0.147234;0.202458;0.001457;0.356511;0.292341;100.0
candidato;hosting-now-curitiba_sim1_p2;2016;landsat;0.10089;0.175997;0.004036;0.504985;0.214092;96.5404
candidato;hosting-now-curitiba_sim1_p2;2017;landsat;0.07589;0.182589;0.003459;0.521482;0.21658;99.9955
candidato;hosting-now-curitiba_sim1_p2;2018;landsat;0.096381;0.170946;0.003191;0.516002;0.213479;99.9991
candidato;hosting-now-curitiba_sim1_p3;2016;landsat;0.088206;0.150317;0.001966;0.551463;0.208048;98.0395
candidato;hosting-now-curitiba_sim1_p3;2017;landsat;0.074854;0.149654;0.001676;0.566261;0.207555;99.9955
candidato;hosting-now-curitiba_sim1_p3;2018;landsat;0.089382;0.148492;0.001443;0.555735;0.204948;99.9991
candidato;hosting-now-curitiba_sim1_p4;2016;landsat;0.087249;0.145805;0.001477;0.419771;0.345698;99.2394
candidato;hosting-now-curitiba_sim1_p4;2017;landsat;0.078759;0.145952;0.001126;0.428436;0.345727;99.9964
candidato;hosting-now-curitiba_sim1_p4;2018;landsat;0.09352;0.142122;0.00101;0.419689;0.343659;100.0
candidato;hosting-now-curitiba_sim1_p5;2016;landsat;0.095724;0.131106;0.001201;0.265815;0.506154;98.9677
candidato;hosting-now-curitiba_sim1_p5;2017;landsat;0.079107;0.141991;0.001001;0.275233;0.502668;99.9973
candidato;hosting-now-curitiba_sim1_p5;2018;landsat;0.102422;0.123273;0.000786;0.272705;0.500813;100.0
candidato;hosting-now-curitiba_sim1_p6;2016;landsat;0.146405;0.191743;0.001134;0.220334;0.440385;98.0082
candidato;hosting-now-curitiba_sim1_p6;2017;landsat;0.102014;0.224171;0.00095;0.231146;0.441718;99.9973
candidato;hosting-now-curitiba_sim1_p6;2018;landsat;0.140575;0.189492;0.000905;0.230978;0.438049;100.0
candidato;hosting-now-curitiba_sim2_p1;2016;landsat;0.265366;0.221803;0.004042;0.498686;0.010104;99.9535
candidato;hosting-now-curitiba_sim2_p1;2017;landsat;0.28956;0.28864;0.005774;0.406266;0.00976;99.9911
candidato;hosting-now-curitiba_sim2_p1;2018;landsat;0.21779;0.169708;0.005155;0.597504;0.009843;99.3333
candidato;hosting-now-curitiba_sim2_p2;2016;landsat;0.214746;0.219647;0.00296;0.515064;0.047583;99.9419
candidato;hosting-now-curitiba_sim2_p2;2017;landsat;0.244329;0.29003;0.00631;0.410733;0.048598;99.9893
candidato;hosting-now-curitiba_sim2_p2;2018;landsat;0.157422;0.167452;0.003945;0.624429;0.046751;96.5028
candidato;hosting-now-curitiba_sim2_p3;2016;landsat;0.208335;0.22906;0.003094;0.513963;0.045548;99.957
candidato;hosting-now-curitiba_sim2_p3;2017;landsat;0.232347;0.316792;0.006231;0.399005;0.045625;99.9857
candidato;hosting-now-curitiba_sim2_p3;2018;landsat;0.184594;0.182091;0.003362;0.587884;0.042069;98.1229
candidato;hosting-now-curitiba_sim2_p4;2016;landsat;0.295809;0.237865;0.003281;0.451362;0.011682;99.9839
candidato;hosting-now-curitiba_sim2_p4;2017;landsat;0.3149;0.316308;0.005819;0.351972;0.011001;99.9857
candidato;hosting-now-curitiba_sim2_p4;2018;landsat;0.286719;0.192589;0.003713;0.505261;0.011718;98.9924
candidato;hosting-now-curitiba_sim2_p5;2016;landsat;0.305409;0.261073;0.004934;0.425205;0.003379;99.9848
candidato;hosting-now-curitiba_sim2_p5;2017;landsat;0.33305;0.330413;0.004058;0.329734;0.002744;99.9893
candidato;hosting-now-curitiba_sim2_p5;2018;landsat;0.286737;0.204513;0.009581;0.483171;0.015998;100.0
candidato;hosting-now-curitiba_sim2_p6;2016;landsat;0.299522;0.250539;0.005919;0.440953;0.003067;99.9508
candidato;hosting-now-curitiba_sim2_p6;2017;landsat;0.328315;0.312323;0.004425;0.352282;0.002655;99.9777
candidato;hosting-now-curitiba_sim2_p6;2018;landsat;0.259859;0.199893;0.012388;0.521219;0.006641;99.9911
candidato;idx-data-centers-&-it-services-palmas_sim1_p1;2016;landsat;0.14794;0.498409;0.007749;0.33314;0.012763;100.0
candidato;idx-data-centers-&-it-services-palmas_sim1_p1;2017;landsat;0.318518;0.411181;0.007087;0.2476;0.015614;100.0
candidato;idx-data-centers-&-it-services-palmas_sim1_p1;2018;landsat;0.244365;0.463875;0.006524;0.270105;0.015131;100.0
candidato;idx-data-centers-&-it-services-palmas_sim1_p2;2016;landsat;0.178363;0.513343;0.009232;0.279373;0.019689;100.0
candidato;idx-data-centers-&-it-services-palmas_sim1_p2;2017;landsat;0.356395;0.406363;0.008875;0.203915;0.024453;100.0
candidato;idx-data-centers-&-it-services-palmas_sim1_p2;2018;landsat;0.276218;0.470105;0.007972;0.22304;0.022665;100.0
candidato;idx-data-centers-&-it-services-palmas_sim1_p3;2016;landsat;0.17729;0.492734;0.014389;0.295299;0.020288;100.0
candidato;idx-data-centers-&-it-services-palmas_sim1_p3;2017;landsat;0.309062;0.436545;0.011002;0.219492;0.023898;100.0
candidato;idx-data-centers-&-it-services-palmas_sim1_p3;2018;landsat;0.244294;0.48621;0.00992;0.236795;0.022781;100.0
candidato;idx-data-centers-&-it-services-palmas_sim1_p4;2016;landsat;0.172448;0.47256;0.010675;0.329891;0.014426;100.0
candidato;idx-data-centers-&-it-services-palmas_sim1_p4;2017;landsat;0.303159;0.422286;0.009107;0.248349;0.0171;100.0
candidato;idx-data-centers-&-it-services-palmas_sim1_p4;2018;landsat;0.250203;0.454658;0.00867;0.269895;0.016574;100.0
candidato;idx-data-centers-&-it-services-palmas_sim1_p5;2016;landsat;0.187574;0.420273;0.009744;0.369214;0.013195;100.0
candidato;idx-data-centers-&-it-services-palmas_sim1_p5;2017;landsat;0.312892;0.382767;0.008346;0.281114;0.01488;100.0
candidato;idx-data-centers-&-it-services-palmas_sim1_p5;2018;landsat;0.243869;0.420461;0.009367;0.31153;0.014773;100.0
candidato;idx-data-centers-&-it-services-palmas_sim1_p6;2016;landsat;0.158333;0.411999;0.007548;0.412241;0.009878;100.0
candidato;idx-data-centers-&-it-services-palmas_sim1_p6;2017;landsat;0.2738;0.402623;0.006445;0.306088;0.011044;100.0
candidato;idx-data-centers-&-it-services-palmas_sim1_p6;2018;landsat;0.215981;0.429166;0.007144;0.336656;0.011053;100.0
candidato;idx-data-centers-&-it-services-palmas_sim2_p1;2016;landsat;0.28259;0.34987;0.008964;0.348628;0.009947;100.0
candidato;idx-data-centers-&-it-services-palmas_sim2_p1;2017;landsat;0.233479;0.378944;0.010251;0.367146;0.01018;100.0
candidato;idx-data-centers-&-it-services-palmas_sim2_p1;2018;landsat;0.215345;0.418786;0.007043;0.348896;0.009929;100.0
candidato;idx-data-centers-&-it-services-palmas_sim2_p2;2016;landsat;0.247768;0.389329;0.008292;0.338556;0.016055;100.0
candidato;idx-data-centers-&-it-services-palmas_sim2_p2;2017;landsat;0.2005;0.420426;0.009269;0.353302;0.016503;100.0
candidato;idx-data-centers-&-it-services-palmas_sim2_p2;2018;landsat;0.190747;0.436301;0.005863;0.350873;0.016216;100.0
candidato;idx-data-centers-&-it-services-palmas_sim2_p3;2016;landsat;0.197274;0.438002;0.013218;0.333908;0.017598;100.0
candidato;idx-data-centers-&-it-services-palmas_sim2_p3;2017;landsat;0.159192;0.452337;0.013629;0.35635;0.018491;100.0
candidato;idx-data-centers-&-it-services-palmas_sim2_p3;2018;landsat;0.157154;0.484699;0.009938;0.329779;0.018429;100.0
candidato;idx-data-centers-&-it-services-palmas_sim2_p4;2016;landsat;0.171293;0.433837;0.015077;0.361677;0.018116;100.0
candidato;idx-data-centers-&-it-services-palmas_sim2_p4;2017;landsat;0.135544;0.432657;0.015301;0.397506;0.018992;100.0
candidato;idx-data-centers-&-it-services-palmas_sim2_p4;2018;landsat;0.147028;0.463223;0.011422;0.359371;0.018956;100.0
candidato;idx-data-centers-&-it-services-palmas_sim2_p5;2016;landsat;0.252707;0.371813;0.013365;0.344204;0.01791;100.0
candidato;idx-data-centers-&-it-services-palmas_sim2_p5;2017;landsat;0.205153;0.394654;0.013249;0.368165;0.01878;100.0
candidato;idx-data-centers-&-it-services-palmas_sim2_p5;2018;landsat;0.223395;0.414832;0.010605;0.332407;0.018762;100.0
candidato;idx-data-centers-&-it-services-palmas_sim2_p6;2016;landsat;0.332764;0.316641;0.008464;0.325606;0.016525;100.0
candidato;idx-data-centers-&-it-services-palmas_sim2_p6;2017;landsat;0.26215;0.371454;0.008803;0.340585;0.017008;100.0
candidato;idx-data-centers-&-it-services-palmas_sim2_p6;2018;landsat;0.26955;0.391831;0.006167;0.315614;0.016838;100.0
candidato;ipxon-networks-maracanau_sim1_p1;2015;landsat;0.319666;0.567485;0.007917;0.067457;0.037476;80.6068
candidato;ipxon-networks-maracanau_sim1_p1;2016;landsat;0.367448;0.52557;0.006296;0.064515;0.036171;98.0937
candidato;ipxon-networks-maracanau_sim1_p1;2017;landsat;0.388047;0.530097;0.00447;0.054262;0.023124;89.7819
candidato;ipxon-networks-maracanau_sim1_p2;2015;landsat;0.244491;0.567825;0.018495;0.141022;0.028168;77.7049
candidato;ipxon-networks-maracanau_sim1_p2;2016;landsat;0.246595;0.567964;0.011019;0.155444;0.018978;99.5996
candidato;ipxon-networks-maracanau_sim1_p2;2017;landsat;0.275254;0.567647;0.007965;0.133233;0.015901;90.21
candidato;ipxon-networks-maracanau_sim1_p3;2015;landsat;0.216202;0.542668;0.019752;0.180273;0.041105;71.4899
candidato;ipxon-networks-maracanau_sim1_p3;2016;landsat;0.272281;0.503888;0.012573;0.173869;0.037389;99.8704
candidato;ipxon-networks-maracanau_sim1_p3;2017;landsat;0.251419;0.55899;0.010541;0.149417;0.029633;90.7212
candidato;ipxon-networks-maracanau_sim1_p4;2015;landsat;0.156112;0.508486;0.02186;0.289152;0.024389;68.7673
candidato;ipxon-networks-maracanau_sim1_p4;2016;landsat;0.285317;0.4344;0.017765;0.237182;0.025336;99.7051
candidato;ipxon-networks-maracanau_sim1_p4;2017;landsat;0.232971;0.523015;0.01433;0.209077;0.020607;90.2641
candidato;ipxon-networks-maracanau_sim1_p5;2015;landsat;0.153253;0.396227;0.011841;0.239692;0.198987;76.2329
candidato;ipxon-networks-maracanau_sim1_p5;2016;landsat;0.263847;0.321486;0.008128;0.192498;0.214041;99.7328
candidato;ipxon-networks-maracanau_sim1_p5;2017;landsat;0.261026;0.347287;0.006598;0.173772;0.211317;90.0769
candidato;ipxon-networks-maracanau_sim1_p6;2015;landsat;0.22576;0.52071;0.011608;0.114005;0.127917;81.8438
candidato;ipxon-networks-maracanau_sim1_p6;2016;landsat;0.332938;0.423835;0.006683;0.088433;0.148111;99.3654
candidato;ipxon-networks-maracanau_sim1_p6;2017;landsat;0.331394;0.439625;0.005174;0.083949;0.139858;90.1734
candidato;ipxon-networks-maracanau_sim2_p1;2015;landsat;0.163728;0.68812;0.006941;0.136652;0.004559;74.126
candidato;ipxon-networks-maracanau_sim2_p1;2016;landsat;0.153172;0.709613;0.009478;0.126135;0.001602;61.0043
candidato;ipxon-networks-maracanau_sim2_p1;2017;landsat;0.295204;0.638126;0.002735;0.060524;0.003411;55.7182
candidato;ipxon-networks-maracanau_sim2_p2;2015;landsat;0.122532;0.739311;0.010996;0.122007;0.005153;64.6966
candidato;ipxon-networks-maracanau_sim2_p2;2016;landsat;0.082247;0.724966;0.015169;0.171064;0.006555;59.4504
candidato;ipxon-networks-maracanau_sim2_p2;2017;landsat;0.278729;0.657987;0.002689;0.047555;0.01304;43.8645
candidato;ipxon-networks-maracanau_sim2_p3;2015;landsat;0.104408;0.697436;0.017083;0.175619;0.005454;32.2799
candidato;ipxon-networks-maracanau_sim2_p3;2016;landsat;0.144791;0.644018;0.018566;0.189337;0.003288;41.5908
candidato;ipxon-networks-maracanau_sim2_p3;2017;landsat;0.240822;0.637444;0.003604;0.106757;0.011374;15.8727
candidato;ipxon-networks-maracanau_sim2_p4;2015;landsat;0.064199;0.534677;0.016714;0.383318;0.001093;5.7217
candidato;ipxon-networks-maracanau_sim2_p4;2016;landsat;0.18088;0.669581;0.011327;0.135199;0.003013;48.0517
candidato;ipxon-networks-maracanau_sim2_p4;2017;landsat;0.132244;0.557429;0.002634;0.302424;0.005269;1.6963
candidato;ipxon-networks-maracanau_sim2_p5;2015;landsat;0.025293;0.724889;0.01207;0.236671;0.001076;23.2505
candidato;ipxon-networks-maracanau_sim2_p5;2016;landsat;0.153593;0.676135;0.010494;0.157179;0.002599;54.3364
candidato;ipxon-networks-maracanau_sim2_p5;2017;landsat;0.115012;0.580237;0.007317;0.294969;0.002466;10.8714
candidato;ipxon-networks-maracanau_sim2_p6;2015;landsat;0.142495;0.714731;0.004928;0.13469;0.003156;73.8544
candidato;ipxon-networks-maracanau_sim2_p6;2016;landsat;0.171417;0.645712;0.007397;0.173735;0.001739;58.7786
candidato;ipxon-networks-maracanau_sim2_p6;2017;landsat;0.289193;0.610441;0.002688;0.096345;0.001334;45.0231
candidato;ipxon-networks-osasco_sim1_p1;2015;landsat;0.144159;0.492386;0.008198;0.334985;0.020272;99.9982
candidato;ipxon-networks-osasco_sim1_p1;2016;landsat;0.216731;0.441663;0.004885;0.314693;0.022028;99.9563
candidato;ipxon-networks-osasco_sim1_p1;2017;landsat;0.182243;0.460151;0.004536;0.33475;0.018321;99.9991
candidato;ipxon-networks-osasco_sim1_p2;2015;landsat;0.139119;0.480776;0.010796;0.358459;0.01085;100.0
candidato;ipxon-networks-osasco_sim1_p2;2016;landsat;0.206115;0.43317;0.00774;0.340364;0.012611;99.9991
candidato;ipxon-networks-osasco_sim1_p2;2017;landsat;0.174046;0.449844;0.007311;0.358978;0.009822;100.0
candidato;ipxon-networks-osasco_sim1_p3;2015;landsat;0.120056;0.379935;0.015705;0.481758;0.002546;100.0
candidato;ipxon-networks-osasco_sim1_p3;2016;landsat;0.183624;0.342247;0.010264;0.460468;0.003397;99.9982
candidato;ipxon-networks-osasco_sim1_p3;2017;landsat;0.156836;0.347718;0.010327;0.482377;0.002743;100.0
candidato;ipxon-networks-osasco_sim1_p4;2015;landsat;0.255975;0.345143;0.014702;0.382402;0.001779;100.0
candidato;ipxon-networks-osasco_sim1_p4;2016;landsat;0.315026;0.304123;0.008714;0.369464;0.002672;99.9991
candidato;ipxon-networks-osasco_sim1_p4;2017;landsat;0.295746;0.307498;0.008696;0.386049;0.002011;100.0
candidato;ipxon-networks-osasco_sim1_p5;2015;landsat;0.324905;0.303062;0.014139;0.355087;0.002806;99.9982
candidato;ipxon-networks-osasco_sim1_p5;2016;landsat;0.376734;0.26739;0.008463;0.343552;0.00386;99.7918
candidato;ipxon-networks-osasco_sim1_p5;2017;landsat;0.356773;0.27151;0.008097;0.360554;0.003066;99.9991
candidato;ipxon-networks-osasco_sim1_p6;2015;landsat;0.089234;0.424286;0.016617;0.449234;0.02063;99.9866
candidato;ipxon-networks-osasco_sim1_p6;2016;landsat;0.146919;0.401178;0.010025;0.418932;0.022946;99.6729
candidato;ipxon-networks-osasco_sim1_p6;2017;landsat;0.117207;0.403813;0.010575;0.449395;0.019011;99.899
candidato;ipxon-networks-osasco_sim2_p1;2015;landsat;0.38399;0.077119;0.001631;0.340137;0.197122;99.9991
candidato;ipxon-networks-osasco_sim2_p1;2016;landsat;0.392934;0.089095;0.000666;0.322286;0.195018;99.6163
candidato;ipxon-networks-osasco_sim2_p1;2017;landsat;0.420028;0.064483;0.000852;0.319896;0.194741;99.9794
candidato;ipxon-networks-osasco_sim2_p2;2015;landsat;0.382459;0.08041;0.002395;0.366551;0.168185;99.9991
candidato;ipxon-networks-osasco_sim2_p2;2016;landsat;0.386334;0.091665;0.000887;0.35436;0.166755;99.7042
candidato;ipxon-networks-osasco_sim2_p2;2017;landsat;0.405045;0.072198;0.001341;0.353968;0.167448;99.9482
candidato;ipxon-networks-osasco_sim2_p3;2015;landsat;0.206728;0.065069;0.003607;0.418799;0.305797;99.6585
candidato;ipxon-networks-osasco_sim2_p3;2016;landsat;0.217059;0.072235;0.001965;0.407908;0.300832;98.979
candidato;ipxon-networks-osasco_sim2_p3;2017;landsat;0.219335;0.071688;0.002542;0.406484;0.299951;99.0964
candidato;ipxon-networks-osasco_sim2_p4;2015;landsat;0.091092;0.02739;0.002163;0.215524;0.663831;99.5853
candidato;ipxon-networks-osasco_sim2_p4;2016;landsat;0.099191;0.031168;0.00094;0.214611;0.65409;96.9774
candidato;ipxon-networks-osasco_sim2_p4;2017;landsat;0.098505;0.033442;0.001473;0.213027;0.653553;97.7067
candidato;ipxon-networks-osasco_sim2_p5;2015;landsat;0.107436;0.036901;0.001012;0.388078;0.466573;99.8087
candidato;ipxon-networks-osasco_sim2_p5;2016;landsat;0.126879;0.041672;0.000795;0.376929;0.453725;97.8622
candidato;ipxon-networks-osasco_sim2_p5;2017;landsat;0.128304;0.043411;0.00095;0.371954;0.455381;98.7604
candidato;ipxon-networks-osasco_sim2_p6;2015;landsat;0.210585;0.053946;0.000771;0.434974;0.299724;100.0
candidato;ipxon-networks-osasco_sim2_p6;2016;landsat;0.210329;0.081882;0.000774;0.41439;0.292625;99.5464
candidato;ipxon-networks-osasco_sim2_p6;2017;landsat;0.242236;0.055832;0.000762;0.408314;0.292856;99.9301
candidato;ipxon-networks-sao-joao-de-meriti_sim1_p1;2015;landsat;0.159843;0.188047;0.013636;0.624524;0.01395;99.9866
candidato;ipxon-networks-sao-joao-de-meriti_sim1_p1;2016;landsat;0.193606;0.177442;0.010093;0.603514;0.015346;99.6531
candidato;ipxon-networks-sao-joao-de-meriti_sim1_p1;2017;landsat;0.186569;0.180626;0.008104;0.61267;0.01203;99.9955
candidato;ipxon-networks-sao-joao-de-meriti_sim1_p2;2015;landsat;0.094154;0.134177;0.012423;0.748668;0.010578;99.9866
candidato;ipxon-networks-sao-joao-de-meriti_sim1_p2;2016;landsat;0.115128;0.13301;0.009277;0.729987;0.012599;99.5108
candidato;ipxon-networks-sao-joao-de-meriti_sim1_p2;2017;landsat;0.109339;0.135172;0.008154;0.738353;0.008982;99.9955
candidato;ipxon-networks-sao-joao-de-meriti_sim1_p3;2015;landsat;0.024018;0.100507;0.012353;0.853101;0.01002;99.9848
candidato;ipxon-networks-sao-joao-de-meriti_sim1_p3;2016;landsat;0.037677;0.10723;0.009053;0.834381;0.011658;99.5084
candidato;ipxon-networks-sao-joao-de-meriti_sim1_p3;2017;landsat;0.03483;0.105975;0.008187;0.842472;0.008536;99.9955
candidato;ipxon-networks-sao-joao-de-meriti_sim1_p4;2015;landsat;0.061119;0.184162;0.011941;0.733;0.009778;99.9911
candidato;ipxon-networks-sao-joao-de-meriti_sim1_p4;2016;landsat;0.088443;0.182121;0.009755;0.709343;0.010338;99.6783
candidato;ipxon-networks-sao-joao-de-meriti_sim1_p4;2017;landsat;0.082521;0.18189;0.008115;0.719357;0.008115;99.9964
candidato;ipxon-networks-sao-joao-de-meriti_sim1_p5;2015;landsat;0.072262;0.191073;0.012745;0.71403;0.00989;99.8588
candidato;ipxon-networks-sao-joao-de-meriti_sim1_p5;2016;landsat;0.103883;0.187133;0.00962;0.688117;0.011246;99.4968
candidato;ipxon-networks-sao-joao-de-meriti_sim1_p5;2017;landsat;0.096779;0.189115;0.007759;0.697758;0.00859;99.9857
candidato;ipxon-networks-sao-joao-de-meriti_sim1_p6;2015;landsat;0.088764;0.185691;0.013228;0.697326;0.014991;99.8606
candidato;ipxon-networks-sao-joao-de-meriti_sim1_p6;2016;landsat;0.120419;0.179667;0.009578;0.674091;0.016245;99.4682
candidato;ipxon-networks-sao-joao-de-meriti_sim1_p6;2017;landsat;0.114128;0.180283;0.008027;0.684574;0.012988;99.9857
candidato;ipxon-networks-sao-joao-de-meriti_sim2_p1;2015;landsat;0.295717;0.063789;0.000762;0.376546;0.263186;100.0
candidato;ipxon-networks-sao-joao-de-meriti_sim2_p1;2016;landsat;0.290401;0.09388;0.000764;0.35763;0.257325;99.7625
candidato;ipxon-networks-sao-joao-de-meriti_sim2_p1;2017;landsat;0.328775;0.06246;0.000744;0.350414;0.257607;99.9597
candidato;ipxon-networks-sao-joao-de-meriti_sim2_p2;2015;landsat;0.153097;0.047654;0.000921;0.454804;0.343525;100.0
candidato;ipxon-networks-sao-joao-de-meriti_sim2_p2;2016;landsat;0.156096;0.071239;0.000811;0.435263;0.336591;99.235
candidato;ipxon-networks-sao-joao-de-meriti_sim2_p2;2017;landsat;0.179128;0.054229;0.000781;0.429528;0.336334;99.5925
candidato;ipxon-networks-sao-joao-de-meriti_sim2_p3;2015;landsat;0.105927;0.038047;0.000984;0.445453;0.409589;99.8802
candidato;ipxon-networks-sao-joao-de-meriti_sim2_p3;2016;landsat;0.124594;0.045905;0.000809;0.431343;0.397349;98.301
candidato;ipxon-networks-sao-joao-de-meriti_sim2_p3;2017;landsat;0.127382;0.047817;0.000894;0.42636;0.397547;98.949
candidato;ipxon-networks-sao-joao-de-meriti_sim2_p4;2015;landsat;0.191615;0.045939;0.001013;0.341962;0.419471;99.7069
candidato;ipxon-networks-sao-joao-de-meriti_sim2_p4;2016;landsat;0.198252;0.061443;0.000855;0.331387;0.408063;98.2715
candidato;ipxon-networks-sao-joao-de-meriti_sim2_p4;2017;landsat;0.203668;0.055595;0.001235;0.328208;0.411294;99.1554
candidato;ipxon-networks-sao-joao-de-meriti_sim2_p5;2015;landsat;0.29279;0.059534;0.001021;0.411348;0.235307;99.7703
candidato;ipxon-networks-sao-joao-de-meriti_sim2_p5;2016;landsat;0.282999;0.085919;0.000853;0.399745;0.230485;99.5272
candidato;ipxon-networks-sao-joao-de-meriti_sim2_p5;2017;landsat;0.300381;0.068372;0.001415;0.398952;0.23088;99.7632
candidato;ipxon-networks-sao-joao-de-meriti_sim2_p6;2015;landsat;0.369872;0.07056;0.000831;0.338556;0.220181;100.0
candidato;ipxon-networks-sao-joao-de-meriti_sim2_p6;2016;landsat;0.347671;0.107033;0.000752;0.326478;0.218066;99.8588
candidato;ipxon-networks-sao-joao-de-meriti_sim2_p6;2017;landsat;0.385678;0.072914;0.001028;0.322557;0.217822;99.9339
candidato;netwise-empresas-lagoa-da-prata_sim1_p1;2018;landsat;0.371523;0.583786;0.001189;0.042903;0.000599;99.9911
candidato;netwise-empresas-lagoa-da-prata_sim1_p1;2019;landsat;0.315417;0.635937;0.001627;0.046278;0.000742;100.0
candidato;netwise-empresas-lagoa-da-prata_sim1_p1;2020;landsat;0.308911;0.645563;0.001555;0.042953;0.001019;100.0
candidato;netwise-empresas-lagoa-da-prata_sim1_p2;2018;landsat;0.401573;0.554818;0.001207;0.041723;0.000679;99.9911
candidato;netwise-empresas-lagoa-da-prata_sim1_p2;2019;landsat;0.357181;0.596184;0.001582;0.044231;0.000822;100.0
candidato;netwise-empresas-lagoa-da-prata_sim1_p2;2020;landsat;0.348137;0.60816;0.001618;0.041085;0.001001;100.0
candidato;netwise-empresas-lagoa-da-prata_sim1_p3;2018;landsat;0.468679;0.493185;0.001207;0.03634;0.00059;99.9991
candidato;netwise-empresas-lagoa-da-prata_sim1_p3;2019;landsat;0.42557;0.53297;0.001564;0.039119;0.000778;100.0
candidato;netwise-empresas-lagoa-da-prata_sim1_p3;2020;landsat;0.411413;0.549093;0.001636;0.036867;0.000992;100.0
candidato;netwise-empresas-lagoa-da-prata_sim1_p4;2018;landsat;0.448069;0.513035;0.001287;0.037171;0.000438;99.9991
candidato;netwise-empresas-lagoa-da-prata_sim1_p4;2019;landsat;0.396389;0.56047;0.00177;0.040772;0.000599;100.0
candidato;netwise-empresas-lagoa-da-prata_sim1_p4;2020;landsat;0.369872;0.587979;0.001877;0.039146;0.001126;100.0
candidato;netwise-empresas-lagoa-da-prata_sim1_p5;2018;landsat;0.367551;0.58491;0.001521;0.045481;0.000537;99.9044
candidato;netwise-empresas-lagoa-da-prata_sim1_p5;2019;landsat;0.309344;0.640005;0.002065;0.047863;0.000724;99.9929
candidato;netwise-empresas-lagoa-da-prata_sim1_p5;2020;landsat;0.287327;0.662267;0.002172;0.047234;0.001001;100.0
candidato;netwise-empresas-lagoa-da-prata_sim1_p6;2018;landsat;0.351057;0.597071;0.001485;0.049761;0.000626;99.8963
candidato;netwise-empresas-lagoa-da-prata_sim1_p6;2019;landsat;0.290699;0.653948;0.002172;0.052439;0.000742;99.9929
candidato;netwise-empresas-lagoa-da-prata_sim1_p6;2020;landsat;0.280374;0.665663;0.00219;0.050791;0.000983;100.0
candidato;netwise-empresas-lagoa-da-prata_sim2_p1;2018;landsat;0.213022;0.641344;0.001761;0.131165;0.012709;100.0
candidato;netwise-empresas-lagoa-da-prata_sim2_p1;2019;landsat;0.343838;0.529493;0.001394;0.114827;0.010448;100.0
candidato;netwise-empresas-lagoa-da-prata_sim2_p1;2020;landsat;0.187157;0.65988;0.003369;0.139226;0.010367;100.0
candidato;netwise-empresas-lagoa-da-prata_sim2_p2;2018;landsat;0.159996;0.68318;0.002208;0.138565;0.016051;100.0
candidato;netwise-empresas-lagoa-da-prata_sim2_p2;2019;landsat;0.285575;0.580812;0.001662;0.118188;0.013764;100.0
candidato;netwise-empresas-lagoa-da-prata_sim2_p2;2020;landsat;0.147645;0.692484;0.002583;0.143579;0.01371;100.0
candidato;netwise-empresas-lagoa-da-prata_sim2_p3;2018;landsat;0.13407;0.705547;0.002156;0.142776;0.015451;100.0
candidato;netwise-empresas-lagoa-da-prata_sim2_p3;2019;landsat;0.249338;0.615353;0.00164;0.119929;0.01374;100.0
candidato;netwise-empresas-lagoa-da-prata_sim2_p3;2020;landsat;0.129116;0.706509;0.002825;0.148051;0.0135;100.0
candidato;netwise-empresas-lagoa-da-prata_sim2_p4;2018;landsat;0.099906;0.733749;0.002477;0.145752;0.018115;100.0
candidato;netwise-empresas-lagoa-da-prata_sim2_p4;2019;landsat;0.209748;0.648171;0.001916;0.123573;0.016592;100.0
candidato;netwise-empresas-lagoa-da-prata_sim2_p4;2020;landsat;0.098303;0.725845;0.00376;0.155509;0.016583;100.0
candidato;netwise-empresas-lagoa-da-prata_sim2_p5;2018;landsat;0.096997;0.752891;0.002279;0.133846;0.013987;100.0
candidato;netwise-empresas-lagoa-da-prata_sim2_p5;2019;landsat;0.216221;0.654428;0.001859;0.114791;0.0127;100.0
candidato;netwise-empresas-lagoa-da-prata_sim2_p5;2020;landsat;0.078121;0.763294;0.004701;0.141335;0.012548;100.0
candidato;netwise-empresas-lagoa-da-prata_sim2_p6;2018;landsat;0.159371;0.697355;0.002261;0.128859;0.012155;100.0
candidato;netwise-empresas-lagoa-da-prata_sim2_p6;2019;landsat;0.291322;0.58427;0.001761;0.112584;0.010063;100.0
candidato;netwise-empresas-lagoa-da-prata_sim2_p6;2020;landsat;0.127473;0.720565;0.004495;0.137439;0.010028;100.0
candidato;odata,-an-aligned-data-centers-company-hortolandia_sim1_p1;2014;landsat;0.135629;0.528303;0.011464;0.291617;0.032988;99.865
candidato;odata,-an-aligned-data-centers-company-hortolandia_sim1_p1;2015;landsat;0.08863;0.559292;0.013256;0.309869;0.028953;99.9821
candidato;odata,-an-aligned-data-centers-company-hortolandia_sim1_p1;2016;landsat;0.158091;0.495388;0.013736;0.303243;0.029541;99.8087
candidato;odata,-an-aligned-data-centers-company-hortolandia_sim1_p2;2014;landsat;0.074089;0.448521;0.010608;0.459345;0.007438;99.7938
candidato;odata,-an-aligned-data-centers-company-hortolandia_sim1_p2;2015;landsat;0.064887;0.456933;0.010256;0.46155;0.006374;99.9928
candidato;odata,-an-aligned-data-centers-company-hortolandia_sim1_p2;2016;landsat;0.076986;0.442914;0.010255;0.463523;0.006322;99.8225
candidato;odata,-an-aligned-data-centers-company-hortolandia_sim1_p3;2014;landsat;0.2318;0.58634;0.004097;0.172797;0.004966;99.9973
candidato;odata,-an-aligned-data-centers-company-hortolandia_sim1_p3;2015;landsat;0.176978;0.641032;0.003648;0.173751;0.00459;100.0
candidato;odata,-an-aligned-data-centers-company-hortolandia_sim1_p3;2016;landsat;0.190133;0.625774;0.003778;0.175612;0.004703;99.8799
candidato;odata,-an-aligned-data-centers-company-hortolandia_sim1_p4;2014;landsat;0.297679;0.560672;0.002941;0.122105;0.016603;99.9883
candidato;odata,-an-aligned-data-centers-company-hortolandia_sim1_p4;2015;landsat;0.242201;0.615189;0.0026;0.12452;0.01549;100.0
candidato;odata,-an-aligned-data-centers-company-hortolandia_sim1_p4;2016;landsat;0.297669;0.559292;0.003371;0.123792;0.015876;99.9946
candidato;odata,-an-aligned-data-centers-company-hortolandia_sim1_p5;2014;landsat;0.170685;0.59499;0.005846;0.210413;0.018066;99.9794
candidato;odata,-an-aligned-data-centers-company-hortolandia_sim1_p5;2015;landsat;0.11907;0.623436;0.005154;0.235622;0.016718;100.0
candidato;odata,-an-aligned-data-centers-company-hortolandia_sim1_p5;2016;landsat;0.241318;0.530686;0.006508;0.203801;0.017687;99.9946
candidato;odata,-an-aligned-data-centers-company-hortolandia_sim1_p6;2014;landsat;0.146687;0.607043;0.00936;0.208713;0.028197;99.9705
candidato;odata,-an-aligned-data-centers-company-hortolandia_sim1_p6;2015;landsat;0.089762;0.630879;0.010717;0.243309;0.025332;99.9857
candidato;odata,-an-aligned-data-centers-company-hortolandia_sim1_p6;2016;landsat;0.203189;0.554133;0.011995;0.204878;0.025804;99.992
candidato;odata,-an-aligned-data-centers-company-hortolandia_sim2_p1;2014;landsat;0.071634;0.480248;0.007114;0.391767;0.049237;99.9982
candidato;odata,-an-aligned-data-centers-company-hortolandia_sim2_p1;2015;landsat;0.067003;0.482018;0.016016;0.380088;0.054875;100.0
candidato;odata,-an-aligned-data-centers-company-hortolandia_sim2_p1;2016;landsat;0.062392;0.470569;0.010072;0.385209;0.071758;100.0
candidato;odata,-an-aligned-data-centers-company-hortolandia_sim2_p2;2014;landsat;0.047878;0.626618;0.008732;0.313224;0.003548;99.9982
candidato;odata,-an-aligned-data-centers-company-hortolandia_sim2_p2;2015;landsat;0.062079;0.626642;0.007597;0.300465;0.003217;100.0
candidato;odata,-an-aligned-data-centers-company-hortolandia_sim2_p2;2016;landsat;0.048047;0.63221;0.006158;0.30942;0.004165;100.0
candidato;odata,-an-aligned-data-centers-company-hortolandia_sim2_p3;2014;landsat;0.173367;0.636762;0.005011;0.183273;0.001587;99.9991
candidato;odata,-an-aligned-data-centers-company-hortolandia_sim2_p3;2015;landsat;0.191671;0.621535;0.003595;0.181532;0.001667;100.0
candidato;odata,-an-aligned-data-centers-company-hortolandia_sim2_p3;2016;landsat;0.172093;0.638639;0.003962;0.18198;0.003326;100.0
candidato;odata,-an-aligned-data-centers-company-hortolandia_sim2_p4;2014;landsat;0.194924;0.576182;0.005559;0.221307;0.002029;100.0
candidato;odata,-an-aligned-data-centers-company-hortolandia_sim2_p4;2015;landsat;0.196033;0.575433;0.004231;0.222227;0.002075;99.9035
candidato;odata,-an-aligned-data-centers-company-hortolandia_sim2_p4;2016;landsat;0.18126;0.581026;0.004867;0.229725;0.003122;99.8954
candidato;odata,-an-aligned-data-centers-company-hortolandia_sim2_p5;2014;landsat;0.089058;0.487504;0.011124;0.399566;0.012747;100.0
candidato;odata,-an-aligned-data-centers-company-hortolandia_sim2_p5;2015;landsat;0.072904;0.492831;0.010328;0.410676;0.013262;99.9032
candidato;odata,-an-aligned-data-centers-company-hortolandia_sim2_p5;2016;landsat;0.072309;0.471873;0.009682;0.431895;0.014241;99.8951
candidato;odata,-an-aligned-data-centers-company-hortolandia_sim2_p6;2014;landsat;0.066208;0.47317;0.008249;0.37569;0.076682;100.0
candidato;odata,-an-aligned-data-centers-company-hortolandia_sim2_p6;2015;landsat;0.047761;0.484181;0.006265;0.390124;0.071669;100.0
candidato;odata,-an-aligned-data-centers-company-hortolandia_sim2_p6;2016;landsat;0.047377;0.474537;0.006632;0.397971;0.073483;100.0
candidato;odata,-an-aligned-data-centers-company-sao-joao-de-meriti_sim1_p1;2017;landsat;0.141025;0.174976;0.008403;0.663619;0.011976;99.9964
candidato;odata,-an-aligned-data-centers-company-sao-joao-de-meriti_sim1_p1;2018;landsat;0.153779;0.178663;0.008378;0.648111;0.01107;99.9777
candidato;odata,-an-aligned-data-centers-company-sao-joao-de-meriti_sim1_p1;2019;landsat;0.169875;0.171612;0.009125;0.637226;0.012163;99.9991
candidato;odata,-an-aligned-data-centers-company-sao-joao-de-meriti_sim1_p2;2017;landsat;0.091344;0.1411;0.008169;0.7496;0.009787;99.9955
candidato;odata,-an-aligned-data-centers-company-sao-joao-de-meriti_sim1_p2;2018;landsat;0.102673;0.146201;0.007947;0.734239;0.00894;99.9732
candidato;odata,-an-aligned-data-centers-company-sao-joao-de-meriti_sim1_p2;2019;landsat;0.113988;0.143401;0.008678;0.723976;0.009956;99.9991
candidato;odata,-an-aligned-data-centers-company-sao-joao-de-meriti_sim1_p3;2017;landsat;0.048164;0.118428;0.008519;0.815149;0.00974;99.9955
candidato;odata,-an-aligned-data-centers-company-sao-joao-de-meriti_sim1_p3;2018;landsat;0.05773;0.126485;0.008164;0.798672;0.008949;99.9733
candidato;odata,-an-aligned-data-centers-company-sao-joao-de-meriti_sim1_p3;2019;landsat;0.066643;0.125704;0.008768;0.789296;0.009588;99.9991
candidato;odata,-an-aligned-data-centers-company-sao-joao-de-meriti_sim1_p4;2017;landsat;0.073159;0.158204;0.00805;0.751488;0.009099;99.9964
candidato;odata,-an-aligned-data-centers-company-sao-joao-de-meriti_sim1_p4;2018;landsat;0.084738;0.163827;0.007818;0.735018;0.008598;99.9785
candidato;odata,-an-aligned-data-centers-company-sao-joao-de-meriti_sim1_p4;2019;landsat;0.097853;0.161481;0.008767;0.722944;0.008955;99.9991
candidato;odata,-an-aligned-data-centers-company-sao-joao-de-meriti_sim1_p5;2017;landsat;0.080779;0.172944;0.007937;0.728786;0.009554;99.9964
candidato;odata,-an-aligned-data-centers-company-sao-joao-de-meriti_sim1_p5;2018;landsat;0.092434;0.178806;0.008519;0.711248;0.008993;99.9768
candidato;odata,-an-aligned-data-centers-company-sao-joao-de-meriti_sim1_p5;2019;landsat;0.107821;0.175102;0.008392;0.699434;0.00925;99.9991
candidato;odata,-an-aligned-data-centers-company-sao-joao-de-meriti_sim1_p6;2017;landsat;0.097909;0.175981;0.007835;0.706899;0.011376;99.9964
candidato;odata,-an-aligned-data-centers-company-sao-joao-de-meriti_sim1_p6;2018;landsat;0.110481;0.17988;0.008437;0.69055;0.010652;99.9767
candidato;odata,-an-aligned-data-centers-company-sao-joao-de-meriti_sim1_p6;2019;landsat;0.127793;0.173851;0.008579;0.67849;0.011286;99.9991
candidato;odata,-an-aligned-data-centers-company-sao-joao-de-meriti_sim2_p1;2017;landsat;0.310649;0.067338;0.00085;0.34434;0.276823;99.9008
candidato;odata,-an-aligned-data-centers-company-sao-joao-de-meriti_sim2_p1;2018;landsat;0.325212;0.057538;0.000807;0.347567;0.268876;99.6291
candidato;odata,-an-aligned-data-centers-company-sao-joao-de-meriti_sim2_p1;2019;landsat;0.330619;0.056387;0.001091;0.340693;0.27121;99.9812
candidato;odata,-an-aligned-data-centers-company-sao-joao-de-meriti_sim2_p2;2017;landsat;0.197221;0.058215;0.000799;0.409765;0.334001;99.5603
candidato;odata,-an-aligned-data-centers-company-sao-joao-de-meriti_sim2_p2;2018;landsat;0.204128;0.052331;0.000855;0.412722;0.329963;99.2779
candidato;odata,-an-aligned-data-centers-company-sao-joao-de-meriti_sim2_p2;2019;landsat;0.206899;0.056505;0.000868;0.402452;0.333277;99.8838
candidato;odata,-an-aligned-data-centers-company-sao-joao-de-meriti_sim2_p3;2017;landsat;0.156133;0.051556;0.000849;0.433027;0.358435;99.1932
candidato;odata,-an-aligned-data-centers-company-sao-joao-de-meriti_sim2_p3;2018;landsat;0.160695;0.047443;0.000827;0.436732;0.354303;98.5917
candidato;odata,-an-aligned-data-centers-company-sao-joao-de-meriti_sim2_p3;2019;landsat;0.162132;0.052175;0.000901;0.425153;0.359639;99.4595
candidato;odata,-an-aligned-data-centers-company-sao-joao-de-meriti_sim2_p4;2017;landsat;0.214979;0.062442;0.001286;0.361258;0.360035;99.3762
candidato;odata,-an-aligned-data-centers-company-sao-joao-de-meriti_sim2_p4;2018;landsat;0.228529;0.051335;0.000978;0.363846;0.355312;98.6621
candidato;odata,-an-aligned-data-centers-company-sao-joao-de-meriti_sim2_p4;2019;landsat;0.234376;0.05101;0.001108;0.356199;0.357307;99.2019
candidato;odata,-an-aligned-data-centers-company-sao-joao-de-meriti_sim2_p5;2017;landsat;0.288255;0.068794;0.001052;0.393721;0.248178;99.7338
candidato;odata,-an-aligned-data-centers-company-sao-joao-de-meriti_sim2_p5;2018;landsat;0.3085;0.053479;0.000776;0.393299;0.243946;99.3985
candidato;odata,-an-aligned-data-centers-company-sao-joao-de-meriti_sim2_p5;2019;landsat;0.315653;0.05039;0.001231;0.387464;0.245263;99.7642
candidato;odata,-an-aligned-data-centers-company-sao-joao-de-meriti_sim2_p6;2017;landsat;0.347054;0.07445;0.000958;0.332474;0.245064;99.8534
candidato;odata,-an-aligned-data-centers-company-sao-joao-de-meriti_sim2_p6;2018;landsat;0.36989;0.057166;0.000798;0.331684;0.240462;99.6979
candidato;odata,-an-aligned-data-centers-company-sao-joao-de-meriti_sim2_p6;2019;landsat;0.37752;0.053676;0.001135;0.326865;0.240804;99.9866
candidato;quantico-data-center-canoas_sim1_p1;2015;landsat;0.199435;0.515918;0.003298;0.280768;0.000581;99.9964
candidato;quantico-data-center-canoas_sim1_p1;2016;landsat;0.173654;0.468482;0.010296;0.346728;0.00084;99.9991
candidato;quantico-data-center-canoas_sim1_p1;2017;landsat;0.166434;0.532515;0.003414;0.29711;0.000527;99.9982
candidato;quantico-data-center-canoas_sim1_p2;2015;landsat;0.227966;0.478786;0.002619;0.289806;0.000822;99.9955
candidato;quantico-data-center-canoas_sim1_p2;2016;landsat;0.17125;0.493427;0.006042;0.328459;0.000822;99.9991
candidato;quantico-data-center-canoas_sim1_p2;2017;landsat;0.14567;0.531039;0.003164;0.31951;0.000617;100.0
candidato;quantico-data-center-canoas_sim1_p3;2015;landsat;0.194411;0.488647;0.005757;0.310286;0.0009;99.992
candidato;quantico-data-center-canoas_sim1_p3;2016;landsat;0.177041;0.464787;0.004768;0.352451;0.000954;99.9929
candidato;quantico-data-center-canoas_sim1_p3;2017;landsat;0.105182;0.536458;0.008225;0.349058;0.001078;100.0
candidato;quantico-data-center-canoas_sim1_p4;2015;landsat;0.201228;0.509485;0.008507;0.268445;0.012335;99.9946
candidato;quantico-data-center-canoas_sim1_p4;2016;landsat;0.232104;0.45294;0.007163;0.29327;0.014523;99.9937
candidato;quantico-data-center-canoas_sim1_p4;2017;landsat;0.148473;0.527941;0.008364;0.305954;0.009269;100.0
candidato;quantico-data-center-canoas_sim1_p5;2015;landsat;0.237693;0.496106;0.002854;0.258368;0.00498;99.8978
candidato;quantico-data-center-canoas_sim1_p5;2016;landsat;0.263431;0.447174;0.003371;0.283092;0.002932;99.9821
candidato;quantico-data-center-canoas_sim1_p5;2017;landsat;0.186373;0.522171;0.003132;0.287327;0.000996;99.8844
candidato;quantico-data-center-canoas_sim1_p6;2015;landsat;0.257416;0.438668;0.003706;0.298541;0.001669;99.8978
candidato;quantico-data-center-canoas_sim1_p6;2016;landsat;0.236426;0.423325;0.004994;0.332216;0.003039;99.9821
candidato;quantico-data-center-canoas_sim1_p6;2017;landsat;0.208459;0.459395;0.004074;0.327847;0.000224;99.8844
candidato;quantico-data-center-canoas_sim2_p1;2015;landsat;0.401083;0.280426;0.01026;0.274;0.034231;99.9973
candidato;quantico-data-center-canoas_sim2_p1;2016;landsat;0.391477;0.300979;0.006889;0.275022;0.025633;99.369
candidato;quantico-data-center-canoas_sim2_p1;2017;landsat;0.399416;0.273569;0.009717;0.282916;0.034382;99.2466
candidato;quantico-data-center-canoas_sim2_p2;2015;landsat;0.533324;0.236681;0.018448;0.16036;0.051186;99.9991
candidato;quantico-data-center-canoas_sim2_p2;2016;landsat;0.49535;0.290988;0.007494;0.175759;0.030409;99.7553
candidato;quantico-data-center-canoas_sim2_p2;2017;landsat;0.516975;0.239127;0.012821;0.177142;0.053936;97.3269
candidato;quantico-data-center-canoas_sim2_p3;2015;landsat;0.602904;0.219139;0.023522;0.114777;0.039658;99.9991
candidato;quantico-data-center-canoas_sim2_p3;2016;landsat;0.519008;0.316028;0.006289;0.136769;0.021905;99.7678
candidato;quantico-data-center-canoas_sim2_p3;2017;landsat;0.517951;0.314206;0.016721;0.111135;0.039986;99.8727
candidato;quantico-data-center-canoas_sim2_p4;2015;landsat;0.73516;0.18377;0.003959;0.074734;0.002377;100.0
candidato;quantico-data-center-canoas_sim2_p4;2016;landsat;0.60044;0.320344;0.000974;0.076643;0.0016;99.9937
candidato;quantico-data-center-canoas_sim2_p4;2017;landsat;0.654205;0.267915;0.002136;0.072759;0.002985;100.0
candidato;quantico-data-center-canoas_sim2_p5;2015;landsat;0.588971;0.220717;0.000876;0.184494;0.004942;100.0
candidato;quantico-data-center-canoas_sim2_p5;2016;landsat;0.478588;0.332404;0.001261;0.182089;0.005659;99.966
candidato;quantico-data-center-canoas_sim2_p5;2017;landsat;0.568269;0.227429;0.00266;0.192562;0.009081;95.7637
candidato;quantico-data-center-canoas_sim2_p6;2015;landsat;0.368495;0.274779;0.002686;0.327036;0.027004;99.784
candidato;quantico-data-center-canoas_sim2_p6;2016;landsat;0.351673;0.296309;0.003486;0.322471;0.026062;98.7504
candidato;quantico-data-center-canoas_sim2_p6;2017;landsat;0.352529;0.277557;0.00541;0.331533;0.03297;98.7495
candidato;scala-data-centers-barueri_sim1_p1;2018;landsat;0.620326;0.304554;0.004243;0.069238;0.001638;99.8311
candidato;scala-data-centers-barueri_sim1_p1;2019;landsat;0.640111;0.285262;0.00278;0.069953;0.001895;100.0
candidato;scala-data-centers-barueri_sim1_p1;2020;landsat;0.638614;0.278438;0.005258;0.075272;0.002418;99.7837
candidato;scala-data-centers-barueri_sim1_p2;2018;landsat;0.572261;0.298168;0.007941;0.118717;0.002912;98.8158
candidato;scala-data-centers-barueri_sim1_p2;2019;landsat;0.576965;0.286445;0.00833;0.124847;0.003414;99.9991
candidato;scala-data-centers-barueri_sim1_p2;2020;landsat;0.587848;0.266776;0.00901;0.132228;0.004138;99.7837
candidato;scala-data-centers-barueri_sim1_p3;2018;landsat;0.541975;0.254043;0.008588;0.193184;0.00221;98.6567
candidato;scala-data-centers-barueri_sim1_p3;2019;landsat;0.559081;0.23627;0.006095;0.195622;0.002931;99.9991
candidato;scala-data-centers-barueri_sim1_p3;2020;landsat;0.565102;0.21988;0.005247;0.20632;0.00345;99.9821
candidato;scala-data-centers-barueri_sim1_p4;2018;landsat;0.451975;0.301448;0.007464;0.231246;0.007867;99.8606
candidato;scala-data-centers-barueri_sim1_p4;2019;landsat;0.481071;0.278264;0.006292;0.225632;0.008741;100.0
candidato;scala-data-centers-barueri_sim1_p4;2020;landsat;0.453694;0.286908;0.006444;0.243337;0.009617;99.9964
candidato;scala-data-centers-barueri_sim1_p5;2018;landsat;0.531238;0.353929;0.007052;0.079672;0.028109;99.9946
candidato;scala-data-centers-barueri_sim1_p5;2019;landsat;0.562678;0.321709;0.005121;0.077317;0.033175;100.0
candidato;scala-data-centers-barueri_sim1_p5;2020;landsat;0.536232;0.339735;0.004978;0.086844;0.03221;100.0
candidato;scala-data-centers-barueri_sim1_p6;2018;landsat;0.756734;0.225829;0.000125;0.010376;0.006935;100.0
candidato;scala-data-centers-barueri_sim1_p6;2019;landsat;0.77115;0.212593;0.000107;0.008097;0.008053;100.0
candidato;scala-data-centers-barueri_sim1_p6;2020;landsat;0.770203;0.209858;0.000143;0.011565;0.008231;100.0
candidato;scala-data-centers-barueri_sim2_p1;2018;landsat;0.117997;0.710717;0.007838;0.151495;0.011954;99.8892
candidato;scala-data-centers-barueri_sim2_p1;2019;landsat;0.123658;0.658617;0.00816;0.196909;0.012655;99.9991
candidato;scala-data-centers-barueri_sim2_p1;2020;landsat;0.12532;0.678926;0.005398;0.177844;0.012512;100.0
candidato;scala-data-centers-barueri_sim2_p2;2018;landsat;0.162606;0.744428;0.003512;0.080347;0.009107;100.0
candidato;scala-data-centers-barueri_sim2_p2;2019;landsat;0.179426;0.717446;0.003352;0.090517;0.009259;100.0
candidato;scala-data-centers-barueri_sim2_p2;2020;landsat;0.179113;0.735597;0.002047;0.073724;0.009518;100.0
candidato;scala-data-centers-barueri_sim2_p3;2018;landsat;0.18423;0.709814;0.002743;0.096534;0.006678;100.0
candidato;scala-data-centers-barueri_sim2_p3;2019;landsat;0.201244;0.69098;0.003209;0.0977;0.006867;100.0
candidato;scala-data-centers-barueri_sim2_p3;2020;landsat;0.195749;0.695857;0.003989;0.096992;0.007413;100.0
candidato;scala-data-centers-barueri_sim2_p4;2018;landsat;0.137003;0.796173;0.001781;0.054751;0.010292;99.8677
candidato;scala-data-centers-barueri_sim2_p4;2019;landsat;0.175998;0.755601;0.001485;0.056626;0.010289;99.891
candidato;scala-data-centers-barueri_sim2_p4;2020;landsat;0.175937;0.765769;0.000912;0.047086;0.010297;99.992
candidato;scala-data-centers-barueri_sim2_p5;2018;landsat;0.130408;0.741127;0.005253;0.110594;0.012618;99.8677
candidato;scala-data-centers-barueri_sim2_p5;2019;landsat;0.147958;0.72731;0.002675;0.109539;0.012517;99.891
candidato;scala-data-centers-barueri_sim2_p5;2020;landsat;0.136592;0.719166;0.00438;0.128252;0.011611;99.992
candidato;scala-data-centers-barueri_sim2_p6;2018;landsat;0.112781;0.731395;0.004858;0.141831;0.009135;99.8963
candidato;scala-data-centers-barueri_sim2_p6;2019;landsat;0.122997;0.714601;0.004388;0.147718;0.010296;99.9991
candidato;scala-data-centers-barueri_sim2_p6;2020;landsat;0.102333;0.709474;0.00555;0.173376;0.009268;100.0
candidato;scala-data-centers-porto-alegre_sim1_p1;2020;landsat;0.239506;0.188571;0.002879;0.565462;0.003583;99.9795
candidato;scala-data-centers-porto-alegre_sim1_p1;2021;landsat;0.197341;0.20701;0.002451;0.589812;0.003386;99.9884
candidato;scala-data-centers-porto-alegre_sim1_p1;2022;landsat;0.220997;0.212888;0.001782;0.560768;0.003565;99.9902
candidato;scala-data-centers-porto-alegre_sim1_p2;2020;landsat;0.072019;0.132555;0.002652;0.790312;0.002463;99.3761
candidato;scala-data-centers-porto-alegre_sim1_p2;2021;landsat;0.057431;0.127668;0.002473;0.810651;0.001778;99.3322
candidato;scala-data-centers-porto-alegre_sim1_p2;2022;landsat;0.065806;0.148277;0.001921;0.782182;0.001814;99.836
candidato;scala-data-centers-porto-alegre_sim1_p3;2020;landsat;0.028741;0.103396;0.002241;0.86375;0.001872;99.2913
candidato;scala-data-centers-porto-alegre_sim1_p3;2021;landsat;0.025765;0.091211;0.002418;0.879383;0.001223;99.4155
candidato;scala-data-centers-porto-alegre_sim1_p3;2022;landsat;0.023631;0.110136;0.001781;0.863251;0.001199;99.8445
candidato;scala-data-centers-porto-alegre_sim1_p4;2020;landsat;0.033534;0.081376;0.002752;0.878444;0.003894;99.6809
candidato;scala-data-centers-porto-alegre_sim1_p4;2021;landsat;0.024284;0.070509;0.002064;0.90011;0.003033;99.8897
candidato;scala-data-centers-porto-alegre_sim1_p4;2022;landsat;0.028784;0.081112;0.001902;0.8849;0.003302;99.9059
candidato;scala-data-centers-porto-alegre_sim1_p5;2020;landsat;0.108255;0.134415;0.002693;0.750274;0.004363;99.8548
candidato;scala-data-centers-porto-alegre_sim1_p5;2021;landsat;0.083971;0.13875;0.00184;0.772047;0.003392;99.8879
candidato;scala-data-centers-porto-alegre_sim1_p5;2022;landsat;0.094413;0.139531;0.001721;0.76047;0.003864;99.9964
candidato;scala-data-centers-porto-alegre_sim1_p6;2020;landsat;0.226703;0.177646;0.002533;0.587659;0.005459;99.9029
candidato;scala-data-centers-porto-alegre_sim1_p6;2021;landsat;0.185591;0.198672;0.001907;0.609205;0.004625;100.0
candidato;scala-data-centers-porto-alegre_sim1_p6;2022;landsat;0.206906;0.19665;0.00155;0.589869;0.005026;100.0
candidato;scala-data-centers-porto-alegre_sim2_p1;2020;landsat;0.101248;0.389948;0.003918;0.503873;0.001013;99.9839
candidato;scala-data-centers-porto-alegre_sim2_p1;2021;landsat;0.05133;0.335294;0.004384;0.607881;0.001112;99.9973
candidato;scala-data-centers-porto-alegre_sim2_p1;2022;landsat;0.10463;0.37083;0.00427;0.519256;0.001014;99.922
candidato;scala-data-centers-porto-alegre_sim2_p2;2020;landsat;0.121053;0.400974;0.004142;0.469582;0.004249;99.991
candidato;scala-data-centers-porto-alegre_sim2_p2;2021;landsat;0.062024;0.388986;0.004572;0.540142;0.004276;99.9982
candidato;scala-data-centers-porto-alegre_sim2_p2;2022;landsat;0.129112;0.382075;0.003639;0.480834;0.004339;99.9982
candidato;scala-data-centers-porto-alegre_sim2_p3;2020;landsat;0.158181;0.381728;0.004043;0.448734;0.007315;100.0
candidato;scala-data-centers-porto-alegre_sim2_p3;2021;landsat;0.126501;0.358367;0.004195;0.50363;0.007306;100.0
candidato;scala-data-centers-porto-alegre_sim2_p3;2022;landsat;0.167282;0.369328;0.003487;0.452758;0.007145;99.9982
candidato;scala-data-centers-porto-alegre_sim2_p4;2020;landsat;0.167826;0.358143;0.003344;0.460764;0.009923;100.0
candidato;scala-data-centers-porto-alegre_sim2_p4;2021;landsat;0.144752;0.342026;0.003828;0.499328;0.010067;100.0
candidato;scala-data-centers-porto-alegre_sim2_p4;2022;landsat;0.174794;0.351301;0.003451;0.460781;0.009672;99.9982
candidato;scala-data-centers-porto-alegre_sim2_p5;2020;landsat;0.113578;0.375143;0.004178;0.497131;0.009969;99.9892
candidato;scala-data-centers-porto-alegre_sim2_p5;2021;landsat;0.083726;0.319009;0.005567;0.581731;0.009968;99.9991
candidato;scala-data-centers-porto-alegre_sim2_p5;2022;landsat;0.118744;0.367376;0.003391;0.500879;0.009609;99.9122
candidato;scala-data-centers-porto-alegre_sim2_p6;2020;landsat;0.06563;0.356196;0.005164;0.567405;0.005604;99.9803
candidato;scala-data-centers-porto-alegre_sim2_p6;2021;landsat;0.043638;0.298746;0.006096;0.645783;0.005737;99.9973
candidato;scala-data-centers-porto-alegre_sim2_p6;2022;landsat;0.066554;0.340209;0.004127;0.5837;0.00541;99.9122
candidato;scala-data-centers-sao-joao-de-meriti_sim1_p1;2019;landsat;0.175223;0.172139;0.00909;0.63133;0.012218;99.9991
candidato;scala-data-centers-sao-joao-de-meriti_sim1_p1;2020;landsat;0.157833;0.171075;0.010418;0.646689;0.013986;99.9875
candidato;scala-data-centers-sao-joao-de-meriti_sim1_p1;2021;landsat;0.168248;0.167073;0.011525;0.643279;0.009875;99.9462
candidato;scala-data-centers-sao-joao-de-meriti_sim1_p2;2019;landsat;0.114712;0.142489;0.008678;0.724111;0.01001;99.9991
candidato;scala-data-centers-sao-joao-de-meriti_sim1_p2;2020;landsat;0.101729;0.137295;0.009823;0.739211;0.011942;99.9875
candidato;scala-data-centers-sao-joao-de-meriti_sim1_p2;2021;landsat;0.109365;0.136298;0.010176;0.735738;0.008423;99.9517
candidato;scala-data-centers-sao-joao-de-meriti_sim1_p3;2019;landsat;0.064528;0.122908;0.008741;0.794278;0.009545;99.9991
candidato;scala-data-centers-sao-joao-de-meriti_sim1_p3;2020;landsat;0.052165;0.116924;0.009126;0.810478;0.011307;99.9875
candidato;scala-data-centers-sao-joao-de-meriti_sim1_p3;2021;landsat;0.06085;0.115057;0.009639;0.806209;0.008245;99.9482
candidato;scala-data-centers-sao-joao-de-meriti_sim1_p4;2019;landsat;0.09866;0.162225;0.008776;0.721483;0.008857;99.9991
candidato;scala-data-centers-sao-joao-de-meriti_sim1_p4;2020;landsat;0.082848;0.157798;0.008804;0.74032;0.010229;99.9866
candidato;scala-data-centers-sao-joao-de-meriti_sim1_p4;2021;landsat;0.092657;0.153903;0.009867;0.735922;0.007651;99.9373
candidato;scala-data-centers-sao-joao-de-meriti_sim1_p5;2019;landsat;0.109168;0.176439;0.008529;0.696728;0.009135;99.9804
candidato;scala-data-centers-sao-joao-de-meriti_sim1_p5;2020;landsat;0.09123;0.175348;0.007727;0.714671;0.011024;99.9875
candidato;scala-data-centers-sao-joao-de-meriti_sim1_p5;2021;landsat;0.102071;0.167934;0.010262;0.711815;0.007917;99.9394
candidato;scala-data-centers-sao-joao-de-meriti_sim1_p6;2019;landsat;0.129037;0.17409;0.008724;0.676699;0.011449;99.9803
candidato;scala-data-centers-sao-joao-de-meriti_sim1_p6;2020;landsat;0.111097;0.173899;0.008293;0.693712;0.013;99.9875
candidato;scala-data-centers-sao-joao-de-meriti_sim1_p6;2021;landsat;0.121776;0.166676;0.011149;0.690982;0.009418;99.9426
candidato;scala-data-centers-sao-joao-de-meriti_sim2_p1;2019;landsat;0.333506;0.056164;0.001087;0.340698;0.268546;99.9849
candidato;scala-data-centers-sao-joao-de-meriti_sim2_p1;2020;landsat;0.322331;0.052531;0.00074;0.352431;0.271967;99.91
candidato;scala-data-centers-sao-joao-de-meriti_sim2_p1;2021;landsat;0.349605;0.041118;0.000786;0.339944;0.268548;99.7951
candidato;scala-data-centers-sao-joao-de-meriti_sim2_p2;2019;landsat;0.203985;0.056542;0.000868;0.40432;0.334285;99.882
candidato;scala-data-centers-sao-joao-de-meriti_sim2_p2;2020;landsat;0.192359;0.049408;0.000833;0.417433;0.339967;99.7953
candidato;scala-data-centers-sao-joao-de-meriti_sim2_p2;2021;landsat;0.214563;0.043379;0.000882;0.405808;0.335367;99.3065
candidato;scala-data-centers-sao-joao-de-meriti_sim2_p3;2019;landsat;0.156935;0.052123;0.000953;0.425496;0.364493;99.4334
candidato;scala-data-centers-sao-joao-de-meriti_sim2_p3;2020;landsat;0.146082;0.043666;0.000933;0.437277;0.372043;99.6568
candidato;scala-data-centers-sao-joao-de-meriti_sim2_p3;2021;landsat;0.162198;0.042401;0.00077;0.429791;0.364839;98.604
candidato;scala-data-centers-sao-joao-de-meriti_sim2_p4;2019;landsat;0.232858;0.050724;0.001091;0.351122;0.364204;99.1268
candidato;scala-data-centers-sao-joao-de-meriti_sim2_p4;2020;landsat;0.222078;0.045144;0.001032;0.356962;0.374785;99.6407
candidato;scala-data-centers-sao-joao-de-meriti_sim2_p4;2021;landsat;0.240196;0.03996;0.000797;0.352616;0.366431;98.722
candidato;scala-data-centers-sao-joao-de-meriti_sim2_p5;2019;landsat;0.31658;0.049902;0.001263;0.389991;0.242264;99.7569
candidato;scala-data-centers-sao-joao-de-meriti_sim2_p5;2020;landsat;0.308425;0.043855;0.000886;0.400635;0.246199;99.8793
candidato;scala-data-centers-sao-joao-de-meriti_sim2_p5;2021;landsat;0.326947;0.037741;0.000701;0.393471;0.24114;99.4584
candidato;scala-data-centers-sao-joao-de-meriti_sim2_p6;2019;landsat;0.381792;0.053073;0.00113;0.325474;0.238532;99.9901
candidato;scala-data-centers-sao-joao-de-meriti_sim2_p6;2020;landsat;0.373965;0.048498;0.000762;0.336437;0.240338;99.9399
candidato;scala-data-centers-sao-joao-de-meriti_sim2_p6;2021;landsat;0.398962;0.037272;0.000727;0.32599;0.237049;99.81
candidato;to-host-data-centers-palmas_sim1_p1;2017;landsat;0.434704;0.378166;0.004513;0.168576;0.014041;100.0
candidato;to-host-data-centers-palmas_sim1_p1;2018;landsat;0.333301;0.464867;0.004308;0.183877;0.013647;100.0
candidato;to-host-data-centers-palmas_sim1_p1;2019;landsat;0.451908;0.353767;0.003995;0.177246;0.013084;100.0
candidato;to-host-data-centers-palmas_sim1_p2;2017;landsat;0.48823;0.374716;0.00917;0.092796;0.035088;100.0
candidato;to-host-data-centers-palmas_sim1_p2;2018;landsat;0.38772;0.471561;0.008544;0.10008;0.032094;100.0
candidato;to-host-data-centers-palmas_sim1_p2;2019;landsat;0.495111;0.367656;0.007811;0.096952;0.032469;100.0
candidato;to-host-data-centers-palmas_sim1_p3;2017;landsat;0.375255;0.454435;0.009816;0.141005;0.019488;100.0
candidato;to-host-data-centers-palmas_sim1_p3;2018;landsat;0.3046;0.520492;0.008659;0.147782;0.018466;100.0
candidato;to-host-data-centers-palmas_sim1_p3;2019;landsat;0.397666;0.432357;0.006849;0.145012;0.018116;100.0
candidato;to-host-data-centers-palmas_sim1_p4;2017;landsat;0.347851;0.466842;0.008562;0.161087;0.015658;100.0
candidato;to-host-data-centers-palmas_sim1_p4;2018;landsat;0.290777;0.508991;0.008937;0.175824;0.015471;100.0
candidato;to-host-data-centers-palmas_sim1_p4;2019;landsat;0.330566;0.472169;0.007195;0.175449;0.014622;100.0
candidato;to-host-data-centers-palmas_sim1_p5;2017;landsat;0.427232;0.346564;0.007543;0.200527;0.018134;100.0
candidato;to-host-data-centers-palmas_sim1_p5;2018;landsat;0.328546;0.421566;0.008526;0.223443;0.017919;100.0
candidato;to-host-data-centers-palmas_sim1_p5;2019;landsat;0.376522;0.374091;0.007195;0.224417;0.017776;100.0
candidato;to-host-data-centers-palmas_sim1_p6;2017;landsat;0.35929;0.377326;0.00538;0.248396;0.009608;100.0
candidato;to-host-data-centers-palmas_sim1_p6;2018;landsat;0.284655;0.424801;0.005854;0.275208;0.009483;100.0
candidato;to-host-data-centers-palmas_sim1_p6;2019;landsat;0.320467;0.389105;0.005184;0.2762;0.009045;100.0
candidato;to-host-data-centers-palmas_sim2_p1;2017;landsat;0.341585;0.41472;0.006051;0.23659;0.001055;100.0
candidato;to-host-data-centers-palmas_sim2_p1;2018;landsat;0.302797;0.468567;0.004379;0.223496;0.00076;100.0
candidato;to-host-data-centers-palmas_sim2_p1;2019;landsat;0.375512;0.403441;0.003503;0.216865;0.000679;100.0
candidato;to-host-data-centers-palmas_sim2_p2;2017;landsat;0.199115;0.509885;0.006417;0.283841;0.000742;100.0
candidato;to-host-data-centers-palmas_sim2_p2;2018;landsat;0.198901;0.490366;0.004513;0.305595;0.000626;100.0
candidato;to-host-data-centers-palmas_sim2_p2;2019;landsat;0.213594;0.518733;0.003807;0.263178;0.000688;100.0
candidato;to-host-data-centers-palmas_sim2_p3;2017;landsat;0.180123;0.541273;0.006283;0.264358;0.007963;100.0
candidato;to-host-data-centers-palmas_sim2_p3;2018;landsat;0.180883;0.565922;0.004933;0.240281;0.007981;100.0
candidato;to-host-data-centers-palmas_sim2_p3;2019;landsat;0.197703;0.557235;0.003941;0.232997;0.008124;100.0
candidato;to-host-data-centers-palmas_sim2_p4;2017;landsat;0.176898;0.508794;0.012039;0.283329;0.018941;100.0
candidato;to-host-data-centers-palmas_sim2_p4;2018;landsat;0.190864;0.531204;0.009359;0.249695;0.018878;100.0
candidato;to-host-data-centers-palmas_sim2_p4;2019;landsat;0.216698;0.513419;0.008068;0.242865;0.01895;100.0
candidato;to-host-data-centers-palmas_sim2_p5;2017;landsat;0.283804;0.421421;0.011187;0.267417;0.016171;100.0
candidato;to-host-data-centers-palmas_sim2_p5;2018;landsat;0.327629;0.409471;0.00883;0.238123;0.015947;100.0
candidato;to-host-data-centers-palmas_sim2_p5;2019;landsat;0.332954;0.410816;0.007046;0.233264;0.01592;100.0
candidato;to-host-data-centers-palmas_sim2_p6;2017;landsat;0.392913;0.397882;0.006247;0.191518;0.01144;100.0
candidato;to-host-data-centers-palmas_sim2_p6;2018;landsat;0.393243;0.413335;0.004424;0.177701;0.011297;100.0
candidato;to-host-data-centers-palmas_sim2_p6;2019;landsat;0.428698;0.379382;0.0032;0.17746;0.011261;100.0
