operadora;cidade;ano_construcao_min;metodo;confianca;fonte_url;observacao
Ascenty Data Centers;Hortolandia;2018;pesquisa_reaproveitada;media;https://www.datacentermap.com/brazil/campinas/;Reaproveitado de modelo-imagens-satelite/config/sites_candidatos.csv (aoi_id=ascenty-hortolandia). Campus com escada de eventos (predios de 2018/2020/2021), usado o ano_construcao_min do campus. Fonte no candidatos.csv e generica (pagina de listagem, nao noticia especifica) - confianca media.
Ascenty Data Centers;Jundiai;2019;pesquisa_reaproveitada;baixa;;Reaproveitado de sites_candidatos.csv (aoi_id=ascenty-jundiai). Sem fontes_url documentada la - o numero provavelmente veio da lista_20 do Notion sem link preservado. Confianca baixa por falta de fonte rastreavel.
Ascenty Data Centers;Osasco;2020;pesquisa_reaproveitada;baixa;;Reaproveitado de sites_candidatos.csv (aoi_id=ascenty-osasco). ano_operacao_max=2023 la bate com nosso facility SP4 (2023). Sem fontes_url - mesma ressalva de confianca do Jundiai.
Ascenty Data Centers;Paulinia;2019;pesquisa_reaproveitada;baixa;;Reaproveitado de sites_candidatos.csv (aoi_id=ascenty-paulinia). Sem fontes_url documentada.
Ascenty Data Centers;Sumare;2017;pesquisa_reaproveitada;baixa;;Reaproveitado de sites_candidatos.csv (aoi_id=ascenty-sumare). Sem fontes_url documentada.
Equinix;Santana de Parnaiba;2020;pesquisa_reaproveitada;alta;https://www.equinix.com/data-centers/americas-colocation/brazil-colocation/sao-paulo-data-centers/sp6;Reaproveitado de sites_candidatos.csv (aoi_id=equinix-santana-parnaiba). Fonte e a pagina oficial do operador (SP6) - confianca alta.
Scala Data Centers;Sao Joao de Meriti;2022;pesquisa_reaproveitada;alta;https://www.peeringdb.com/fac/13398;Reaproveitado de sites_candidatos.csv (aoi_id=scala-sgigsm01). Fonte PeeringDB (fac id 13398) - confianca alta, mesmo criterio de fonte primaria da SV-25.
Scala Data Centers;Porto Alegre;2023;pesquisa_reaproveitada;alta;https://www.peeringdb.com/fac/14336;Reaproveitado de sites_candidatos.csv (aoi_id=scala-spoapa01). Fonte PeeringDB (fac id 14336). ATENCAO: ano_construcao_min=ano_operacao_min=2023 no candidatos.csv - PeeringDB tipicamente so registra ano de listagem/operacao, nao ano real de inicio de obra. Tratar como aproximado.
Scala Data Centers;Barueri;2021;pesquisa_reaproveitada;media;https://www.gbcbrasil.org.br/certificacao/certificacao-leed/empreendimentos/;Reaproveitado de sites_candidatos.csv (aoi_id=scala-tambore). ATENCAO: aquele registro cobre so 1 predio (SGRUTB12) do campus - nosso grupo Scala/Barueri tem 5 facilities (SGRUTB03/04/05/08/12). Usado como proxy do inicio do campus, nao confirmado pros outros 4 predios - confianca media.
