nome_datacenter;operadora;endereco;cep;cidade;estado;pais;latitude;longitude;status;stage;tipo_listagem;tipo_capacidade;tags;link_datacenter;mw_construido;mw_referenciado;whitespace_construido_m;whitespace_referenciado_m;ano_operacional;tipo_construcao;tipo_ocupacao;carga_piso_max_kg_m;redundancia_refrigeracao;cctv;controle_acesso_cartao;biometria;tier_projetado;tier_certificado;pci_dss;iso9001;iso14001;iso22301;iso27001;iso45001;iso50001;soc1;soc2;soc3;colo_suites;colo_cages;colo_cabinets;colo_partial_cabinets;colo_shared_rackspace;colo_footprints;colo_remote_hands;colo_build_to_suit;cloud_gpu;cloud_managed;cloud_baremetal;cloud_public_cloud;qtd_ixps;qtd_clouds;qtd_redes_presentes;qtd_provedores_rede;qtd_provedores_servico;codigo_site;peeringdb_id;cache_overview_status;cache_specs_status
Data Center Marechal Rondon;Brazilian Army;R. da Independencia, 632 ;01524-000;Sao Paulo;;Brazil;-23.5701367;-46.6167762;1;2;Facility;Government;;https://www.datacentermap.com/brazil/sao-paulo/3rd-cta-sao-paulo-data-center/;;;112;112;2025;;Sole-tenant;;;;;;3;3;;;;;;;;;;;;;;;;;;;;;;;0;0;0;0;0;;;bloqueado;ok
ADA Rio de Janeiro;Ada Infrastructure;Rua Oliveira Roxo;25240-080;Duque de Caxias;;Brazil;-22.70650052424456;-43.23743247257072;1;1;Campus;Colocation;;https://www.datacentermap.com/brazil/rio-de-janeiro/ada-rio-de-janeiro/;60;60;;;;;;;N+1;;;;;;;;;;;;;;;;;;;;;;;;;;;;0;0;0;0;0;;;ok;ok
ADA Sao Paulo;Ada Infrastructure;Av. Brig. Faria Lima, 3930;04538-132;Sao Paulo;;Brazil;-23.5902486;-46.6818551;1;1;Campus;Colocation;;https://www.datacentermap.com/brazil/sao-paulo/ada-sao-paulo/;40;40;;;;;;;N+1;;;;;;;;;;;;;;;;;;;;;;;;;;;;0;0;0;0;0;;;bloqueado;ok
Adentro DC Porto Alegre;ADENTRO DATA CENTER SOLUTIONS LTDA;Av. Bahia, 1258;90240-552;Porto Alegre;Rio Grande do Sul;Brazil;-30.0134047;-51.2010249;1;2;Facility;Colocation;;https://www.datacentermap.com/brazil/porto-alegre/adentro/;;;;;;;;;;;;;;;;;;;;;;;;;;;;;;;;;;;;;0;0;0;0;0;;;bloqueado;ok
Algar Tech Uberlandia - Jaraguá;Algar Tech;Rua Janaúba, 145;38413-102;Uberlandia;MG;Brazil;-18.9209149;-48.3090492;1;2;Facility;Colocation;;https://www.datacentermap.com/brazil/uberlandia/algar-tech-uberlandia/;;;;;;;;;;;;;;;;;;;;;;;;;0;1;1;1;1;0;1;;0;0;1;1;0;0;0;0;0;;;ok;ok
Algar Tech Uberlandia - Granja Marileusa;Algar Tech;Av. Floriano Peixoto, 6500;38406-642;Uberlandia;Minas Gerais;Brazil;-18.8725131;-48.2451629;1;2;Facility;Colocation;;https://www.datacentermap.com/brazil/uberlandia/algar-tecnologia/;;;600;600;;Purpose-built;Sole-tenant;;;;;;;;;;;;;;;;;;0;1;1;1;1;0;1;;0;0;1;1;0;0;0;1;0;;;ok;ok
ODATA RJ01;ODATA, an Aligned Data Centers Company;Rod. Pres. Dutra, 4648;25565-350;São João de Meriti;;Brazil;-22.7966834;-43.3572998;1;2;Facility;Colocation;Carrier Neutral;https://www.datacentermap.com/brazil/rio-de-janeiro/aligned-rj-01/;23.4;23.4;1800;1800;2023;Purpose-built;;;;;;;;;2;;;;1;;;;;;;;;;;;;;;;;;0;0;0;0;0;RJ-01;13381;bloqueado;ok
ODATA SP01;ODATA, an Aligned Data Centers Company;39,2, Estr. dos Romeiros, 943;06513-001;Votuparim, Santana de Parnaíba;;Brazil;-23.4550357423391;-46.91510647119536;1;2;Facility;Colocation;Carrier Neutral;https://www.datacentermap.com/brazil/sao-paulo/aligned-sp-01/;19.4;19.4;5600;5600;2017;Purpose-built;;;;;;;3;3;1;1;;;1;;;2;;;0;1;1;1;0;0;1;;0;0;0;0;0;0;32;4;0;SP-01;3913;ok;ok
ODATA SP02 Campus;ODATA, an Aligned Data Centers Company;R. José Blumer, 150;13186-510;Chácaras Assay, Hortolândia;;Brazil;-22.9008002;-47.1935167;1;2;Campus;Colocation;;https://www.datacentermap.com/brazil/sao-paulo/aligned-sp-02/;24;24;5600;5600;2020;Purpose-built;;;;;;;;;1;1;1;;1;;;;;;0;1;1;1;0;0;1;;0;0;0;0;0;0;1;0;0;SP-02;15093;ok;ok
ODATA SP03;ODATA, an Aligned Data Centers Company;Alameda Araguacema, 187;06460-070;Tamboré, Barueri;;Brazil;-23.502083727189984;-46.82507025582267;1;2;Facility;Colocation;Carrier Neutral;https://www.datacentermap.com/brazil/sao-paulo/aligned-sp-03/;3.2;3.2;1800;1800;2010;Retrofitted;;;;;;;;;;;;;;;;;;;;;;;;;;;;;;;0;0;0;1;0;SP-03;;bloqueado;ok
AngoNAP Fortaleza;Angola Cables;Av. Trajano de Medeiros, 1851 - Vicente Pinzon;60182-186;Fortaleza;;Brazil;-3.735294671531065;-38.46167526644695;1;2;Facility;Colocation;;https://www.datacentermap.com/brazil/fortaleza/angonap-fortaleza/;;;;;;;;;2N+1;;;;3;;;;;;;;;;;;;;;;;;;;;;;;0;0;67;0;0;;6702;bloqueado;ok
Armazem DC Brusque;Armazém Cloud;R. Atílio Battistoti, 199 - Azambuja;88354-120;Brusque;;Brazil;-27.1076999;-48.9186753;1;2;Facility;Colocation;;https://www.datacentermap.com/brazil/blumenau/armazem-dc-brusque/;;;;;;;;;;;;;;;;;;;;;;;;;0;0;1;1;1;0;1;;;0;0;0;0;0;2;0;0;;12113;ok;ok
Armazem DC Joinville;Armazém Cloud;R. Dona Francisca, 8300 - Distrito Industrial Norte;89219-600;Joinville;;Brazil;-26.2426531;-48.8834796;1;2;Facility;Colocation;;https://www.datacentermap.com/brazil/joinville/armazem-dc-joinville/;;;;;;;;;;;;;;;;;;;;;;;;;;;;;;;;;;;;;0;0;0;0;0;;14436;bloqueado;ok
ASAP SP1;ASAP Telecom;Av. das Nações Unidas, 22540;04795000;São Paulo;SP;Brazil;-23.6761714;-46.6992381;1;2;Facility;Colocation;;https://www.datacentermap.com/brazil/sao-paulo/asap-sp1/;2;2;400;400;2022;Retrofitted;Multi-tenant (mixed use);500;2N;1;1;1;3;;;;;;;;;;;;1;1;1;1;1;1;1;;0;1;0;1;0;0;13;9;0;SP1;2732;ok;ok
Ascenty - Campinas CPS1;Ascenty Data Centers;Avenida Pierre Simon de Laplace, 1211;13069-320;Campinas;;Brazil;-22.848037;-47.153369;1;2;Facility;Colocation;;https://www.datacentermap.com/brazil/campinas/ascenty/;6;6;4998;4998;;;;1200;;1;1;1;3;;2;1;1;1;1;1;1;2;2;2;1;1;1;1;0;1;1;;0;0;0;0;0;0;35;1;1;CPS01;2812;ok;ok
Ascenty Hortolandia Campus;Ascenty Data Centers;R. Papa João Paulo II 4;13185-252;Hortolândia;;Brazil;-22.89580421484941;-47.17949818945308;1;2;Campus;Colocation;;https://www.datacentermap.com/brazil/campinas/ascenty-hortolandia-campus/;;;;;;;;;;;;;;;;;;;;;;;;;;;;;;;;;;;;;0;0;0;0;0;;;bloqueado;ok
Ascenty - Hortolandia HTL6;Ascenty Data Centers;Rua Papa João Paulo II;13185-252;Hortolândia;;Brazil;-22.8961068;-47.181245;1;1;Facility;Colocation;Carrier Neutral;https://www.datacentermap.com/brazil/campinas/ascenty-hortolandia-htl6/;30;30;22984;22984;;Purpose-built;;2520;N+1;1;1;1;;;;;;;;;;;;;1;1;1;1;0;0;1;;0;0;0;0;0;0;1;0;0;HTL06;12197;ok;ok
Ascenty - Hortolandia HTL4;Ascenty Data Centers;Rua Papa João Paulo II, 4;13185-252;Hortolândia;;Brazil;-22.8948579;-47.1789044;1;2;Facility;Colocation;Carrier Neutral;https://www.datacentermap.com/brazil/campinas/ascenty-htl04/;3;3;1997;1997;2021;Retrofitted;;2520;N+1;1;1;1;;;1;1;1;1;1;1;1;2;2;2;1;1;1;1;0;1;1;;0;0;0;0;0;0;1;0;0;HTL04;11686;ok;ok
Ascenty - Hortolandia HTL5;Ascenty Data Centers;Rua Papa João Paulo II, 4;13185-252;Hortolândia;;Brazil;-22.8958925;-47.1801919;1;2;Facility;Colocation;Carrier Neutral;https://www.datacentermap.com/brazil/campinas/ascenty-htl05/;30;30;22984;22984;2022;Purpose-built;;2520;N+1;1;1;1;;;2;1;1;1;1;1;1;2;2;2;1;1;1;1;0;1;1;;0;0;0;0;0;0;1;0;0;HTL05;11687;ok;ok
Ascenty - Jundiai JDI1;Ascenty Data Centers;Rua Presbítero Plínio Alves de Souza, 757;13212-181;Jundiaí;Jundiaí;Brazil;-23.1919541;-46.9742117;1;2;Facility;Colocation;Carrier Neutral;https://www.datacentermap.com/brazil/sao-paulo/ascenty-jundiai1/;15;15;7990;7990;2014;Purpose-built;;1200;;1;1;1;3;;1;1;1;1;1;1;1;2;2;2;1;1;1;1;0;1;1;;0;0;0;0;0;0;11;0;0;JDI01;7582;ok;ok
Ascenty - Jundiai JDI2;Ascenty Data Centers;Av. Beirute, 863;13212-181;Jundiaí;Jundiaí;Brazil;-23.1924667;-46.9729886;1;2;Facility;Colocation;Carrier Neutral;https://www.datacentermap.com/brazil/sao-paulo/ascenty-jundiai2/;13;13;8993;8993;2019;Purpose-built;Sole-tenant;1.526;N+2;1;1;1;3;0;1;1;1;1;1;1;1;2;2;2;1;1;1;1;0;1;1;;0;0;0;0;0;0;2;0;0;JDI02;7583;ok;ok
Ascenty Sao Paulo Capital Campus;Ascenty Data Centers;Av. Roberto Pinto Sobrinho, 350;06276-016;Osasco;;Brazil;-23.490669788951806;-46.77612948633123;1;2;Campus;Colocation;;https://www.datacentermap.com/brazil/sao-paulo/ascenty-sao-paulo-capital-campus/;;;;;;;;;;;;;;;;;;;;;;;;;;;;;;;;;;;;;0;0;0;0;0;;;ok;ok
Ascenty - Sao Paulo SP5;Ascenty Data Centers;Avenida Roberto Pinto Sobrinho, 350;06268-120;Osasco;;Brazil;-23.4892381;-46.7757703;1;2;Facility;Colocation;;https://www.datacentermap.com/brazil/sao-paulo/ascenty-sao-paulo-sp5/;8;8;7000;7000;2026;Retrofitted;;1526;N+1;1;1;1;3;;1;1;1;1;1;1;1;1;2;2;0;1;1;1;0;0;1;;0;0;0;0;0;0;0;1;0;SP05;;ok;ok
Ascenty - Sao Paulo SP6;Ascenty Data Centers;Av. Roberto Pinto Sobrinho, 350;06268-120;Osasco;;Brazil;-23.4906888;-46.7749425;1;1;Facility;Colocation;Carrier Neutral;https://www.datacentermap.com/brazil/sao-paulo/ascenty-sao-paulo-sp6/;18;18;7000;7000;2027;;;1526;N+1;1;1;1;3;;1;;1;;1;;1;2;2;2;;;;;;;;;;;;;0;0;0;0;0;SP06;;bloqueado;ok
Ascenty - Sao Paulo SP7;Ascenty Data Centers;Tbd;06268-120;Osasco;;Brazil;-23.48473731725123;-46.76933685910062;1;0;Facility;Colocation;Carrier Neutral;https://www.datacentermap.com/brazil/sao-paulo/ascenty-sao-paulo-sp7/;22;22;;;;Undefined;;;;;;;;;;;;;;;;;;;1;1;1;1;0;1;1;;0;0;0;0;0;0;0;0;0;;;ok;ok
Ascenty - Sao Paulo SP8;Ascenty Data Centers;Tbd;06268-120;Osasco;;Brazil;-23.48473731725123;-46.76933685910062;1;0;Facility;Colocation;Carrier Neutral;https://www.datacentermap.com/brazil/sao-paulo/ascenty-sao-paulo-sp8/;18;18;;;;Undefined;;;;;;;;;;;;;;;;;;;1;1;1;1;0;1;1;;0;0;0;0;0;0;0;0;0;;;ok;ok
Ascenty - Sao Paulo SP4;Ascenty Data Centers;Avenida Roberto Pinto Sobrinho, 350;06276-016;Osasco;;Brazil;-23.4898885;-46.7752556;1;2;Facility;Colocation;;https://www.datacentermap.com/brazil/sao-paulo/ascenty-sp4/;9;9;7497;7497;2023;Purpose-built;Sole-tenant;1526;N+1;1;1;1;3;;1;;1;;1;;1;2;2;2;1;1;1;1;0;0;1;;0;0;0;0;0;0;89;1;1;SP04;13720;ok;ok
Ascenty - Sumare SUM3;Ascenty Data Centers;Rodovia Anhanguera s/n, Parque das Industrias (Nova Veneza);13177-435;Sumaré;;Brazil;-22.8139696;-47.2115227;1;1;Facility;Colocation;Carrier Neutral;https://www.datacentermap.com/brazil/campinas/ascenty-sum03/;19;19;;;;Purpose-built;;1564;N+1;1;1;1;;;;;;;;;;;;;1;1;1;1;0;1;1;;0;0;0;0;0;0;0;0;0;SUM03;;ok;ok
Ascenty - Sumare SUM4;Ascenty Data Centers;Rodovia Anhanguera s/n, Parque das Industrias (Nova Veneza);13177-435;Sumaré;;Brazil;-22.8145195;-47.2122186;1;1;Facility;Colocation;Carrier Neutral;https://www.datacentermap.com/brazil/campinas/ascenty-sum04/;19;19;;;;Purpose-built;;1564;N+1;1;1;1;;;;;;;;;;;;;1;1;1;1;0;1;1;;0;0;0;0;0;0;0;0;0;SUM04;;ok;ok
Ascenty Sumare Campus;Ascenty Data Centers;Rodovia Anhanguera s/n, Parque das Industrias (Nova Veneza);13177-435;Sumaré;;Brazil;-22.81398445421749;-47.21224965631805;1;2;Campus;Colocation;;https://www.datacentermap.com/brazil/campinas/ascenty-sumare-campus/;;;;;;;;;;;;;;;;;;;;;;;;;;;;;;;;;;;;;0;0;0;0;0;;;bloqueado;ok
Ascenty - Sumare SUM5;Ascenty Data Centers;Rodovia Anhanguera s/n, Parque das Industrias (Nova Veneza);13177-435;Sumaré;;Brazil;-22.8152822;-47.2120903;1;1;Facility;Colocation;Carrier Neutral;https://www.datacentermap.com/brazil/campinas/ascenty-sumare-sum5/;19;19;;;;Purpose-built;;;;1;1;1;;;;;;;;;;;;;;;;;;;;;;;;;0;0;0;0;0;SUM05;;bloqueado;ok
Ascenty - Vinhedo VIN2;Ascenty Data Centers;Av. 2, 50, Quadra G1, Distrito Industrial Benedito Storani;13288-162;Vinhedo;;Brazil;-23.0703237;-47.0129472;1;2;Facility;Colocation;Carrier Neutral;https://www.datacentermap.com/brazil/campinas/ascenty-vin02/;34;34;24991;24991;;Purpose-built;;1526;N+1;1;1;1;3;;1;1;1;1;1;1;1;2;2;2;1;1;1;1;0;1;1;;0;0;0;0;0;1;34;2;1;VIN02;7590;ok;ok
Ascenty Vinhedo Campus;Ascenty Data Centers;Av. 2, 50, Quadra G1, Distrito Industrial Benedito Storani;13288-162;Vinhedo;;Brazil;-23.070314447734205;-47.01239479446002;1;2;Campus;Colocation;;https://www.datacentermap.com/brazil/campinas/ascenty-vinhedo-campus/;;;;;;;;;;;;;;;;;;;;;;;;;;;;;;;;;;;;;0;0;0;0;0;;;bloqueado;ok
Sonda Ativas;Sonda S.A.;Agenério de Araújo st. , 20 Camargos;30140090;Belo Horizonte;MG;Brazil;-19.942833;-44.011552;1;2;Facility;Colocation;;https://www.datacentermap.com/brazil/belo-horizonte/ativas-datacenter-sa/;2.5;2.5;6000;6000;2011;;;;;;;;3;3;1;;;;;;;;;;1;1;1;1;1;1;1;;;0;1;1;0;0;16;0;0;;1775;ok;ok
Ascenty - Vinhedo VIN1;Ascenty Data Centers;Av. 2, 50, Quadra G1, Distrito Industrial Benedito Storani;13288-162;Vinhedo;;Brazil;-23.0700044;-47.0118244;1;2;Facility;Colocation;Carrier Neutral;https://www.datacentermap.com/brazil/campinas/av-2-50-quadra-g1/;27;27;20987;20987;;Purpose-built;;1526;N+2;1;1;1;3;;1;1;1;1;1;1;1;2;2;2;1;1;1;1;0;1;1;;0;0;0;0;0;0;22;1;1;VIN01;7589;ok;ok
Ascenty - Rio de Janeiro RJ1;Ascenty Data Centers;Avenida Coronel Phidias Tavora, 513;21535-510;Rio de Janeiro;-;Brazil;-22.8059441;-43.3480909;1;2;Facility;Colocation;;https://www.datacentermap.com/brazil/rio-de-janeiro/av-cel-phidias-távora-513-1/;15;15;;;2017;Retrofitted;Multi-tenant (data centers only);1564;N+2;1;1;1;3;;1;1;1;1;1;1;1;2;2;2;;;;;;;;;;;;;0;0;7;0;0;RIO01;7592;bloqueado;ok
Ascenty- Rio de Janeiro RJ2;Ascenty Data Centers;R. Mercúrio, 1736;21535-510;Rio de Janeiro;;Brazil;-22.8050847;-43.3484313;1;2;Facility;Colocation;Carrier Neutral;https://www.datacentermap.com/brazil/rio-de-janeiro/av-cel-phidias-távora-513-2/;3;3;3493;3493;2021;Retrofitted;;1564;N+2;1;1;1;0;;1;1;1;1;1;1;1;2;2;2;;;;;;;;;;;;;0;0;5;0;0;RIO02;7593;bloqueado;ok
Ascenty - Sao Paulo SP1;Ascenty Data Centers;Avenida Roberto Pinto Sobrinho, 350;06268-120;Osasco;;Brazil;-23.4920417;-46.7759971;1;2;Facility;Colocation;;https://www.datacentermap.com/brazil/sao-paulo/av-roberto-pinto-sobrinho-350-1/;6;6;3493;3493;2017;Retrofitted;Multi-tenant (data centers only);1526;N+2;1;1;1;3;;1;1;1;1;1;1;1;2;2;2;1;1;1;1;0;1;1;;0;0;0;0;0;0;50;2;1;SP01;7579;ok;ok
Ascenty - Sao Paulo SP2;Ascenty Data Centers;Avenida Roberto Pinto Sobrinho, 350;06268-120;Osasco;;Brazil;-23.4923861;-46.7771987;1;2;Facility;Colocation;Carrier Neutral;https://www.datacentermap.com/brazil/sao-paulo/av-roberto-pinto-sobrinho-350-2/;14;14;8491;8491;2017;Retrofitted;;1526;N+1;1;1;1;3;;1;1;1;1;1;1;1;2;2;2;1;1;1;1;0;1;1;;0;0;0;0;0;0;120;2;0;SP02;7580;ok;ok
Ascenty - Sao Paulo SP3;Ascenty Data Centers;Avenida Roberto Pinto Sobrinho, 350;06268-120;Osasco;;Brazil;-23.491232;-46.7759313;1;2;Facility;Colocation;Carrier Neutral;https://www.datacentermap.com/brazil/sao-paulo/av-roberto-pinto-sobrinho-350-3/;4;4;3995;3995;2020;Retrofitted;;1526;N+2;1;1;1;3;;1;1;1;1;1;1;1;2;2;2;1;1;1;1;0;1;1;;0;0;0;0;0;0;93;1;0;SP03;7581;ok;ok
Avato Joinville;Ávato;Av. Santos Dumont, 935 - Santo Antônio;89223-002;Joinville;;Brazil;-26.26412048317817;-48.85177190343191;1;2;Facility;Colocation;;https://www.datacentermap.com/brazil/joinville/avato-joinville/;;;300;300;2012;Retrofitted;Multi-tenant (mixed use);;;;;;;;;;;;1;;;;;;;;;;;;;;;;;;0;0;4;0;0;;6362;bloqueado;ok
B3 Data Center;B3 S.A. – Brasil, Bolsa, Balcão;R. Ricardo Prudente de Aquino, 85 - Res. Tambore III;06543-004;Santana de Parnaiba;;Brazil;-23.4662448;-46.863993;1;2;Facility;Colocation;;https://www.datacentermap.com/brazil/sao-paulo/b3-data-center/;;;;;;;;;;1;;1;3;3;;;;;;;;;;;;;;;;;;;;;;;0;0;0;1;0;;;bloqueado;ok
BRDrive Data Center;BRDrive;R. Frederico Bortolaz, 971 - Panazzolo;89566-060;Videira;;Brazil;-27.0019197;-51.16753689999999;1;2;Facility;Colocation;;https://www.datacentermap.com/brazil/videira/brdrive-data-center/;;;;;;;;;;;;;;;;;;;;;;;;;;;1;1;1;;1;;;;;;0;0;1;0;0;;5888;ok;ok
BRDrive - Santa Catarina - VDA;BRDrive;Rua Frederico Bortolaz;89566060;Videira;SC;Brazil;-27.0018484;-51.1675386;1;2;Facility;Colocation;;https://www.datacentermap.com/brazil/videira/brdrive-sc-vda/;0.5;0.5;100;100;2015;;Multi-tenant (data centers only);;N+1;1;1;1;3;;;;;;;;;;;;0;0;0;0;1;0;1;;0;1;1;0;0;0;0;1;0;;;ok;ok
Pecém Data Center;Casa dos Ventos;Complexo Industrial e Portuário do Pecém;62670-000;São Gonçalo do Amarante;;Brazil;-3.653321;-38.8251428;1;1;Facility;Colocation;Hyperscale-Ready;https://www.datacentermap.com/brazil/fortaleza/casa-dos-ventos-data-center/;900;900;;;2027;;;;;;;;;;;;;;;;;;;;;;;;;;;;;;;;0;0;0;0;0;;;bloqueado;ok
CDZNet Data Center;cdznet data center;R. Independência, 2472;15025-095;Sao Jose do Rio Preto;SP;Brazil;-20.8119075;-49.3886276;1;2;Facility;Colocation;;https://www.datacentermap.com/brazil/sao-paulo/cdznet-data-center/;;;;;;;;;;;;;;;;;;;;;;;;;1;1;1;1;1;1;1;;;0;1;1;0;0;0;0;0;;;ok;ok
Century CEM-DC01;Century Telecom LTDA;José Permínio da Silva st., 80;32341590;Contagem;Minas Gerais;Brazil;-19.9305832;-44.0614069;1;2;Facility;Colocation;;https://www.datacentermap.com/brazil/belo-horizonte/century-cem-dc01/;;;;;;;;;;;;;;;;;;;;;;;;;0;1;1;1;1;0;1;;;1;1;1;0;0;0;0;0;;;ok;ok
Cirion CUR1;Cirion;R. do Semeador, 350;81270;Curitiba;Paraná;Brazil;-25.4703512;-49.3502146;1;2;Facility;Colocation;Carrier Neutral, Hyperscale-Ready;https://www.datacentermap.com/brazil/curitiba/cirion-cur1/;1;1;662;662;;;Sole-tenant;;N+1;1;1;1;;;2;1;;1;1;;;;;;;;;;;;;;;;;;0;0;23;0;0;CUR1;1564;bloqueado;ok
Cirion RIO2;Cirion;Av. Pedro II, 235;20941;Rio de Janeiro;;Brazil;-22.9049036;-43.2159206;1;2;Facility;Colocation;Carrier Neutral, Hyperscale-Ready;https://www.datacentermap.com/brazil/rio-de-janeiro/cirion-rio2/;60;60;3310;3310;2026;Purpose-built;Sole-tenant;;N+1;1;1;1;0;;;;;;;;;;;;;;;;;;;;;;;;0;0;0;0;0;RIO2;;bloqueado;ok
Claro Data Center LAPA;Claro;R. Aldo de Azevedo, 200 - Vila Madalena;05453-030;São Paulo;;Brazil;-23.54195739494818;-46.70931247916715;1;2;Facility;Colocation;;https://www.datacentermap.com/brazil/sao-paulo/claro-lapa/;;;;;2012;Purpose-built;Sole-tenant;;;;;;3;3;;;;;;;;;;;;;;;;;;;;;;;0;0;0;0;0;;;bloqueado;ok
ClickIP Datacenters;ClickIP Datacenters;Rua Presidente João Batista Figueiredo, 15;69058695;Manaus;AMAZONAS;Brazil;-3.0553292;-59.990585;1;2;Facility;Colocation;;https://www.datacentermap.com/brazil/manaus/clickip-datacenters/;;;;;;;;;;;;;;;;;;;;;;;;;;;;;;;;;;;;;0;0;1;0;0;;15825;bloqueado;ok
CloudHQ GIG1;CloudHQ;R. Maria Soares Sendas, Parque Barreto;25586-140;São João de Meriti;;Brazil;-22.79429627273789;-43.35038030225854;1;0;Facility;Colocation;;https://www.datacentermap.com/brazil/rio-de-janeiro/cloudhq-gig1/;36;36;28735;28735;;;;;;;;;;;;;;;;;;;;;1;1;1;0;0;0;0;;;0;0;0;0;0;0;0;0;GIG1;;ok;ok
CloudHQ GRU Campus;CloudHQ;Parque das Indústrias;13140-0000;Paulínia;;Brazil;-22.77138788859079;-47.10601347144599;1;1;Campus;Colocation;;https://www.datacentermap.com/brazil/campinas/cloudhq-gru-campus/;288;288;;;;Purpose-built;;;;;;;;;;;;;;;;;;;;;;;;;;;;;;;0;0;0;0;0;;;ok;ok
CloudHQ GRU1;CloudHQ;Parque das Indústrias;13140-0000;Paulínia;;Brazil;-22.7725025;-47.1082519;1;1;Facility;Colocation;;https://www.datacentermap.com/brazil/campinas/cloudhq-gru1/;48;48;18055;18055;;Purpose-built;;;;;;;;;;;;;;;;;;;1;1;1;0;0;0;0;;0;0;0;0;0;0;0;0;0;GRU1;;ok;ok
CloudHQ GRU2;CloudHQ;Parque das Indústrias;13140-0000;Paulínia;;Brazil;-22.773284;-47.1068786;1;1;Facility;Colocation;;https://www.datacentermap.com/brazil/campinas/cloudhq-gru2/;48;48;18055;18055;;Purpose-built;;;;;;;;;;;;;;;;;;;1;1;1;0;0;0;0;;0;0;0;0;0;0;0;0;0;GRU2;;ok;ok
CloudHQ GRU3;CloudHQ;Parque das Indústrias;13140-0000;Paulínia;;Brazil;-22.7716023;-47.104486;1;1;Facility;Colocation;;https://www.datacentermap.com/brazil/campinas/cloudhq-gru3/;48;48;18055;18055;;Purpose-built;;;;;;;;;;;;;;;;;;;1;1;1;0;0;0;0;;0;0;0;0;0;0;0;0;0;GRU3;;ok;ok
CloudHQ GRU4;CloudHQ;Parque das Indústrias;13140-000;Paulínia;;Brazil;-22.770555;-47.102456;1;0;Facility;Colocation;Hyperscale-Ready;https://www.datacentermap.com/brazil/campinas/cloudhq-gru4/;48;48;;;;;;;;;;;;;;;;;;;;;;;;;;;;;;;;;;;0;0;0;0;0;GRU4;;bloqueado;ok
CloudHQ GRU5;CloudHQ;Parque das Indústrias;13140-000;Paulínia;;Brazil;-22.76951;-47.10069;1;0;Facility;Colocation;Hyperscale-Ready;https://www.datacentermap.com/brazil/campinas/cloudhq-gru5/;48;48;;;;;;;;;;;;;;;;;;;;;;;;;;;;;;;;;;;0;0;0;0;0;GRU5;;bloqueado;ok
CloudHQ GRU6;CloudHQ;Parque das Indústrias;13140-000;Paulínia;;Brazil;-22.768695;-47.101916;1;0;Facility;Colocation;Hyperscale-Ready;https://www.datacentermap.com/brazil/campinas/cloudhq-gru6/;48;48;;;;;;;;;;;;;;;;;;;;;;;;;;;;;;;;;;;0;0;0;0;0;GRU6;;bloqueado;ok
Novvacore Data Center;Novvacore;Rua Professor Filadelfo de Azevedo 712;04508011;Sao Paulo;Sao Paulo;Brazil;-23.5877666;-46.6706535;1;2;Facility;Colocation;;https://www.datacentermap.com/brazil/sao-paulo/cma/;2;2;400;400;1990;Purpose-built;Sole-tenant;;;;;;3;;;;;;;;;;;;;;;;;;;;;;;;0;0;0;1;0;;;bloqueado;ok
Connect Web Data Center;Connect Web;Av. das Nações Unidas, 12995;04578-000;São Paulo;;Brazil;-23.6055862;-46.6960933;1;2;Facility;Colocation;;https://www.datacentermap.com/brazil/sao-paulo/connect-web/;;;;;;Retrofitted;Multi-tenant (mixed use);;;;;;3;;;;;;;;;;;;;;;;;;;;;;;;0;0;0;0;1;;;bloqueado;ok
Constel Cascavel Centro;Constel Tecnologia;Rua Minas Gerais, 1932 - Centro;85812-030;Cascavel;Parana;Brazil;-24.9480313;-53.4498304;1;2;Facility;Colocation;;https://www.datacentermap.com/brazil/cascavel/constel-tecnologia-minas/;;;;;;;;;;;;;;;;;;;;;;;;;;;;;;;;;;;;;0;0;0;0;0;;;bloqueado;ok
Constel Cascavel Country;Constel Tecnologia;Rua Pará, 812 - Country;85813-060;Cascavel;Parana;Brazil;-24.9393548;-53.4416307;1;2;Facility;Colocation;;https://www.datacentermap.com/brazil/cascavel/constel-tecnologia-para/;;;;;;;;;;;;;;;;;;;;;;;;;;;;;;;;;;;;;0;0;2;0;1;;8518;bloqueado;ok
Contato Data Center;Contato Data Center;Rua Doutor Américo Cavalcante Rabello, 241;88901052;Araranguá;Santa Catarina;Brazil;-28.9420155;-49.4979287;1;2;Facility;Colocation;;https://www.datacentermap.com/brazil/ararangu/contato-cloud/;;;;;;;;;;;;;;;;;;;;;;;;;1;1;1;1;1;1;1;;;1;1;1;0;0;0;0;0;;;ok;ok
Convex IDC Ribeirão Preto;Convex Internet Solutions;R. Bernardino de Campos, 1001;14015-130;Ribeirao Preto;SP;Brazil;-21.1852257;-47.8081915;1;2;Facility;Colocation;;https://www.datacentermap.com/brazil/ribeirao-preto/convex-idc-rpo/;;;;;;;;;;;;;3;;;;;;;;;;;;;;;;;;;;;;;;0;0;0;0;0;iDC-RPO;4167;bloqueado;ok
COPE-P Brasilia;Telebras;St. de Habitações Individuais Sul;70200-001;Brasília;;Brazil;-15.85834223206172;-47.89905002324178;1;2;Facility;Government;;https://www.datacentermap.com/brazil/brasilia/cope-p/;17.5;17.5;4500;4500;;Purpose-built;Sole-tenant;;2N;;;;4;4;;;;;;;;;;;;;1;1;0;;;;;1;;;0;0;0;0;0;;;ok;ok
COPE-S Rio de Janeiro;Telebras;Rua Américo Goulart - Cacuia;21930-700;Rio de Janeiro;;Brazil;-22.82647149440208;-43.17830367112702;1;2;Facility;Government;;https://www.datacentermap.com/brazil/rio-de-janeiro/cope-s/;;;;;;Purpose-built;Sole-tenant;;;;;;;;;;;;;;;;;;;;1;1;0;;;;;1;;;0;0;0;0;0;;;ok;ok
CWB-HN 01;Hosting Now;Rua Brasílio Itiberê 2217;80230050;Curitiba;Paraná;Brazil;-25.44583383579607;-49.26575676773692;1;2;Facility;Colocation;;https://www.datacentermap.com/brazil/curitiba/cwbhn-01/;;;2000;2000;2022;;;;;1;1;1;;;;;;;;;;;;;;;;;;;;;;;;;0;0;0;1;0;;;bloqueado;ok
Locaweb Data Center Itapaiuna;Locaweb S/A;Rua Itapaiuna, 2434;05707-001;Sao Paulo;São Paulo;Brazil;-23.6416742;-46.7288851;1;2;Facility;Colocation;;https://www.datacentermap.com/brazil/sao-paulo/datacenter-locaweb-itapaiuna/;2.5;2.5;;;;;;;;1;;1;;;;;;;;;;;;;;;;;;;;;;;;;0;0;4;0;0;;11721;bloqueado;ok
Locaweb Data Center JK;Locaweb S/A;Av. Presidente Juscelino Kubitscheck, 1830 1º Andar;04543-900;São Paulo;São Paulo;Brazil;-23.5910194;-46.6866995;1;2;Facility;Colocation;;https://www.datacentermap.com/brazil/sao-paulo/datacenter-locaweb-jk/;;;;;;;;;;1;;1;;;;;;;;;;;;;0;0;0;0;0;0;0;;;0;1;1;0;0;0;0;0;;;ok;ok
Avato Santa Maria;Ávato;Av. Fernando Ferrari, 1280 - Nossa Sra. de Lourdes;97050-800;Santa Maria;RS;Brazil;-29.6957946;-53.7978236;1;2;Facility;Colocation;;https://www.datacentermap.com/brazil/santa-maria/dc-coracao-do-rio-grande/;;;;;;Purpose-built;Sole-tenant;;;;;;;;;;;;;;;;;;0;0;1;1;1;0;1;;0;0;1;1;0;0;2;0;0;;5927;ok;ok
Ultranet Telecom DC Fortaleza;Ultranet Telecom;Av. Santos Dumont, 2122;60150-161;Fortaleza;Aldelota;Brazil;-3.7344285;-38.5049194;1;2;Facility;Colocation;;https://www.datacentermap.com/brazil/fortaleza/dc-ultranet-telecom/;;;;;;;;;;;;;;;;;;;;;;;;;;;;;;;;;;;;;0;0;0;0;0;;;bloqueado;ok
Ultranet Telecom DC Centro;Ultranet Telecom;Av. Pres. Vargas, 3131;20210-030;Centro;Rio de Janeiro;Brazil;-22.9101794;-43.2044016;1;2;Facility;Colocation;;https://www.datacentermap.com/brazil/rio-de-janeiro/dc-ultranet-telecom1/;;;;;;;;;;;;;;;;;;;;;;;;;0;1;1;1;0;0;0;;;0;1;1;0;0;0;0;0;;;ok;ok
DSI - PAE-A01;DSI Internet;R. Mostardeiro, 265 - Rio Branco;90430001;Porto Alegre;Rio Grande do Sul;Brazil;-30.0290429;-51.2045037;1;2;Facility;Colocation;;https://www.datacentermap.com/brazil/porto-alegre/dsi-pae-a01/;;;;;;;;;;;;;;;;;;;;;;;;;;;;;;;;;;;;;0;0;0;0;0;;;bloqueado;ok
Edge Connection - CPS01;Edge Connection;Rua Angelo Sellin, 401;13098422;Campinas;Sao Paulo;Brazil;-22.8148445;-47.0287932;1;2;Facility;Colocation;;https://www.datacentermap.com/brazil/campinas/edge-connection--cps01/;;;;;;;;;2N;;;;3;;;;;;;;;;;;;;;;;;;;;;;;0;0;0;0;0;;;bloqueado;ok
Elea BEL1;Elea Data Centers;508, Passagem Belo Horizonte, 256 - Barreiro;66117-130;Belém;;Brazil;-1.41264568658525;-48.48808399344105;1;0;Facility;Colocation;;https://www.datacentermap.com/brazil/belem/elea-bel1/;100;100;;;2027;Purpose-built;Sole-tenant;;;;;;;;;;;;;;;;;;0;1;1;1;0;0;1;;0;1;0;0;0;0;0;0;0;;;ok;ok
Elea BSB1;Elea Data Centers;Scn Q 3;70297;Brasilia;DF;Brazil;-15.7883222;-47.8855136;1;2;Facility;Colocation;;https://www.datacentermap.com/brazil/brasilia/elea-digital-bsb1/;4;4;;;;Purpose-built;;1200;N+1;;1;;;;1;;;;1;;;;2;2;0;1;1;1;0;0;1;;0;1;0;0;0;0;12;0;0;BSB1;11611;ok;ok
Elea BSB2;Elea Data Centers;Sig Q 2;70610;Brasilia;DF;Brazil;-15.7894869;-47.9115011;1;2;Facility;Colocation;;https://www.datacentermap.com/brazil/brasilia/elea-digital-bsb2/;4.5;4.5;;;;Purpose-built;;1200;N+1;;1;;3;;1;;;;1;;;;2;2;0;1;1;1;0;0;1;;0;1;0;0;0;1;36;0;1;BSB2;11610;ok;ok
Elea CTA1;Elea Data Centers;Tv. Teixeira de Freitas 73;80410;Curitiba;Paraná;Brazil;-25.4247684;-49.2811411;1;2;Facility;Colocation;;https://www.datacentermap.com/brazil/curitiba/elea-digital-cta1/;1.7;1.7;;;;Purpose-built;;1200;N+1;;1;;;;1;;;;1;;;;2;2;;;;;;;;;;;;;0;0;8;0;0;CTA1;11613;bloqueado;ok
Elea POA1;Elea Data Centers;Rua Engenheiro Afonso Cavalcanti 100;90440;Porto Alegre;Rio Grande do Sul (RS);Brazil;-30.0344071;-51.1911759;1;2;Facility;Colocation;Carrier Neutral;https://www.datacentermap.com/brazil/porto-alegre/elea-digital-poa1/;1.5;1.5;;;;Retrofitted;;1200;N+1;1;1;;;;1;;;;1;;;;2;2;0;1;1;1;1;0;1;;0;1;0;0;0;0;11;0;0;POA1;11612;ok;ok
Elea POA2;Elea Data Centers;R. Voluntários da Pátria 1555;90030;Porto Alegre;Rio Grande do Sul (RS);Brazil;-30.0204138;-51.214324;1;2;Facility;Colocation;Carrier Neutral;https://www.datacentermap.com/brazil/porto-alegre/elea-digital-poa2/;7;7;;;;Retrofitted;;1200;N+1;1;1;;3;;1;;;;1;;;2;;;0;1;1;1;0;0;1;;0;1;0;0;0;0;3;0;0;POA2;12984;ok;ok
Elea RJO1;Elea Data Centers;R. Vargem Grande 100;22775;Rio de Janeiro;Rio de Janeiro;Brazil;-22.9683248;-43.3805263;1;2;Facility;Colocation;;https://www.datacentermap.com/brazil/rio-de-janeiro/elea-digital-rjo1/;;;;;2016;Purpose-built;;1200;N+1;;1;;3;3;1;;;;1;;;;;;;;;;;;;;;;;;0;0;40;0;0;RJO1;5375;bloqueado;ok
Elea SPO1;Elea Data Centers;Av. Guido Caloi 1000;05802;Sao Paulo;;Brazil;-23.6518054;-46.7261678;1;2;Facility;Colocation;;https://www.datacentermap.com/brazil/sao-paulo/elea-digital-spo1/;3.5;3.5;;;;Retrofitted;;1200;N+1;;1;;3;;1;;;;1;;;;2;2;0;1;1;1;0;0;1;;0;1;0;0;0;0;16;0;0;SPO1;11609;ok;ok
Elea SPO2;Elea Data Centers;Av. Marginal Direita Anchieta, 1241;09891;São Bernardo do Campo;;Brazil;-23.6774468;-46.5725548;1;2;Facility;Colocation;;https://www.datacentermap.com/brazil/sao-paulo/elea-digital-spo2/;5;5;;;;;Sole-tenant;;;;;;;;;;;;;;;;;;;;;;;;;;;;;;0;0;1;0;0;SPO2;15433;bloqueado;ok
Elea SPO3;Elea Data Centers;Al. Rio Negro, 530;06454;Barueri;;Brazil;-23.5013594;-46.8473233;1;2;Facility;Colocation;;https://www.datacentermap.com/brazil/sao-paulo/elea-digital-spo3/;5;5;;;2001;Purpose-built;Sole-tenant;;;;;;;;;;;;;;;;;;;;;;;;;;;;;;0;0;0;0;0;SPO3;15772;bloqueado;ok
Elea RJO2;Elea Data Centers;Est. Arroio Pavuna, 1993-1787;22775-020;Rio de Janeiro;;Brazil;-22.96681659168444;-43.38080634198599;1;1;Facility;Colocation;;https://www.datacentermap.com/brazil/rio-de-janeiro/elea-rjo2/;80;80;;;;Purpose-built;;;;;;;;;;;;;;;;;;;0;0;1;0;0;0;0;;0;0;0;0;0;0;0;0;0;RJO2;;ok;ok
Elea RJO3;Elea Data Centers;Est. Arroio Pavuna, 1464-1786;22775-020;Rio de Janeiro;;Brazil;-22.96527862278515;-43.38160795485794;1;0;Facility;Colocation;;https://www.datacentermap.com/brazil/rio-de-janeiro/elea-rjo3/;;;;;;Purpose-built;;;;;;;;;;;;;;;;;;;0;0;1;0;0;0;0;;0;0;0;0;0;0;0;0;0;RJO3;;ok;ok
Elea RJO4;Elea Data Centers;Est. Arroio Pavuna, 1464-1786;22775-020;Rio de Janeiro;;Brazil;-22.96352534540635;-43.38217515289966;1;0;Facility;Colocation;;https://www.datacentermap.com/brazil/rio-de-janeiro/elea-rjo4/;;;;;;Purpose-built;;;;;;;;;;;;;;;;;;;0;0;1;0;0;0;0;;0;0;0;0;0;0;0;0;0;RJO4;;ok;ok
Enegix Piauí;Enegix;ZPE Parnaíba;64913-901;Parnaíba;;Brazil;-2.956195978406484;-41.76979620360595;1;0;Facility;Enterprise;Crypto Mining;https://www.datacentermap.com/brazil/parnaiba/enegix-piau/;100;100;;;;Purpose-built;Sole-tenant;;;;;;;;;;;;;;;;;;;;;;;;;;;;;;0;0;0;0;0;;;bloqueado;ok
Engetronics Brasilia;ENGETRONICS INTERNET DATACENTER;Setor Hoteleiro Norte, Qd 2 Bl H;70702905;Brasilia;DF;Brazil;-15.7892783;-47.8863236;1;2;Facility;Colocation;;https://www.datacentermap.com/brazil/brasilia/engetronics-brasilia/;;;;;;Retrofitted;Multi-tenant (mixed use);;;;;;;;;;;;;;;;;;0;0;1;1;1;0;1;;0;0;1;1;0;0;0;0;0;;;ok;ok
Equinix RJ1;Equinix;Rua Voluntarios da Patria, 360, Botafogo;22270-010;Rio de Janeiro;Rio de Janeiro;Brazil;-22.95490599063348;-43.19455146789551;1;2;Facility;Colocation;;https://www.datacentermap.com/brazil/rio-de-janeiro/equinix-rj1/;;;1400;1400;;Retrofitted;;;;;;;;;2;;;;1;;;;;;;;;;;;;;;;;;1;0;62;0;0;RJ1;1586;bloqueado;ok
Equinix RJ2;Equinix;Estrada Adhemar Bebiano, 1380, Del Castilho;21051-070;Rio de Janeiro;Rio de Janeiro;Brazil;-22.87137100666576;-43.2732367515564;1;2;Facility;Colocation;;https://www.datacentermap.com/brazil/rio-de-janeiro/equinix-rj2/;;;2850;2850;2013;Purpose-built;;;;;;;3;3;2;;;;1;;;;;;;;;;;;;;;;;;1;0;191;4;1;RJ2;1899;bloqueado;ok
Equinix RJ3;Equinix;Rua Maria Soares Sendas, 6-B/2;25575-825;São João de Meriti;;Brazil;-22.7963142;-43.3485363;1;2;Facility;Colocation;Carrier Neutral;https://www.datacentermap.com/brazil/rio-de-janeiro/equinix-rj3/;;;1467;1467;2025;Purpose-built;;;N+2;1;1;1;;;;;;;;;;;;;;;;;;;;;;;;;0;0;6;0;0;RJ3;15048;bloqueado;ok
Equinix SP1;Equinix;Rua Doutor Miguel Couto, 58, Centro;01008-010;São Paulo;SP;Brazil;-23.54601881056474;-46.63581758737564;1;2;Facility;Colocation;;https://www.datacentermap.com/brazil/sao-paulo/equinix-sp1/;;;1664;1664;1998;Retrofitted;Multi-tenant (mixed use);;N+1;1;1;1;;;2;;;;1;;;;;;0;1;1;1;1;0;1;;0;0;1;1;1;0;90;2;1;SP1;1585;ok;ok
Equinix SP2;Equinix;Alameda Araguaia, 3641 Tamboré;06455-000;Barueri;São Paulo;Brazil;-23.50295173401723;-46.8272066116333;1;2;Facility;Colocation;;https://www.datacentermap.com/brazil/sao-paulo/equinix-sp2/;;;3660;3660;2017;;;;;;;;3;3;2;;;;1;;;;;;0;1;1;1;1;0;1;;0;0;1;1;1;0;267;4;1;SP2;1283;ok;ok
Equinix SP3;Equinix;Av. Marcos Penteado de Ulhôa Rodrigues, 249;06543-001;Santana do Parnaíba;SP;Brazil;-23.46633659842699;-46.86304092407227;1;2;Facility;Colocation;;https://www.datacentermap.com/brazil/sao-paulo/equinix-sp3/;13.3;13.3;9000;9000;2017;Purpose-built;;;;;;;3;3;2;;;;1;;;;;;0;1;1;1;1;0;1;;0;0;1;1;1;0;147;1;3;SP3;4309;ok;ok
Equinix SP4;Equinix;Av. Ceci, 1900 - Res. Tambore, Tamboré;06460-120;Barueri;São Paulo;Brazil;-23.49343730305815;-46.80943965911865;1;2;Facility;Colocation;;https://www.datacentermap.com/brazil/sao-paulo/equinix-sp4/;;;10704;10704;;Purpose-built;;;;;;;;;2;;;;1;;;;;;0;1;1;1;1;0;1;;0;0;1;0;1;1;650;8;4;SP4;165;ok;ok
Equinix SP5x;Equinix;Av. Marcos Penteado de Ulhôa Rodrigues, 888;06543-001;Santana de Parnaíba;;Brazil;-23.46393786425595;-46.8626817427955;1;2;Facility;Colocation;;https://www.datacentermap.com/brazil/sao-paulo/equinix-sp5x/;14.4;14.4;5087;5087;2021;;;;N+2;1;1;1;;;2;1;;1;1;;1;2;2;;1;1;1;0;0;0;1;;0;0;0;0;0;0;1;0;0;SP5x;14845;ok;ok
Equinix SP6;Equinix;Av. Marcos Penteado de Ulhoa Rodrigues, 1413;06544;Santana de Parnaíba;;Brazil;-23.4617951;-46.8571846;1;2;Facility;Colocation;;https://www.datacentermap.com/brazil/sao-paulo/equinix-sp6/;;;2975;2975;2026;Purpose-built;Sole-tenant;;;;;;;;;;;;;;;;;;;;;;;;;;;;;;0;0;3;0;0;SP6;15047;bloqueado;ok
Equinix SP7;Equinix;Av. Marcos Penteado de Ulhoa Rodrigues, 1413;06544;Santana de Parnaíba;;Brazil;-23.46273037128772;-46.85742464143956;1;1;Facility;Colocation;;https://www.datacentermap.com/brazil/sao-paulo/equinix-sp7/;;;;;;;;;;;;;;;;;;;;;;;;;;;;;;;;;;;;;0;0;0;0;0;;;ok;ok
Everest Digital Data Center;Everest Digital;Av. Fued José Sebba, 700 - Térreo 2 - Jardim Goiás;74805-100;Goiânia;;Brazil;-16.68937263321776;-49.24135147797131;1;2;Facility;Colocation;;https://www.datacentermap.com/brazil/goiania/everest-digital-data-center/;;;;;;;;;;;;;3;3;;;;;;;;;;;;;;;;;;;;;;;0;0;0;0;0;;;bloqueado;ok
EVO-CTA-01;Grupo EVO;105 R. Álvaro Maravalhas;81270750;Curitiba;Paraná;Brazil;-25.4702121;-49.3513786;1;2;Facility;Colocation;AI-Ready;https://www.datacentermap.com/brazil/curitiba/evo-cta-01/;;;;;2025;Retrofitted;Sole-tenant;;N;1;1;;2;;;;;;;;;;;;;;;;;;;;;;;;0;0;0;0;0;;;bloqueado;ok
FERENZ NETWORKS SERVIÇOS DE INTERNET LTDA;Ferenz Networks;Rua Governador Irineu Bornhausen, 473, Bairro Germânico;89825000;Xaxim;SC;Brazil;-26.968319;-52.5254562;1;2;Facility;Colocation;;https://www.datacentermap.com/brazil/xaxim/ferenz-networks/;;;450;450;;Purpose-built;Sole-tenant;;N+1;1;;1;1;;;;;;;;;;;;1;1;1;1;1;0;0;;0;0;1;1;0;0;5;0;0;;6871;ok;ok
Cirion RIO1;Cirion;Av. Pedro II, 329;20910;Rio de Janeiro;;Brazil;-22.9049983;-43.2179064;1;2;Facility;Colocation;Carrier Neutral, Hyperscale-Ready;https://www.datacentermap.com/brazil/rio-de-janeiro/gblx-rio/;20;20;5112;5112;2001;Retrofitted;Sole-tenant;;N+1;1;1;1;3;;2;1;;1;1;;;;;;;;;;;;;;;;;;0;0;121;1;2;RIO1;1374;bloqueado;ok
GetTI Data Center;GetCard Provedora de Transações Eletrônicas;Av. Advogado Horacio Racanello Filho, 5570;87020-035;Maringa;Parana;Brazil;-23.4179188;-51.9354338;1;2;Facility;Colocation;;https://www.datacentermap.com/brazil/maringa/getcard-data-center/;;;;;;;;;;;;;;;;;;;;;;;;;;;;;;;;;;;;;0;0;1;1;0;;4057;bloqueado;ok
GOX DATA CENTER LTDA;GOX DATA CENTER LTDA;Rua Zezé Lima, 212;35680045;Itaúna;MG;Brazil;-20.070645;-44.5765583;1;2;Facility;Colocation;;https://www.datacentermap.com/brazil/itauna/gox-dc/;;;;;;;;;;;;;;;;;;;;;;;;;;;;;;;;;;;;;0;0;0;0;0;;;bloqueado;ok
Vivo Curitiba Data Center;Vivo;Rua Francisco Nunes, 1395;80215-000;Curitiba;Paraná;Brazil;-25.453427;-49.253815;1;2;Facility;Colocation;AI-Ready;https://www.datacentermap.com/brazil/curitiba/gvt-curitiba/;;;200;200;2011;Retrofitted;Sole-tenant;;;;;;3;;;;;;;;;;;;;;;;;;;;;;;;0;0;0;1;0;;;bloqueado;ok
Vivo Rio de Janeiro Data Center;Vivo;Rua Sara, 36;20220-090;Rio de Janeiro;Rio de Janeiro;Brazil;-22.9032603;-43.2044208;1;2;Facility;Colocation;;https://www.datacentermap.com/brazil/rio-de-janeiro/gvt-rio-de-janeiro/;;;200;200;2011;Retrofitted;Sole-tenant;;;;;;3;;;;;;;;;;;;1;1;1;1;1;1;1;;;0;1;1;0;0;0;1;0;;;ok;ok
Vivo São Paulo - Guarulhos Data Center;Vivo;Rua Doutor Timóteo Penteado, 976;07094-000;Guarulhos;São Paulo;Brazil;-23.456573;-46.537871;1;2;Facility;Colocation;;https://www.datacentermap.com/brazil/sao-paulo/gvt-sao-paulo/;;;200;200;2011;Retrofitted;Sole-tenant;;;;;;3;;;;;;;;;;;;;;;;;;;;;;;;0;0;0;2;0;;;bloqueado;ok
Hasest SIA;Hasest;SIA Trecho 05, Lotes 05/35;71205-050;Brasilia;DF;Brazil;-15.7980495;-47.9500677;1;2;Facility;Colocation;;https://www.datacentermap.com/brazil/brasilia/hasest-sia/;;;;;;;;;;;;;;;;;;;;;;;;;1;1;1;1;1;0;1;;0;1;1;1;0;0;0;0;0;;;ok;ok
HEXAM2;HEXAM2;Rua Ceara, 356;20270-160;Rio de Janeiro;RJ;Brazil;-22.91009621308617;-43.20449709892273;1;2;Facility;Colocation;;https://www.datacentermap.com/brazil/rio-de-janeiro/hexam2/;;;;;2013;Purpose-built;Multi-tenant (data centers only);;;;;;2;2;;;;;;;;;;;0;1;1;1;1;1;1;;;0;1;1;0;0;0;0;0;;;ok;ok
HostDime Brazil (João Pessoa);HostDime Global Corp;Av São Paulo, 1223;58020500;João Pessoa;Paraiba;Brazil;-7.115262;-34.880473;1;2;Facility;Colocation;;https://www.datacentermap.com/brazil/joao-pessoa/hostdime-brazil/;1.5;1.5;1858;1858;2017;;;;;1;1;1;3;3;;;;;;;;;;;;;;;;;;;;;;;0;0;11;0;1;;5210;bloqueado;ok
HostDime Brazil (São Paulo);HostDime Global Corp;Av. Eid Mansur, 666 - Parque Sao George;06708-070;Cotia;;Brazil;-23.5979056;-46.8488169;1;2;Facility;Colocation;Carrier Neutral;https://www.datacentermap.com/brazil/sao-paulo/hostdime-so-paulo/;5.9;5.9;2323;2323;2013;;Multi-tenant (data centers only);;N+1;1;1;1;3;3;1;;;;1;;;2;2;;1;1;1;1;1;1;1;;0;0;1;1;0;0;0;0;0;;;ok;ok
Hostweb Fortaleza;Hostweb;R. Vitóriano Borges, 455;60741-370;Fortaleza;;Brazil;-3.781561141089867;-38.55193468110386;1;2;Facility;Colocation;;https://www.datacentermap.com/brazil/fortaleza/hostweb-fortaleza/;;;;;;;;;;;;;3;;;;;;1;;;;;;;;;;;;;;;;;;0;0;2;0;0;;8277;bloqueado;ok
Hostzone CGE1;Hostzone;R. Paulo de Frontin, 75 - Centro;58400-310;Campina Grande;Paraiba;Brazil;-7.2280191;-35.8828993;1;2;Facility;Colocation;;https://www.datacentermap.com/brazil/campina-grande/hostzone-cge1/;;;;;;;;;;;;;;;;;;;;;;;;;0;0;1;1;1;0;1;;0;0;1;1;0;0;2;1;0;;14059;ok;ok
HOTlink Internet Data Center;hotlink internet ltda;Rua Manoel Bezerra, 165;50610250;Recife;Pernambuco;Brazil;-8.055152;-34.9105355;1;2;Facility;Colocation;;https://www.datacentermap.com/brazil/recife/hotlink-internet/;;;;;;Purpose-built;Sole-tenant;;;1;;;;;;;;;;;;;;;;;;;;;;;;;;;0;0;2;0;0;;10656;bloqueado;ok
Hunti CTA1;Hunti Data;Av. Republica Argentina, 1505;80620010;Curitiba;Paraná;Brazil;-25.4598581;-49.2889804;1;2;Facility;Colocation;;https://www.datacentermap.com/brazil/curitiba/hunti-cta1/;;;;;;;;;;;;;;;;;;;;;;;;;;;;;;;;;;;;;0;0;0;0;0;;;bloqueado;ok
IDC Centro;Reitec Fibra;SRTVS 701 Bloco O 2 andar;70340000;Brasília ;;Brazil;-15.7978188;-47.8949725;1;2;Facility;Colocation;Hyperscale-Ready;https://www.datacentermap.com/brazil/brasilia/idc-centro/;;;;;;;;;;;;;;;;;;;;;;;;;1;1;1;1;1;1;1;;0;1;1;1;0;0;0;0;0;;;ok;ok
IDX Data Centers & IT Services;IDX Data Centers & IT Services;Q. 103 Sul Rua SO 5, 274 - Plano Diretor Sul; 77015;Palmas;Tocantins;Brazil;-10.1875328;-48.340776;1;2;Facility;Colocation;;https://www.datacentermap.com/brazil/palmas/idx-data-centers-it-services/;1.2;1.2;250;250;2022;Purpose-built;Multi-tenant (mixed use);;N+1;1;1;1;3;;;1;;;1;;;;;;;;;;;;;;;;;;0;0;5;0;0;;13806;bloqueado;ok
IPXON Fortaleza;IPXON Networks;R. Quatorze, 1161 - Fortaleza;61919-120;Fortaleza;;Brazil;-3.8308368;-38.6112238;1;2;Facility;Colocation;Carrier Neutral;https://www.datacentermap.com/brazil/fortaleza/ipxon-fortaleza/;27;27;1900;1900;2021;Purpose-built;Multi-tenant (data centers only);;2N+2;1;;1;3;;;;;;;;;;;;;;;;;;;;;;;;0;0;0;0;0;;;bloqueado;ok
IPXON Rio de Janeiro;IPXON Networks;Av. Cel. Phidias Távora, 513 - Pavuna;21535-510;Rio de Janeiro;;Brazil;-22.8059797;-43.3480982;1;2;Facility;Colocation;;https://www.datacentermap.com/brazil/rio-de-janeiro/ipxon-rio-de-janeiro/;10;10;;;2021;Retrofitted;Multi-tenant (data centers only);;N+1;1;;;3;;;;;;;;;;;;0;0;1;1;1;0;1;;0;1;0;0;0;0;0;0;0;;;ok;ok
IPXON Sao Paulo;IPXON Networks;Avenida Roberto Pinto Sobrinho, 350;06276-125;Osasco;;Brazil;-23.4920457;-46.7760135;1;2;Facility;Colocation;;https://www.datacentermap.com/brazil/sao-paulo/ipxon-sao-paulo/;12;12;;;2021;Retrofitted;Multi-tenant (data centers only);;N+2;1;;1;3;;;;;;;;;;;;;;;;;;;;;;;;0;0;0;0;0;GRU1;;bloqueado;ok
KingHost Data Center;KingHost;Av. Cristóvão Colombo, 2360;90560-002;Porto Alegre;RS;Brazil;-30.0175841;-51.1971931;1;2;Facility;Colocation;;https://www.datacentermap.com/brazil/porto-alegre/kinghost/;;;;;;;;;;;;;;;;;;;;;;;;;;;;;;;;;;;;;0;0;0;0;0;;;bloqueado;ok
Kyndryl Hortolandia;Kyndryl;Rodovia Jornalista Francisco Aguirre Proença, Km 09 - S/N;13186-900;Hortolândia ;;Brazil;-22.90004171218494;-47.20120587899308;1;2;Facility;Colocation;;https://www.datacentermap.com/brazil/sao-paulo/kyndryl-dc-hortolandia/;2.966;2.966;;;;;;;;;;;;;;;;;;;;;;;;;;;;;;;;;;;0;0;0;0;0;BRMM;;bloqueado;ok
Local DC Campinas;Local DC;TBA - To Be Announced;13098-396;Campinas;;Brazil;-22.9050824;-47.0613327;1;2;Facility;Colocation;;https://www.datacentermap.com/brazil/campinas/local-dc-campinas/;12;12;10000;10000;2026;Retrofitted;Multi-tenant (data centers only);;;;;;;;;;;;;;;;;;;;;;;;;;;;;;0;0;0;0;0;;;bloqueado;ok
Lumen Fortaleza;Lumen;Av. Dioguinho, 2950;60182-001;Fortaleza;;Brazil;-3.7418705;-38.4537917;1;2;Facility;Colocation;;https://www.datacentermap.com/brazil/fortaleza/lumen-fortaleza/;;;;;;;;;;;;;;;;;;;;;;;;;;;;;;;;;;;;;0;0;0;0;1;;15909;bloqueado;ok
Cirion SAO1;Cirion;Av. Eid Mansur, 666;06708-070;Cotia;;Brazil;-23.5979329;-46.848808;1;2;Facility;Colocation;Carrier Neutral, Hyperscale-Ready;https://www.datacentermap.com/brazil/sao-paulo/lumen-parque-sao-georgia/;20;20;9826;9826;;;Multi-tenant (data centers only);;N+1;1;1;1;3;3;1;1;;1;1;1;;;;;1;1;1;1;0;0;1;;0;1;1;1;0;0;0;1;1;SAO1;4490;ok;ok
Maila Networks DC1;Maila Networks;R. Baronesa do Gravataí 738;90160070;Porto Alegre;RS;Brazil;-30.0283916;-51.2297492;1;2;Facility;Colocation;;https://www.datacentermap.com/brazil/porto-alegre/maila-networks-dc1/;;;;;;;;;;;;;;;;;;;;;;;;;;;;;;;;;;;;;0;0;0;0;0;;11201;bloqueado;ok
Maila Networks - DC2 ;Maila Networks;R. Gomes de Freitas;91380000;Porto Alegre;Rio Grande do Sul (RS);Brazil;-30.0121095;-51.1432885;1;2;Facility;Colocation;;https://www.datacentermap.com/brazil/porto-alegre/maila-networks-dc2/;;;;;;;;;;;;;;;;;;;;;;;;;;;;;;;;;;;;;0;0;1;0;0;;15692;bloqueado;ok
Master da Web;Master da Web;Rua Pirapetinga 196;30220150;Belo Horizonte;Minas Gerais;Brazil;-19.9408887;-43.9240841;1;2;Facility;Colocation;;https://www.datacentermap.com/brazil/belo-horizonte/master-da-web/;;;;;;;;;;;;;;;;;;;;;;;;;0;0;1;1;1;0;1;;1;1;1;1;0;0;0;0;0;;;ok;ok
SBA Edge Sao Paulo;SBA Edge;Rua Jose Abrantes, 186;04756-010;Sao Paulo;SP;Brazil;-23.6465586;-46.7175713;1;2;Facility;Colocation;;https://www.datacentermap.com/brazil/sao-paulo/matrix/;2;2;1600;1600;2001;Retrofitted;Sole-tenant;;;;;;3;;1;;;;1;;;;;;1;1;1;1;1;1;1;;0;0;1;1;0;0;26;2;0;;4162;ok;ok
Latitude.sh SAO;Latitude.sh;Rua Dr. Eduardo Martinelli, 100;04013050;Sao Paulo;SP;Brazil;-23.5799648;-46.6410651;1;2;Facility;Neocloud;;https://www.datacentermap.com/brazil/sao-paulo/maxihost/;1;1;400;400;2016;Purpose-built;Sole-tenant;;;;;;3;3;;;;;;;;;;;0;0;1;1;1;0;1;;0;0;1;1;0;0;0;2;0;;;ok;ok
Microsoft Hortolandia;Microsoft;Rua Uirapuru, 340, Chácara Recreio Alvorada;13183-752;Hortolândia;;Brazil;-22.8453232;-47.2355628;1;1;Facility;Hyperscaler;;https://www.datacentermap.com/brazil/sao-paulo/microsoft-hortolandia/;;;;;;Purpose-built;Sole-tenant;;;;;;;;;;;;;;;;;;;;;;;;;;;;;;0;0;0;0;0;;;ok;ok
Microsoft Sao Paulo;Microsoft;Rua Santa Teresa, 64;01016-020;Sao Paulo;;Brazil;-23.4841697;-46.7142191;1;2;Facility;Hyperscaler;;https://www.datacentermap.com/brazil/sao-paulo/microsoft-sao-paulo/;;;;;;;;;;;;;;;;;;;;;;;;;;;;;;;;;;;;;0;0;0;0;0;;;ok;ok
Microsoft Taquara Branca;Microsoft;Estr. Mun. Pedrina Guilherme, 1995 - Jardim Res. Firenze;13189-217;Hortolândia;;Brazil;-22.8787486;-47.2446609;1;1;Facility;Hyperscaler;;https://www.datacentermap.com/brazil/sao-paulo/microsoft-taquara-branca/;;;;;;Purpose-built;;;;;;;;;;;;;;;;;;;;;;;;;;;;;;;0;0;0;0;0;;;ok;ok
MiniDC MCR1;MiniDC by tryideas;R. Santa Catarina, 311 - Centro;85960-000;Mal. Cândido Rondon;;Brazil;-24.5647801;-54.05378289999999;1;2;Facility;Colocation;;https://www.datacentermap.com/brazil/sao-paulo/minidc-mcr1/;;;;;;;;;;;;;;;;;;;;;;;;;0;0;0;0;1;0;1;;0;1;0;1;0;0;1;0;0;;12365;ok;ok
NextStream Tamboré;NextStream;Av. Marcos Penteado de Ulhôa Rodrigues;06543-001;Santana de Parnaíba;;Brazil;-23.4641876;-46.8588568;1;2;Facility;Colocation;;https://www.datacentermap.com/brazil/sao-paulo/nabiax-tambore/;6.1;6.1;4600;4600;2012;;;;;;;;3;3;;;;;;;;;;;;;;;;;;;;;;;0;0;0;0;0;;;bloqueado;ok
NextStream Curitiba;NextStream;Rua Senador Accioly Filho, 2200 ;81350-200;Curitiba;;Brazil;-25.49543025558597;-49.32874498873221;1;2;Facility;Colocation;;https://www.datacentermap.com/brazil/curitiba/nextstream-curitiba/;0.7;0.7;582;582;;;;;;;;;;;;;;;;;;;;;;;;;;;;;;;;;0;0;0;0;0;;;bloqueado;ok
NICNET - Cravinhos - Data Center;Nicnet Telecom Ltda;Rua Cesário Motta 231;14140000;Cravinhos;São Paulo;Brazil;-21.3374876;-47.7344121;1;2;Facility;Colocation;;https://www.datacentermap.com/brazil/cravinhos/nicnet-cravinhos-data-center/;;;;;2025;;;;;;;;;;;;;;;;;;;;;;;;;;;;;;;;0;0;0;0;0;;;bloqueado;ok
NUV Datacenter - NUV1;NUV Datacenter;Rua Fioravanet Cassini, 28;29160-855;Serra;;Brazil;-20.2226002;-40.2710429;1;2;Facility;Colocation;;https://www.datacentermap.com/brazil/vitoria/nuv-datacenter-nuv1/;;;;;;;;;;;;;;;;;;;;;;;;;0;1;1;1;0;0;1;;;0;0;0;0;0;12;0;0;NUV1;12556;ok;ok
NUV Datacenter - NUV2;NUV Datacenter;R. Prof. Almeida Cousin, 125;29050-565;Vitória;;Brazil;-20.3137649;-40.2941776;1;2;Facility;Colocation;;https://www.datacentermap.com/brazil/vitoria/nuv-datacenter-nuv2/;;;;;;;;;;;;;;;;;;;;;;;;;0;1;1;1;0;0;1;;;0;0;0;0;0;6;0;0;NUV2;12557;ok;ok
NWI Datacenter Brasília SIG;NWI;SIG Quadra 1 Lote 725;70610-410;Brasília;DF;Brazil;-15.79208893311143;-47.91015569951395;1;2;Facility;Colocation;;https://www.datacentermap.com/brazil/brasilia/nwi-brasilia/;;;;;;;;;;;;;4;;;;;;;;;;;;1;1;1;1;1;0;1;;;0;1;1;0;0;2;1;0;;7230;ok;ok
ODATA SP02 DC1;ODATA, an Aligned Data Centers Company;R. José Blumer, 150;13186-510;Chácaras Assay, Hortolândia;;Brazil;-22.900571;-47.19466;1;2;Facility;Colocation;;https://www.datacentermap.com/brazil/sao-paulo/odata-sp02-dc1/;;;;;2020;Purpose-built;;;;;;;;;1;1;1;;1;;;;;;;;;;;;;;;;;;0;0;0;0;0;;;bloqueado;ok
ODATA SP02 DC2;ODATA, an Aligned Data Centers Company;R. José Blumer, 150;13186-510;Chácaras Assay, Hortolândia;;Brazil;-22.90168622626165;-47.19386399262817;1;2;Facility;Colocation;;https://www.datacentermap.com/brazil/sao-paulo/odata-sp02-dc2/;;;;;2025;Purpose-built;;;;;;;;;1;1;1;;1;;;;;;;;;;;;;;;;;;0;0;0;0;0;;;bloqueado;ok
ODATA SP04;ODATA, an Aligned Data Centers Company;R. Herman, 02 - Industrial Anhangüera;06276-030;Osasco;;Brazil;-23.48330711230518;-46.77617843757606;1;2;Facility;Colocation;AI-Ready;https://www.datacentermap.com/brazil/sao-paulo/odata-sp04/;48;48;27422;27422;2025;Purpose-built;;;;;;;;;;;;;;;;;;;1;1;1;1;0;0;1;;0;0;0;0;0;0;0;1;0;SP-04;;ok;ok
Parks Data Center Cachoeirinha;Parks S/A Comunicações Digitais;Av. Cruzeiro, 530 - Distrito Industrial;94930-615;Cachoeirinha;;Brazil;-29.93029341315945;-51.10729266012558;1;1;Facility;Colocation;;https://www.datacentermap.com/brazil/porto-alegre/parks-data-center-cachoeirinha/;5;5;;;2026;Purpose-built;Sole-tenant;;;;;;3;;;;;;;;;;;;;;;;;;;;;;;;0;0;0;0;0;;;bloqueado;ok
Piauí Link Data Center;ETIPI - PI;Av. Pedro Freitas, 1570;64019-368;Teresina;;Brazil;-5.106522106753856;-42.81234212673621;1;2;Facility;Colocation;;https://www.datacentermap.com/brazil/teresina/piau-link-data-center/;;;;;;;;;;1;1;;3;;;;;;;;;;;;0;0;1;1;1;0;0;;0;0;0;0;0;0;0;0;0;;;ok;ok
PIX G8 Aracaju;Megatelecom;Rua Pacatuba, 254;49010-150;Aracaju;;Brazil;-10.9162733;-37.0493841;1;2;Facility;Colocation;;https://www.datacentermap.com/brazil/aracaju/pix-g8-aracaju/;;;;;;;;;;;;;;;;;;;;;;;;;0;0;1;1;1;0;0;;;0;0;0;0;0;1;0;0;;5422;ok;ok
PIX G8 Brasilia;Megatelecom;Setor Comercial Norte Q 6 Id;70655-775;Brasília;;Brazil;-15.7866473;-47.8905467;1;2;Facility;Colocation;;https://www.datacentermap.com/brazil/brasilia/pix-g8-brasilia/;;;;;;;;;;;;;;;;;;;;;;;;;0;0;1;1;1;0;0;;;0;0;0;0;0;16;1;0;;11663;ok;ok
PIX G8 Goiania;Megatelecom;Avenida T-63, 3182;74250-320;Goiânia;;Brazil;-16.714315;-49.26494839999999;1;2;Facility;Colocation;;https://www.datacentermap.com/brazil/goiania/pix-g8-goiania/;;;;;;;;;;;;;;;;;;;;;;;;;;;;;;;;;;;;;0;0;15;0;0;;2223;bloqueado;ok
PIX G8 Manaus;Megatelecom;Corporate Trade, Rodovia Alvaro Maia, 2357;69025-310;Manaus;;Brazil;-3.1153562;-60.01181150000001;1;2;Facility;Colocation;;https://www.datacentermap.com/brazil/manaus/pix-g8-manaus/;;;;;;;;;;;;;;;;;;;;;;;;;;;;;;;;;;;;;0;0;2;0;0;;12214;bloqueado;ok
PIX G8 Sao Paulo;Megatelecom;Rua Florida, 1738;04565-001;Sao Paulo;;Brazil;-23.6070262;-46.6944171;1;2;Facility;Colocation;;https://www.datacentermap.com/brazil/sao-paulo/pix-g8-sao-paulo/;;;;;;;;;;;;;;;;;;;;;;;;;;;;;;;;;;;;;0;0;19;0;0;;1099;bloqueado;ok
ProveNET IDC;ProveNET Internet Services LTDA;Rua Isaías Domingos da Silveira, 215;60177-180;Fortaleza;;Brazil;-3.7356148;-38.466709;1;2;Facility;Colocation;;https://www.datacentermap.com/brazil/fortaleza/provenet-idc/;;;;;;;;;;;;;;;;;;;;;;;;;;;;;;;;;;;;;0;0;13;0;0;;6563;bloqueado;ok
QNAX Data Center;QNAX Data Center;Av. Nossa Senhora do Ó, 865 - Limão;02715-000;São Paulo;São Paulo;Brazil;-23.5042049;-46.6803806;1;2;Facility;Colocation;;https://www.datacentermap.com/brazil/sao-paulo/qnax-data-center/;;;;;;;;;;;;;;;;;;;;;;;;;;;;;;;;;;;;;0;0;1;0;0;SP1;5873;bloqueado;ok
Quântico Data Center;Quântico Data Center;R. Eng. Homero Carlos Simon, 1100 - Guajuviras;92442000;Canoas;Rio Grande do Sul (RS);Brazil;-29.9040072;-51.1283808;1;2;Facility;Colocation;;https://www.datacentermap.com/brazil/porto-alegre/quantico-canoas/;50;50;73000;73000;2021;Purpose-built;Sole-tenant;;;;;;4;;;;;;;;;;;;;;;;;;;;;;;;0;0;0;0;0;;;bloqueado;ok
Ascenty - Hortolandia HTL1;Ascenty Data Centers;R. Papa João Paulo II 4;13185-252;Hortolândia;;Brazil;-22.8963861;-47.1784993;1;2;Facility;Colocation;Carrier Neutral;https://www.datacentermap.com/brazil/campinas/r-papa-joao-paulo-ii-4/;10;10;3995;3995;2015;Retrofitted;;1564;N+1;1;1;1;3;;1;1;1;1;1;1;1;2;2;2;1;1;1;1;0;1;1;;0;0;0;0;0;0;11;0;0;HTL01;7586;ok;ok
Ascenty - Paulinia PLN1;Ascenty Data Centers;R. Sebastião Cardoso 350;13140-000;Paulínia;;Brazil;-22.7970795;-47.1352301;1;2;Facility;Colocation;Carrier Neutral;https://www.datacentermap.com/brazil/campinas/r-sebastião-cardoso/;13;13;;;2019;Purpose-built;;1526;N+2;1;1;1;3;;1;1;1;1;1;1;1;2;2;2;1;1;1;1;0;1;1;;0;0;0;0;0;0;2;0;0;PLN01;7591;ok;ok
R4 Data Center;R4 Data Center;Avenida Duque de Caxias, 882 - Novo Centro;87020-025;Maringá;Paraná;Brazil;-23.417585;-51.9393961;1;2;Facility;Colocation;;https://www.datacentermap.com/brazil/maringa/r4-data-center/;;;;;1995;;;;;1;;1;;;;;;;;;;;;;;;;;;;;;;;;;0;0;0;0;0;;;bloqueado;ok
R4C Datacenter;R4C;Av. Das Americas 500;22640100;Barra da Tijuca;RJ;Brazil;-23.00337473995276;-43.31882357597351;1;2;Facility;Colocation;;https://www.datacentermap.com/brazil/rio-de-janeiro/r4c-networks/;;;;;;;;;;1;;;2;;;;;;;;;;;;0;0;1;1;1;0;0;;;0;1;1;0;0;0;0;0;;;ok;ok
Atlantic Data Center Recife 1;Atlantic Data Centers;R. Min. Mario Andreaza, 815 - Várzea;50950-050;Recife;;Brazil;-8.0658641;-34.9880118;1;1;Facility;Colocation;;https://www.datacentermap.com/brazil/recife/recife1/;6;6;;;;;;;;;;;3;;;;;;;;;;;;;;;;;;;;;;;;0;0;0;0;0;;;bloqueado;ok
RGK4IT Data Center;RGK4IT;Av. José Alves Nendo, 467 - Jardim São Silvestre;87055-000;Maringá;;Brazil;-23.4554895;-51.9151828;1;2;Facility;Colocation;;https://www.datacentermap.com/brazil/maringa/rgk4it-data-center/;;;;;;;;;;1;1;1;;;;;;;;;;;;;;;;;;;;;;;;;0;0;0;0;0;;8205;bloqueado;ok
Rio AI City;Elea Data Centers;R. Vargem Grande, 100 / Est. Arroio Pavuna, 1786;22775-020;Rio de Janeiro;;Brazil;-22.9663990193939;-43.37684022647017;1;2;Campus;Colocation;;https://www.datacentermap.com/brazil/rio-de-janeiro/rio-ai-city/;;;;;;;;;;;;;;;;;;;;;;;;;;;;;;;;;;;;;0;0;0;0;0;;;ok;ok
RiverHook Village 18 Campus;RiverHook Village 18;Av. Estrutural;12400-000;Pindamonhangaba;;Brazil;-22.912227;-45.413716;1;0;Campus;Colocation;Hyperscale-Ready;https://www.datacentermap.com/brazil/sao-paulo/riverhook-village-18-campus/;300;300;;;2029;Purpose-built;;;;;;;;;;;;;;;;;;;;;;;;;;;;;;;0;0;0;0;0;;;ok;ok
RiverHook Village 18 DC1;RiverHook Village 18;Av. Estrutural;12400-000;Pindamonhangaba;;Brazil;-22.913869;-45.413605;1;0;Facility;Colocation;Hyperscale-Ready;https://www.datacentermap.com/brazil/sao-paulo/riverhook-village-18-dc1/;150;150;;;2029;Purpose-built;;;;;;;;;;;;;;;;;;;0;0;0;0;0;0;0;;0;0;0;0;0;0;0;0;0;;;ok;ok
RiverHook Village 18 DC2;RiverHook Village 18;Av. Estrutural;12400-000;Pindamonhangaba;;Brazil;-22.911549;-45.415284;1;0;Facility;Colocation;Hyperscale-Ready;https://www.datacentermap.com/brazil/sao-paulo/riverhook-village-18-dc2/;150;150;;;2031;Purpose-built;;;;;;;;;;;;;;;;;;;0;0;0;0;0;0;0;;0;0;0;0;0;0;0;0;0;;;ok;ok
Ascenty - Sumare SUM1;Ascenty Data Centers;Rodovia Anhanguera s/n, Parque das Industrias (Nova Veneza);13177-435;Sumaré;;Brazil;-22.8132231;-47.2126154;1;2;Facility;Colocation;Carrier Neutral;https://www.datacentermap.com/brazil/campinas/rodovia-anhanguera-bldg-1/;14;14;;;2017;;;1564;N+1;1;1;1;3;;1;1;1;1;1;1;1;2;2;2;1;1;1;1;0;1;1;;0;0;0;0;0;0;1;0;0;SUM01;7584;ok;ok
Ascenty - Sumare SUM2;Ascenty Data Centers;Rodovia Anhanguera s/n, Parque das Industrias (Nova Veneza);13177-435;Sumaré;;Brazil;-22.8138615;-47.2133634;1;2;Facility;Colocation;Carrier Neutral;https://www.datacentermap.com/brazil/campinas/rodovia-anhanguera-bldg-2/;20;20;;;2019;;;1564;N+1;1;1;1;3;0;1;1;1;1;1;1;1;2;2;2;1;1;1;1;0;1;1;;0;0;0;0;0;0;1;0;0;SUM02;7585;ok;ok
Insidesign Ribeirao Data Center;Insidesign Tecnologia Ltda EPP;Av. Saudade, 1210 - Campos Elísios;14085-010;Ribeirao Preto;Sao Paulo;Brazil;-21.1622069;-47.8011541;1;2;Facility;Colocation;;https://www.datacentermap.com/brazil/sao-paulo/rpodc/;;;;;;Retrofitted;Multi-tenant (mixed use);;N+1;1;;;;;;;;;;;;;;;;;;;;;;;;;;;0;0;0;0;0;;5718;bloqueado;ok
RT-One Uberlândia;RT-One;BR-497 highway;38438-899;Uberlândia;;Brazil;-18.94893942693562;-48.33580789389012;1;0;Facility;Colocation;;https://www.datacentermap.com/brazil/uberlandia/rt-one-uberlndia/;400;400;;;;;;;;;;;;;;;;;;;;;;;1;1;1;1;0;0;0;;1;0;0;0;0;0;0;0;0;;;ok;ok
Ascenty - Hortolandia HTL2;Ascenty Data Centers;Rua Papa João Paulo II, 4;13185-252;Hortolândia;;Brazil;-22.8949687;-47.1794405;1;2;Facility;Colocation;Carrier Neutral;https://www.datacentermap.com/brazil/campinas/rua-papa-joao-paulo-ii-4-building-2/;7;7;2991;2991;2019;Retrofitted;;1564;N+1;1;1;1;3;;1;1;1;1;1;1;1;2;2;2;1;1;1;1;0;1;1;;0;0;0;0;0;0;2;0;0;HTL02;7587;ok;ok
Ascenty - Hortolandia HTL3;Ascenty Data Centers;Rua Papa João Paulo II, 4;13185-252;Hortolândia;;Brazil;-22.8942092;-47.1797024;1;2;Facility;Colocation;Carrier Neutral;https://www.datacentermap.com/brazil/campinas/rua-papa-joao-paulo-ii-4-building-3/;3;3;1997;1997;2019;Retrofitted;;1564;N+1;1;1;1;3;;1;1;1;1;1;1;1;2;2;2;1;1;1;1;0;1;1;;0;0;0;0;0;0;1;0;0;HTL03;7588;ok;ok
Ascenty - Fortaleza FTZ1;Ascenty Data Centers;Rua Quatorze, 1161;61921-430;Fortaleza;Ceará;Brazil;-3.8308368;-38.6112238;1;2;Facility;Colocation;Carrier Neutral;https://www.datacentermap.com/brazil/fortaleza/rua-quatorze-1161/;10;10;8993;8993;2015;;Multi-tenant (data centers only);1564;N+2;1;1;1;3;;2;1;1;1;1;1;1;2;2;2;;;;;;;;;;;;;0;1;56;0;1;FTZ01;5140;bloqueado;ok
Scala AI City;Scala Data Centers;Rodovia Osvaldo Aranha;92990-000;Eldorado do Sul;;Brazil;-30.07425077314578;-51.49400150419427;1;0;Campus;Colocation;;https://www.datacentermap.com/brazil/porto-alegre/scala-ai-city/;;;;;;;;;;;;;;;;;;;;;;;;;;;;;;;;;;;;;0;0;0;0;0;;;bloqueado;ok
Scala Data Centers Campinas Campus;Scala Data Centers;R. Guido de Camargo Penteado Sobrinho 3685;13082;Campinas;;Brazil;-22.8201867012489;-47.10015515397768;1;2;Campus;Colocation;;https://www.datacentermap.com/brazil/campinas/scala-data-centers-campinas-campus/;;;;;;;;;;;;;;;;;;;;;;;;;;;;;;;;;;;;;0;0;0;0;0;;;bloqueado;ok
Scala Data Centers Fortaleza Campus;Scala Data Centers;Av. Dr. Aldy Mentor, 2093 / Av. Dr. Aldy Mentor, 1787;60191-095;Fortaleza;;Brazil;-3.752318753859797;-38.45882068979125;1;1;Campus;Colocation;;https://www.datacentermap.com/brazil/fortaleza/scala-data-centers-fortaleza-campus/;;;;;;;;;;;;;;;;;;;;;;;;;;;;;;;;;;;;;0;0;0;0;0;;;bloqueado;ok
Scala Data Centers SFORPF02;Scala Data Centers;Av. Dr. Aldy Mentor, 1787-1571;60191-095;Fortaleza;;Brazil;-3.7518085;-38.4591565;1;0;Facility;Colocation;Hyperscale-Ready;https://www.datacentermap.com/brazil/fortaleza/scala-data-centers-sforpf02/;13.5;13.5;;;2026;;;;;;;;;;;;;;;;;;;;;;;;;;;;;;;;0;0;0;0;0;;;bloqueado;ok
Scala Data Centers SGIGSM02;Scala Data Centers;Rod. Pres. Dutra;25565;Sao Joao de Meriti;;Brazil;-22.7984409;-43.356411;1;0;Facility;Colocation;;https://www.datacentermap.com/brazil/rio-de-janeiro/scala-data-centers-sgigsm02/;;;;;;Undefined;;;;;;;;;;;;;;;;;;;1;1;1;1;0;0;1;;0;0;0;0;0;0;0;0;0;SGIGSM02;;ok;ok
Scala Data Centers SGIGSM03;Scala Data Centers;Rod. Pres. Dutra;25565;Sao Joao de Meriti;;Brazil;-22.7984409;-43.356411;1;0;Facility;Colocation;;https://www.datacentermap.com/brazil/rio-de-janeiro/scala-data-centers-sgigsm03/;;;;;;;;;;;;;;;;;;;;;;;;;1;1;1;1;0;0;1;;0;0;0;0;0;0;0;0;0;SGIGSM03;;ok;ok
Scala Data Centers SGRUTB06;Scala Data Centers;Av. Ceci;06460-120;Barueri;;Brazil;-23.4975054;-46.8160222;1;2;Facility;Colocation;;https://www.datacentermap.com/brazil/tambore/scala-data-centers-sgrutb06/;20;20;;;2025;Purpose-built;Sole-tenant;;;;;;;;;;;;;;;;;;1;1;1;0;0;0;1;;0;0;0;0;0;0;0;0;0;SGRUTB06;;ok;ok
Scala Data Centers SGRUTB07;Scala Data Centers;Av. Ceci;06460-120;Barueri;;Brazil;-23.49721291473621;-46.81547629620411;1;1;Facility;Colocation;;https://www.datacentermap.com/brazil/tambore/scala-data-centers-sgrutb07/;36;36;;;;Purpose-built;Sole-tenant;;;;;;;;;;;;;;;;;;1;1;1;0;0;0;1;;0;0;0;0;0;0;0;0;0;SGRUTB07;;ok;ok
Scala Data Centers SGRUTB08;Scala Data Centers;Av. Ceci, 1649;06460-120;Barueri;;Brazil;-23.495578;-46.8138807;1;2;Facility;Colocation;;https://www.datacentermap.com/brazil/tambore/scala-data-centers-sgrutb08/;24;24;;;2024;Purpose-built;Sole-tenant;;;;;;;;;;;;;;;;;;1;1;1;0;0;0;1;;0;0;0;0;0;0;0;0;0;SGRUTB08;14820;ok;ok
Scala Data Centers SGRUTB09;Scala Data Centers;Av. Ceci 1649;06460-120;Barueri;;Brazil;-23.4962698;-46.8142701;1;1;Facility;Colocation;;https://www.datacentermap.com/brazil/tambore/scala-data-centers-sgrutb09/;36;36;;;2026;;;;;;;;;;;;;;;;;;;;1;1;1;0;0;0;1;;0;0;0;0;0;0;0;0;0;SGRUTB09;;ok;ok
Scala Data Centers SGRUTB10;Scala Data Centers;Av. Ceci, 1649;06460-120;Barueri;;Brazil;-23.4967485;-46.8149282;1;1;Facility;Colocation;Hyperscale-Ready;https://www.datacentermap.com/brazil/sao-paulo/scala-data-centers-sgrutb10/;36;36;;;2026;;;;;;;;;;;;;;;;;;;;;;;;;;;;;;;;0;0;0;0;0;;;bloqueado;ok
Scala Data Centers SGRUTB11;Scala Data Centers;Rua Joao Ferreira de Camargo;06460-120;Barueri;;Brazil;-23.49920362623058;-46.81642579232681;1;0;Facility;Colocation;Hyperscale-Ready;https://www.datacentermap.com/brazil/sao-paulo/scala-data-centers-sgrutb11/;36;36;;;2026;;;;;;;;;;;;;;;;;;;;;;;;;;;;;;;;0;0;0;0;0;;;bloqueado;ok
Scala Data Centers SGRUTB12;Scala Data Centers;Av. Ceci;06460-120;Barueri;;Brazil;-23.4950428;-46.8132396;1;2;Facility;Colocation;;https://www.datacentermap.com/brazil/tambore/scala-data-centers-sgrutb12/;6;6;;;2024;Purpose-built;Sole-tenant;;;;;;;;;;;;;;;;;;1;1;1;0;0;0;1;;0;0;0;0;0;0;0;0;0;SGRUTB12;14821;ok;ok
Scala Data Centers SGRUTB14;Scala Data Centers;Rua Joao Ferreira de Camargo;06460-120;Barueri;;Brazil;-23.50009549391656;-46.81752119326649;1;0;Facility;Colocation;Hyperscale-Ready;https://www.datacentermap.com/brazil/sao-paulo/scala-data-centers-sgrutb14/;27;27;;;;;;;;;;;;;;;;;;;;;;;1;1;0;0;0;0;0;;0;0;0;0;0;0;0;0;0;;;ok;ok
Scala Data Centers SGRUTB15;Scala Data Centers;Rua Joao Ferreira de Camargo;06460-120;Barueri;;Brazil;-23.50009549391656;-46.81752119326649;1;0;Facility;Colocation;Hyperscale-Ready;https://www.datacentermap.com/brazil/sao-paulo/scala-data-centers-sgrutb15/;54;54;;;2027;Purpose-built;;;;;;;;;;;;;;;;;;;;;;;;;;;;;;;0;0;0;0;0;;;bloqueado;ok
Scala Data Centers SVCPCP02;Scala Data Centers;CP1 - R. Guido de Camargo Penteado Sobrinho, 3685;13082-800;Campinas;;Brazil;-22.820548;-47.1001389;1;0;Facility;Colocation;Hyperscale-Ready;https://www.datacentermap.com/brazil/campinas/scala-data-centers-svcpcp02/;24;24;;;2026;;;;;;;;;;;;;;;;;;;;;;;;;;;;;;;;0;0;0;0;0;;;bloqueado;ok
Scala Data Centers SVCPCP03;Scala Data Centers;CP1 - R. Guido de Camargo Penteado Sobrinho, 3685;13082-800;Campinas;;Brazil;-22.820548;-47.1001389;1;0;Facility;Colocation;Hyperscale-Ready;https://www.datacentermap.com/brazil/campinas/scala-data-centers-svcpcp03/;18;18;;;2027;;;;;;;;;;;;;;;;;;;;;;;;;;;;;;;;0;0;0;0;0;;;bloqueado;ok
Scala Data Centers SVCPJD01;Scala Data Centers;Rod. Vice Pref. Hermenegildo Tonoli, 1290-1470;13082-800;Jundiaí;;Brazil;-23.1735048799678;-46.97770403686705;1;0;Facility;Colocation;Hyperscale-Ready;https://www.datacentermap.com/brazil/sao-paulo/scala-data-centers-svcpjd01/;36;36;;;;;;;;;;;;;;;;;;;;;;;;;;;;;;;;;;;0;0;0;0;0;;;bloqueado;ok
Scala Data Centers SVCPJD02;Scala Data Centers;Rod. Vice Pref. Hermenegildo Tonoli;13212-365;Jundiaí;;Brazil;-23.1702808;-46.9961363;1;0;Facility;Colocation;;https://www.datacentermap.com/brazil/sao-paulo/scala-data-centers-svcpjd02/;24;24;;;2027;;;;;;;;;;;;;;;;;;;;;;;;;;;;;;;;0;0;0;0;0;SVCPJD02;;bloqueado;ok
Scala Data Centers Tambore Campus;Scala Data Centers;Av. Ceci 1850 / Av. Ceci 1600;06460;Barueri;;Brazil;-23.49624778841145;-46.8136107224617;1;2;Campus;Colocation;;https://www.datacentermap.com/brazil/tambore/scala-data-centers-tambore-campus/;600;600;;;;;;;;;;;;;;;;;;;;;;;;;;;;;;;;;;;0;0;0;0;0;;;ok;ok
Scala Data Centers SFORPF01;Scala Data Centers;Av. Dr. Aldy Mentor, 2093-1919;60191-095;Fortaleza;;Brazil;-3.7529783;-38.4584431;1;1;Facility;Colocation;;https://www.datacentermap.com/brazil/fortaleza/scala-sforpf01/;7.2;7.2;;;;Purpose-built;;;;;;;;;;;;;;;;;;;;;;;;;;;;;;;0;0;0;0;0;SFORPF01;;bloqueado;ok
Scala Data Centers SGIGSM01;Scala Data Centers;Rod. Pres. Dutra 4300;25565;Sao Joao de Meriti;Rio de Janeiro;Brazil;-22.796438;-43.356317;1;2;Facility;Colocation;Hyperscale-Ready;https://www.datacentermap.com/brazil/rio-de-janeiro/scala-sgigsm01/;13.2;13.2;;;2023;Purpose-built;;;;;;;;;1;1;1;;1;1;;;;;0;1;1;0;0;0;1;;0;0;0;0;0;0;0;0;0;SGIGSM01;13398;ok;ok
Scala Data Centers SGRUSP02;Scala Data Centers;Alameda Glete 700;01215;Sao Paulo;SP;Brazil;-23.5354933;-46.6478307;1;2;Facility;Colocation;Hyperscale-Ready;https://www.datacentermap.com/brazil/sao-paulo/scala-sgrusp02/;4;4;;;2010;Purpose-built;;307;;;;;;;1;1;1;;1;1;;;;;0;1;1;0;0;0;1;;0;0;0;0;0;0;8;0;1;SGRUSP02;8677;ok;ok
Scala Data Centers SGRUTB01;Scala Data Centers;Av. Ceci 1850;06460;Tamboré;;Brazil;-23.4949636;-46.8111973;1;2;Facility;Colocation;Hyperscale-Ready;https://www.datacentermap.com/brazil/tambore/scala-sgrutb01/;21;21;;;2000;;Sole-tenant;;;;;;;;1;1;1;;1;1;;;;;0;1;1;0;0;0;1;;0;0;0;0;0;0;19;0;0;SGRUTB01;5226;ok;ok
Scala Data Centers SGRUTB03;Scala Data Centers;Av. Ceci 1750;04065;Tamboré;;Brazil;-23.4968936;-46.8132542;1;2;Facility;Colocation;Hyperscale-Ready;https://www.datacentermap.com/brazil/tambore/scala-sgrutb03/;9;9;;;2021;Retrofitted;Sole-tenant;;;;;;;;1;1;1;;1;1;;;;;0;1;1;0;0;0;1;;0;0;0;0;0;0;0;0;0;SGRUTB03;12037;ok;ok
Scala Data Centers SGRUTB04;Scala Data Centers;Av. Ceci 1650;06460;Tamboré;Sao Paulo;Brazil;-23.4980647;-46.815057;1;2;Facility;Colocation;Hyperscale-Ready;https://www.datacentermap.com/brazil/tambore/scala-sgrutb04/;12;12;;;2022;Purpose-built;Sole-tenant;;;;;;;;1;1;1;;1;1;;;;;0;1;1;0;0;0;1;;0;0;0;0;0;0;0;0;0;SGRUTB04;12267;ok;ok
Scala Data Centers SGRUTB05;Scala Data Centers;Av. Ceci 1600;06460;Tamboré;Sao Paulo;Brazil;-23.4975162;-46.814508;1;2;Facility;Colocation;Hyperscale-Ready;https://www.datacentermap.com/brazil/tambore/scala-sgrutb05/;6;6;;;2023;Purpose-built;Sole-tenant;;;;;;;;1;1;1;;1;1;;;;;0;1;1;0;0;0;1;;0;0;0;0;0;0;0;0;0;SGRUTB05;13397;ok;ok
Scala Data Centers SPOAPA01;Scala Data Centers;Av. Pernambuco 1124 ;90240;Porto Alegre;Rio Grande do Sul (RS);Brazil;-30.0028052;-51.1979623;1;2;Facility;Colocation;Hyperscale-Ready;https://www.datacentermap.com/brazil/porto-alegre/scala-spoapa01/;8.4;8.4;;;2023;Purpose-built;Sole-tenant;;;;;;;;1;1;1;;1;1;;;;;;;;;;;;;;;;;0;0;8;0;0;SPOAPA01;14336;bloqueado;ok
Scala Data Centers SVCPCP01;Scala Data Centers;R. Guido de Camargo Penteado Sobrinho 3685;13082;Campinas;Sao Paulo;Brazil;-22.8207915;-47.0999034;1;2;Facility;Colocation;Hyperscale-Ready;https://www.datacentermap.com/brazil/campinas/scala-svcpcp01/;7;7;;;2009;Retrofitted;;;;;;;;;1;1;1;;1;1;;;;;0;1;1;0;0;0;1;;0;0;0;0;0;0;0;0;0;SVCPCP01;12038;ok;ok
Sencinet Hortolândia;Sencinet;Rodovia Jornalista Francisco Aguirre Proença, KM 9;13186-904;Hortolândia;;Brazil;-22.89643351771512;-47.2047549630035;1;2;Facility;Colocation;;https://www.datacentermap.com/brazil/campinas/sencinet-brazil/;;;;;;;;;;;;;;;;;;;;;;;;;;;;;;;;;;;;;0;0;0;0;0;;;bloqueado;ok
Serpro Brasilia;Serpro;TBA - To Be Announced;70297-400;Brasília;;Brazil;-15.7111079;-47.9107354;1;1;Facility;Government;;https://www.datacentermap.com/brazil/brasilia/serpro-brasilia/;12;12;;;2026;Purpose-built;Sole-tenant;;;;;;;;;;;;;;;;;;;;;;;;;;;1;;;0;0;0;0;0;;;ok;ok
Serpro Modular Data Center;Serpro;R. Olívia Guedes Penteado, 941 - Socorro;04766-900;São Paulo;;Brazil;-23.6751204615306;-46.70770043150605;1;2;Facility;Government;;https://www.datacentermap.com/brazil/sao-paulo/serpro-so-paulo/;1.82;1.82;;;;Purpose-built;Sole-tenant;;;;;;3;3;;;;;;;;;;;;;;;;;;;;1;;;0;0;0;0;0;;;ok;ok
Sitelbra Data Center;Sitelbra;SOFN Quadra 1, Conjunto C, Lote 9-12;70634130;Brasília;DF;Brazil;-15.7470383;-47.9233792;1;2;Facility;Colocation;;https://www.datacentermap.com/brazil/brasilia/sitelbra-data-center/;6;6;;;2016;Purpose-built;Sole-tenant;1250;N+1;1;1;1;3;;1;;;;1;;;;;;1;1;1;1;0;1;1;;0;1;1;1;0;0;4;13;0;;15488;ok;ok
IFTNET SJRP01;IFTNET Telecom;Av Bady Bassit 2966;15025000;Sao Jose do Rio Preto SP;;Brazil;-20.8088639;-49.3828821;1;2;Facility;Colocation;;https://www.datacentermap.com/brazil/sao-jose-do-rio-preto/sjrp01/;;;;;;;;;;;;;;;;;;;;;;;;;1;1;1;1;0;0;0;;0;0;0;0;0;0;0;0;0;;;ok;ok
SKY Brasil - Jaguariúna;SKY Brasil;Rod. SP-340 Km133,10;13820-000;Jaguariúna;;Brazil;-22.69018744044072;-47.01333787517029;1;2;Facility;Enterprise;;https://www.datacentermap.com/brazil/campinas/sky-brasil-jaguarina/;;;;;2016;Purpose-built;Sole-tenant;;;;;;3;3;;;;;;;;;;;;;;;;;;;;;;;0;0;0;0;0;;;ok;ok
SKY Brasil - Tamboré;SKY Brasil;Av. Marcos Penteado de Ulhôa Rodrigues, 1000;06543-900;Tamboré;;Brazil;-23.46477315298449;-46.85842156206948;1;2;Facility;Enterprise;;https://www.datacentermap.com/brazil/tambore/sky-brasil-tambore/;1.8;1.8;;;2006;Purpose-built;Sole-tenant;;;;;;;;;;;;;;;;;;;;;;;;;;;;;;0;0;0;0;0;;;ok;ok
Surfix Data Center;Surfix Cloud & Data Center;Av. Domingos Ferreira, 2010;51111-020;Recife;;Brazil;-8.107035;-34.8907489;1;2;Facility;Colocation;;https://www.datacentermap.com/brazil/recife/surfix-data-center/;;;;;;;;;;;;;3;3;;;;;1;;;;;;;;;;;;;;;;;;0;0;0;0;0;;;bloqueado;ok
TAKODA Sao Paulo - SP1;TAKODA;R. Bento Branco de Andrade Filho, 621 - Jardim Dom Bosco;04757-000;São Paulo;;Brazil;-23.65073562900979;-46.72042047496285;1;2;Facility;Colocation;;https://www.datacentermap.com/brazil/sao-paulo/takdoa-sao-paulo-sp1/;7;7;;;;;;;;;;;;;;;;;;;;;;;;;;;;;;;;;;;0;0;27;0;0;;1325;bloqueado;ok
TAKODA Sao Paulo - SP2;TAKODA;Av. Maria Coelho Aguiar, 215 - Jardim Sao Luis;05805-000;São Paulo;;Brazil;-23.6487404;-46.7287951;1;2;Facility;Colocation;;https://www.datacentermap.com/brazil/sao-paulo/takdoa-sao-paulo-sp2/;1;1;;;;;;;;;;;;;;;;;;;;;;;;;;;;;;;;;;;0;0;0;0;0;;;bloqueado;ok
TAKODA Rio de Janeiro - RJ1;TAKODA;Estrada dos Bandeirantes, 10916;22783-111;Rio de Janeiro;;Brazil;-22.9846856;-43.4316007;1;2;Facility;Colocation;;https://www.datacentermap.com/brazil/rio-de-janeiro/takoda-rio-de-janeiro-rj1/;9;9;;;;;;;;;;;;;;;;;;;;;;;0;1;1;1;1;0;1;;;1;0;0;0;0;0;0;0;;;ok;ok
TAKODA Sumaré Campus;TAKODA;Est. M Luiz Fernandes Breda;13171-412;Sumaré;;Brazil;-22.86322251584453;-47.28033038868878;1;0;Facility;Colocation;AI-Ready;https://www.datacentermap.com/brazil/sao-paulo/takoda-sumare-campus/;96;96;;;;Purpose-built;;;;;;;;;;;;;;;;;;;1;1;1;1;0;0;1;;0;0;0;0;0;0;0;0;0;;;ok;ok
TAKODA Sumaré - SP3;TAKODA;Est. M Luiz Fernandes Breda;13171-412;Sumaré;;Brazil;-22.86322251584453;-47.28033038868878;1;0;Facility;Colocation;AI-Ready;https://www.datacentermap.com/brazil/sao-paulo/takoda-sumare-sp3/;18;18;;;2027;Purpose-built;;;;;;;;;;;;;;;;;;;;;;;;;;;;;;;0;0;0;0;0;;;bloqueado;ok
TAKODA Sumaré - SP4;TAKODA;Est. M Luiz Fernandes Breda;13171-412;Sumaré;;Brazil;-22.86322251584453;-47.28033038868878;1;0;Facility;Colocation;AI-Ready;https://www.datacentermap.com/brazil/sao-paulo/takoda-sumare-sp4/;;;;;;Purpose-built;;;;;;;;;;;;;;;;;;;1;1;1;1;0;0;1;;0;0;0;0;0;0;0;0;0;;;ok;ok
TAKODA Sumaré - SP5;TAKODA;Est. M Luiz Fernandes Breda;13171-412;Sumaré;;Brazil;-22.86322251584453;-47.28033038868878;1;0;Facility;Colocation;AI-Ready;https://www.datacentermap.com/brazil/sao-paulo/takoda-sumare-sp5/;;;;;;Purpose-built;;;;;;;;;;;;;;;;;;;1;1;1;1;0;0;1;;0;0;0;0;0;0;0;0;0;;;ok;ok
Teccloud Campo Bom;Teccloud Stefanini;Av. dos Municípios, 5510 - Vila Santa Lucia;93544-750;Campo Bom;;Brazil;-29.67133054619021;-51.04449783146063;1;2;Facility;Colocation;;https://www.datacentermap.com/brazil/porto-alegre/teccloud-campo-bom/;;;;;;;;;;;;;3;;;;;;;;;;;;;;;;;;;;;;;;0;0;0;0;0;;;bloqueado;ok
Teccloud Porto Alegre;Teccloud Stefanini;Rua 18 de Novembro, 273/502 - Navegantes;90240-040;Porto Alegre;;Brazil;-29.9987344;-51.1937557;1;2;Facility;Colocation;;https://www.datacentermap.com/brazil/porto-alegre/teccloud-porto-alegre/;;;;;;;;;;;;;2;;;;;;;;;;;;;;;;;;;;;;;;0;0;0;0;0;;;bloqueado;ok
Tecto São Paulo 1;Tecto Data Centers;Estr. Mun. Bela Vista - Alphaville;06532-040;Santana de Parnaíba;;Brazil;-23.4513504;-46.904908;1;1;Facility;Colocation;;https://www.datacentermap.com/brazil/sao-paulo/tecto-so-paulo-1/;200;200;;;;;;;;;;;;;;;;;;;;;;;;;;;;;;;;;;;0;0;0;0;0;;;bloqueado;ok
Tecto TPOA1;Tecto Data Centers;Av. Willy Eugênio Fleck, 505 - Rubem Berta;91150-010;Porto Alegre;;Brazil;-29.9956142;-51.119042;1;1;Facility;Colocation;;https://www.datacentermap.com/brazil/porto-alegre/tecto-tpoa1/;20;20;;;2026;Retrofitted;Sole-tenant;;;;;;;;;;;;;;;;;;;;;;;;;;;;;;0;0;0;0;0;;;bloqueado;ok
TELEPORTO RJ;Unknown Company;Av. Pres. Vargas, 3131 - Centro;20210-030;Rio de Janeiro;;Brazil;-22.9101249;-43.2043945;1;2;Multi-Tenant Building;Colocation;;https://www.datacentermap.com/brazil/rio-de-janeiro/teleporto-rj/;;;;;;;;;;;;;;;;;;;;;;;;;;;;;;;;;;;;;0;0;79;2;0;;2124;ok;ok
Telium Data Center - POA;Telium Networks;Av. Independência, 1299;90035073;Porto Alegre;RS;Brazil;-30.02869020222021;-51.20765321534026;1;2;Facility;Colocation;;https://www.datacentermap.com/brazil/porto-alegre/telium-data-center--poa/;;;;;;;;;2N+1;1;1;;;;;;;;;;;;;;;;;;;;;;;;;;0;0;12;0;0;;13052;bloqueado;ok
Telium Data Center - SPO;Telium Networks;Av. das Nações Unidas, 13797;04794000;São Paulo;SP;Brazil;-23.61994685255926;-46.69968078363942;1;2;Facility;Colocation;;https://www.datacentermap.com/brazil/sao-paulo/telium-data-center--spo/;;;;;;;;;2N+1;1;1;;;;;;;;;;;;;;0;0;1;1;1;0;1;;;1;1;1;0;0;35;0;0;;816;ok;ok
Terranova Campinas;TERRANOVA;Rod. Campinas-Mogi Mirim, Km 118 - 5 - Fazenda Pau D´Alho;13086-902;Campinas;;Brazil;-22.813370520936104;-47.03825864636827;1;1;Facility;Colocation;;https://www.datacentermap.com/brazil/campinas/terranova-campinas/;300;300;;;2027;Purpose-built;Sole-tenant;;;;;;;;;;;;;;;;;;;;;;;;;;;;;;0;0;0;0;0;;;bloqueado;ok
Tether Angélica;Tether Limited Inc.;Est. Angélica/BR 267, Km14 - S/N;79785-000;Angélica;;Brazil;-22.03958351176135;-53.84258222396632;1;0;Facility;Enterprise;;https://www.datacentermap.com/brazil/campo-grande/tether-angelica/;;;;;;;;;;;;;;;;;;;;;;;;;;;;;;;;;;;;;0;0;0;0;0;;;bloqueado;ok
Tether Ivinhema;Tether Limited Inc.;Rod. Paulo Rodrigues Santos;79740-000;Ivinhema;;Brazil;-22.39820517765363;-53.89047238949252;1;0;Facility;Enterprise;;https://www.datacentermap.com/brazil/campo-grande/tether-ivinhema/;;;;;;;;;;;;;;;;;;;;;;;;;;;;;;;;;;;;;0;0;0;0;0;;;bloqueado;ok
TIP Brasil Campinas;TIP Brasil;R. Miguel Pascoal, 104 - Jardim do Trevo;13041-312;Campinas;;Brazil;-22.91722523225336;-47.06369711363217;1;2;Facility;Colocation;;https://www.datacentermap.com/brazil/campinas/tip-brasil-campinas/;10;10;;;2025;Purpose-built;Sole-tenant;;;;;;3;;;;;;;;;;;;1;1;1;1;0;0;0;;0;0;0;0;0;0;0;0;0;;;ok;ok
TO HOST Data Centers;TO HOST Data Centers;Quadra ACSV SO 43, Av. LO 09, Lote 10, Sl 01;77015684;Palmas;Tocantins;Brazil;-10.2048941;-48.3529666;1;2;Facility;Colocation;;https://www.datacentermap.com/brazil/palmas/to-host-data-centers/;0.075;0.075;37;37;2023;Purpose-built;Multi-tenant (data centers only);;N+1;1;1;1;3;3;;1;1;;1;;;;;;;;;;;;;;;;;;0;0;0;0;0;;;bloqueado;ok
TSData Eugênio de Melo;TSData;TBA - To Be Announced;12247-016;São José dos Campos;;Brazil;-23.1510828;-45.7828613;1;1;Facility;Colocation;;https://www.datacentermap.com/brazil/sao-jose-dos-campos/tsdata/;0.65;0.65;1000;1000;2026;Purpose-built;Sole-tenant;;;;;;;;;;;;;;;;;;0;1;1;1;1;0;0;;0;0;0;0;0;0;0;0;0;;;ok;ok
Tyna Host Data Center;Tyna Host Datacenter no Brasil;R. Waldemar Vaz Pereira, 45;36889-186;Muriaé;;Brazil;-21.12686855946254;-42.35765232351934;1;2;Facility;Colocation;;https://www.datacentermap.com/brazil/muriae/tyna-host-data-center/;;;;;;;;;N+1;1;1;1;;;;;;;;;;;;;;;;;;;;;;;;;0;0;1;0;0;;9702;bloqueado;ok
Ultranet Telecom DC Cambuci;Ultranet Telecom;Rua Simao Dias da Fonseca, 61;01539-020;Cambuci;;Brazil;-23.5723918;-46.6220983;1;2;Facility;Colocation;;https://www.datacentermap.com/brazil/sao-paulo/ultranet-telecom/;;;;;2015;Purpose-built;Sole-tenant;;;;;;;;;;;;;;;;;;;;;;;;;;;;;;0;0;0;0;0;;16079;bloqueado;ok
Unifique Timbó DC1;Unifique;R. Duque de Caxias, 831 - Centro;89120-000;Timbó;;Brazil;-26.819629;-49.2729353;1;2;Facility;Colocation;;https://www.datacentermap.com/brazil/blumenau/unifique-timb-dc1/;1.5;1.5;685;685;;;;;N+1;;;;3;3;;;;;;;;;;;1;1;1;1;0;0;1;;;0;0;0;0;0;0;0;0;;;ok;ok
UPX Campinas Data Center;UPX Technologies;Rua Guapuruvu, 200 - Lot. Alphaville;13098-322;Campinas;Sao Paulo;Brazil;-22.8234811;-47.0358236;1;2;Facility;Colocation;;https://www.datacentermap.com/brazil/campinas/upx-campinas/;;;;;;;;;;;;;;;;;;;;;;;;;;;;;;;;;;;;;0;0;0;0;0;;;bloqueado;ok
VSP Solution Belo Horizonte;VSP Solution;Av. Raja Gabáglia, 3348 - Estoril;30494310;Belo Horizonte;Minas Gerais;Brazil;-19.9636041;-43.9563523;1;2;Facility;Colocation;;https://www.datacentermap.com/brazil/belo-horizonte/valspe/;;;;;;Retrofitted;Multi-tenant (mixed use);;;;;;;;;;;;;;;;;;0;0;1;1;1;0;1;;0;0;1;1;0;0;0;0;0;;;ok;ok
VISÃO DATACENTER LTDA ;VISÃO DATACENTER LTDA ;Av Giacomo Lunardi ;89825000;Xaxim;Santa Catarina;Brazil;-26.9570441;-52.5312175;1;2;Facility;Colocation;Hyperscale-Ready;https://www.datacentermap.com/brazil/xaxim/viso-datacenter/;1;1;5382;5382;2004;Purpose-built;Multi-tenant (mixed use);100000;N+1;1;1;1;3;;2;1;;;1;;;;;;1;1;1;1;1;1;1;;0;1;1;1;0;0;0;0;0;;;ok;ok
Vivo Tamboré 1 Data Center;Vivo;Av. Marcos Penteado de Ulhôa Rodrigues, 1690;06543-001;Santana de Parnaíba;;Brazil;-23.4682053921407;-46.85827621448955;1;2;Facility;Colocation;;https://www.datacentermap.com/brazil/sao-paulo/vivo-tambore-1-data-center/;7.2;7.2;2300;2300;;;;;;;;;3;3;;;;;1;;;;;;;;;;;;;;;;;;0;0;0;0;0;;;bloqueado;ok
Vix DataCenter;ConectJá Telecomunicações;R. Sérgio Cardoso, 75 - Dom Bosco;29147-350;Cariacica;;Brazil;-20.3353451;-40.3907822;1;2;Facility;Colocation;;https://www.datacentermap.com/brazil/vitoria/vix-datacenter/;;;;;;;;;;1;1;1;;;;;;;;;;;;;1;1;1;1;0;0;1;;;0;0;1;0;0;1;0;0;;15163;ok;ok
Tecto Big Lobster;Tecto Data Centers;R. Raimundo Esteves, 333 - Antonio Diogo;60182-330;Fortaleza;;Brazil;-3.735477458733797;-38.45801750928638;1;2;Facility;Colocation;;https://www.datacentermap.com/brazil/fortaleza/vtal-big-lobster/;6;6;;;;;;;;;;;;;;;;;;;;;;;;;;;;;;;;;;;0;0;134;2;0;;5304;bloqueado;ok
Tecto Mega Lobster;Tecto Data Centers;Av. Dioguinho & R. Francisco Montenegro;60183-713;Fortaleza;;Brazil;-3.754739812813852;-38.44731951896043;1;2;Facility;Colocation;;https://www.datacentermap.com/brazil/fortaleza/vtal-mega-lobster/;20;20;;;2025;Purpose-built;;;;;;;;;;;;;;;;;;;;;;;;;;;;;;;0;0;0;0;0;;;bloqueado;ok
Tecto V.OA;Tecto Data Centers;Rua Frederico Mentz, 1115;90240-110;Porto Alegre;;Brazil;-29.99154555280535;-51.2015380880618;1;1;Facility;Colocation;;https://www.datacentermap.com/brazil/porto-alegre/vtal-voa/;6;6;;;;Retrofitted;;;;;;;;;;;;;;;;;;;;;;;;;;;;;;;0;0;0;0;0;;;bloqueado;ok
NETWISE EMPRESAS;NETWISE EMPRESAS;Rua Edson Rezende, 206;35592094;Lagoa da Prata;Minas Gerais;Brazil;-20.0346344;-45.5247215;1;2;Facility;Colocation;;https://www.datacentermap.com/brazil/lagoa-da-prata/wise-data/;0.0845;0.0845;;;2024;Purpose-built;Sole-tenant;5000;2N+1;1;1;1;3;;;;;;;;;;;;;;;;;;;;;;;;0;0;0;0;0;;;bloqueado;ok
Yamna Porto do Açu;Yamna;TBA - To Be Announced;28200;São João da Barra;;Brazil;-21.835768078438747;-41.044136664682156;1;-1;Land;Colocation;Hyperscale-Ready;https://www.datacentermap.com/brazil/rio-de-janeiro/yamna-porto-do-au/;250;250;;;;Purpose-built;Multi-tenant (data centers only);;;;;;;;;;;;;;;;;;;;;;;;;;;;;;0;0;0;0;0;;;ok;ok
