site_id,pais,tipo,pareado_com,nome,operadora,n_predios_no_campus,lat,lon,buffer_km,ano,ano_inicio_obra,fonte_data_obra,ano_relativo_ao_inicio_obra,fase,dist_tratamento_controle_km,instrumento,resolucao_m,pixels_validos,area_ha_vegetacao_densa,prop_vegetacao_densa,area_ha_vegetacao_rala,prop_vegetacao_rala,area_ha_solo_exposto_obras,prop_solo_exposto_obras,area_ha_construida_urbana,prop_construida_urbana,area_ha_agua,prop_agua
ctrl-us-0011,EUA,controle,us-0011,,,0,39.428946,-84.412113,5,2019,2022,dynamic_world,-3,pre,15,dynamic_world,20,251726,2601.08,0.258325,2980.72,0.296028,90.4,0.008978,4166.4,0.413783,230.44,0.022886
ctrl-us-0011,EUA,controle,us-0011,,,0,39.428946,-84.412113,5,2020,2022,dynamic_world,-2,pre,15,dynamic_world,20,251726,2601.36,0.258352,2882.12,0.286236,55.12,0.005474,4290.16,0.426074,240.28,0.023863
ctrl-us-0011,EUA,controle,us-0011,,,0,39.428946,-84.412113,5,2021,2022,dynamic_world,-1,pre,15,dynamic_world,20,251726,2602.24,0.25844,2800.4,0.27812,72.32,0.007182,4355.8,0.432593,238.28,0.023665
ctrl-us-0011,EUA,controle,us-0011,,,0,39.428946,-84.412113,5,2022,2022,dynamic_world,0,durante,15,dynamic_world,20,251727,2373.6,0.235732,2930.2,0.29101,80.08,0.007953,4451.68,0.442114,233.52,0.023192
ctrl-us-0011,EUA,controle,us-0011,,,0,39.428946,-84.412113,5,2023,2022,dynamic_world,1,durante,15,dynamic_world,20,251726,2206.16,0.219103,2879.52,0.285978,68.32,0.006785,4676.92,0.464485,238.12,0.023649
ctrl-us-0011,EUA,controle,us-0011,,,0,39.428946,-84.412113,5,2024,2022,dynamic_world,2,pos,15,dynamic_world,20,251726,2511.08,0.249386,2712.24,0.269364,61.0,0.006058,4570.04,0.45387,214.68,0.021321
ctrl-us-0011,EUA,controle,us-0011,,,0,39.428946,-84.412113,5,2025,2022,dynamic_world,3,pos,15,dynamic_world,20,251727,2915.48,0.289548,2547.04,0.252957,70.88,0.007039,4327.84,0.429815,207.84,0.020641
us-0011,EUA,tratamento,,,,1,39.294048,-84.412113,5,2019,2022,dynamic_world,-3,pre,15,dynamic_world,20,251242,2011.32,0.200138,546.12,0.054342,110.4,0.010985,7268.2,0.723227,113.64,0.011308
us-0011,EUA,tratamento,,,,1,39.294048,-84.412113,5,2020,2022,dynamic_world,-2,pre,15,dynamic_world,20,251239,2029.16,0.201915,549.6,0.054689,93.56,0.00931,7259.68,0.722388,117.56,0.011698
us-0011,EUA,tratamento,,,,1,39.294048,-84.412113,5,2021,2022,dynamic_world,-1,pre,15,dynamic_world,20,251241,1864.84,0.185563,555.88,0.055313,84.6,0.008418,7425.68,0.7389,118.64,0.011805
us-0011,EUA,tratamento,,,,1,39.294048,-84.412113,5,2022,2022,dynamic_world,0,durante,15,dynamic_world,20,251241,1747.84,0.173921,571.92,0.05691,83.48,0.008307,7525.0,0.748783,121.4,0.01208
us-0011,EUA,tratamento,,,,1,39.294048,-84.412113,5,2023,2022,dynamic_world,1,durante,15,dynamic_world,20,251240,1489.68,0.148233,548.4,0.054569,70.64,0.007029,7815.88,0.77773,125.0,0.012438
us-0011,EUA,tratamento,,,,1,39.294048,-84.412113,5,2024,2022,dynamic_world,2,pos,15,dynamic_world,20,251239,1914.64,0.19052,500.28,0.049781,86.2,0.008577,7439.72,0.740303,108.72,0.010818
us-0011,EUA,tratamento,,,,1,39.294048,-84.412113,5,2025,2022,dynamic_world,3,pos,15,dynamic_world,20,251240,2363.68,0.235201,443.64,0.044145,94.4,0.009393,7044.32,0.700955,103.56,0.010305
ctrl-us-0062,EUA,controle,us-0062,,,0,41.704268,-88.116694,5,2019,2022,dynamic_world,-3,pre,15,dynamic_world,20,260433,1590.0,0.15263,968.88,0.093007,267.04,0.025634,7189.12,0.690112,402.28,0.038616
ctrl-us-0062,EUA,controle,us-0062,,,0,41.704268,-88.116694,5,2020,2022,dynamic_world,-2,pre,15,dynamic_world,20,260433,1504.36,0.14441,1046.96,0.100502,254.76,0.024455,7241.0,0.695092,370.24,0.035541
ctrl-us-0062,EUA,controle,us-0062,,,0,41.704268,-88.116694,5,2021,2022,dynamic_world,-1,pre,15,dynamic_world,20,260433,1351.68,0.129753,1088.84,0.104522,301.2,0.028913,7287.72,0.699577,387.88,0.037234
ctrl-us-0062,EUA,controle,us-0062,,,0,41.704268,-88.116694,5,2022,2022,dynamic_world,0,durante,15,dynamic_world,20,260432,1404.08,0.134784,1002.92,0.096275,281.0,0.026974,7350.68,0.705624,378.6,0.036343
ctrl-us-0062,EUA,controle,us-0062,,,0,41.704268,-88.116694,5,2023,2022,dynamic_world,1,durante,15,dynamic_world,20,260433,1631.56,0.15662,777.8,0.074664,258.88,0.024851,7373.56,0.707817,375.52,0.036048
ctrl-us-0062,EUA,controle,us-0062,,,0,41.704268,-88.116694,5,2024,2022,dynamic_world,2,pos,15,dynamic_world,20,260434,1498.08,0.143806,940.4,0.090272,221.08,0.021222,7409.52,0.711267,348.28,0.033433
ctrl-us-0062,EUA,controle,us-0062,,,0,41.704268,-88.116694,5,2025,2022,dynamic_world,3,pos,15,dynamic_world,20,260433,1916.8,0.184001,732.08,0.070275,251.52,0.024144,7185.16,0.689732,331.76,0.031847
us-0062,EUA,tratamento,,CyrusOne CHI3,CyrusOne,5,41.799726,-88.244459,5,2019,2022,dynamic_world,-3,pre,15,dynamic_world,20,260821,2123.52,0.203542,1598.44,0.153212,173.52,0.016632,5941.64,0.569513,595.72,0.0571
us-0062,EUA,tratamento,,CyrusOne CHI3,CyrusOne,5,41.799726,-88.244459,5,2020,2022,dynamic_world,-2,pre,15,dynamic_world,20,260821,1862.76,0.178548,1601.96,0.15355,101.68,0.009746,6314.36,0.605239,552.08,0.052918
us-0062,EUA,tratamento,,CyrusOne CHI3,CyrusOne,5,41.799726,-88.244459,5,2021,2022,dynamic_world,-1,pre,15,dynamic_world,20,260821,1748.68,0.167613,1792.8,0.171842,132.0,0.012652,6189.28,0.59325,570.08,0.054643
us-0062,EUA,tratamento,,CyrusOne CHI3,CyrusOne,5,41.799726,-88.244459,5,2022,2022,dynamic_world,0,durante,15,dynamic_world,20,260821,1619.72,0.155252,1894.24,0.181565,106.96,0.010252,6265.84,0.600588,546.08,0.052342
us-0062,EUA,tratamento,,CyrusOne CHI3,CyrusOne,5,41.799726,-88.244459,5,2023,2022,dynamic_world,1,durante,15,dynamic_world,20,260821,2232.92,0.214028,1297.12,0.12433,164.16,0.015735,6198.2,0.594105,540.44,0.051802
us-0062,EUA,tratamento,,CyrusOne CHI3,CyrusOne,5,41.799726,-88.244459,5,2024,2022,dynamic_world,2,pos,15,dynamic_world,20,260821,2184.72,0.209408,1380.72,0.132344,102.48,0.009823,6283.04,0.602237,481.88,0.046189
us-0062,EUA,tratamento,,CyrusOne CHI3,CyrusOne,5,41.799726,-88.244459,5,2025,2022,dynamic_world,3,pos,15,dynamic_world,20,260821,2626.92,0.251793,1129.0,0.108216,131.48,0.012603,6105.4,0.58521,440.04,0.042178
ctrl-us-0116,EUA,controle,us-0116,,,0,45.690085,-122.922765,5,2018,2021,dynamic_world,-3,pre,15,dynamic_world,20,278348,9746.8,0.875415,1022.52,0.091838,0.08,7e-06,204.84,0.018398,159.68,0.014342
ctrl-us-0116,EUA,controle,us-0116,,,0,45.690085,-122.922765,5,2019,2021,dynamic_world,-2,pre,15,dynamic_world,20,278347,9759.4,0.87655,991.76,0.089076,0.68,6.1e-05,206.04,0.018506,176.0,0.015808
ctrl-us-0116,EUA,controle,us-0116,,,0,45.690085,-122.922765,5,2020,2021,dynamic_world,-1,pre,15,dynamic_world,20,278349,9868.56,0.886348,917.6,0.082415,1.68,0.000151,189.84,0.017051,156.28,0.014036
ctrl-us-0116,EUA,controle,us-0116,,,0,45.690085,-122.922765,5,2021,2021,dynamic_world,0,durante,15,dynamic_world,20,278348,9798.48,0.880057,957.48,0.085997,1.64,0.000147,212.16,0.019055,164.16,0.014744
ctrl-us-0116,EUA,controle,us-0116,,,0,45.690085,-122.922765,5,2022,2021,dynamic_world,1,durante,15,dynamic_world,20,278347,9818.44,0.881853,973.92,0.087474,0.32,2.9e-05,187.52,0.016842,153.68,0.013803
ctrl-us-0116,EUA,controle,us-0116,,,0,45.690085,-122.922765,5,2023,2021,dynamic_world,2,pos,15,dynamic_world,20,278348,9739.92,0.874797,1007.0,0.090444,1.04,9.3e-05,227.32,0.020417,158.64,0.014248
ctrl-us-0116,EUA,controle,us-0116,,,0,45.690085,-122.922765,5,2024,2021,dynamic_world,3,pos,15,dynamic_world,20,278348,9869.12,0.886401,911.04,0.081826,0.72,6.5e-05,196.72,0.017669,156.32,0.01404
us-0116,EUA,tratamento,,NTT RagingWire DC - Hillsboro,NTT,31,45.555186,-122.922765,5,2018,2021,dynamic_world,-3,pre,15,dynamic_world,20,277678,1276.32,0.11491,4438.52,0.39961,26.12,0.002352,5313.8,0.478414,52.36,0.004714
us-0116,EUA,tratamento,,NTT RagingWire DC - Hillsboro,NTT,31,45.555186,-122.922765,5,2019,2021,dynamic_world,-2,pre,15,dynamic_world,20,277679,1325.4,0.119328,4353.32,0.391938,22.28,0.002006,5368.16,0.483306,38.0,0.003421
us-0116,EUA,tratamento,,NTT RagingWire DC - Hillsboro,NTT,31,45.555186,-122.922765,5,2020,2021,dynamic_world,-1,pre,15,dynamic_world,20,277678,1325.6,0.119347,4338.72,0.390625,27.08,0.002438,5367.92,0.483286,47.8,0.004304
us-0116,EUA,tratamento,,NTT RagingWire DC - Hillsboro,NTT,31,45.555186,-122.922765,5,2021,2021,dynamic_world,0,durante,15,dynamic_world,20,277679,1224.88,0.110278,4312.36,0.38825,35.8,0.003223,5490.2,0.494294,43.92,0.003954
us-0116,EUA,tratamento,,NTT RagingWire DC - Hillsboro,NTT,31,45.555186,-122.922765,5,2022,2021,dynamic_world,1,durante,15,dynamic_world,20,277678,1351.64,0.121691,4174.52,0.375842,26.96,0.002427,5513.32,0.496377,40.68,0.003663
us-0116,EUA,tratamento,,NTT RagingWire DC - Hillsboro,NTT,31,45.555186,-122.922765,5,2023,2021,dynamic_world,2,pos,15,dynamic_world,20,277678,1211.04,0.109033,4251.68,0.382789,19.56,0.001761,5586.0,0.502921,38.84,0.003497
us-0116,EUA,tratamento,,NTT RagingWire DC - Hillsboro,NTT,31,45.555186,-122.922765,5,2024,2021,dynamic_world,3,pos,15,dynamic_world,20,277678,1258.16,0.113275,4225.24,0.380408,10.2,0.000918,5585.56,0.502881,27.96,0.002517
ctrl-us-0182,EUA,controle,us-0182,,,0,47.540161,-120.206709,5,2016,2019,dynamic_world,-3,pre,15,dynamic_world,20,288022,660.28,0.057312,10099.92,0.876662,128.44,0.011148,212.6,0.018453,419.64,0.036424
ctrl-us-0182,EUA,controle,us-0182,,,0,47.540161,-120.206709,5,2017,2019,dynamic_world,-2,pre,15,dynamic_world,20,288024,845.48,0.073386,10001.76,0.868136,58.92,0.005114,201.64,0.017502,413.16,0.035862
ctrl-us-0182,EUA,controle,us-0182,,,0,47.540161,-120.206709,5,2018,2019,dynamic_world,-1,pre,15,dynamic_world,20,288024,775.2,0.067286,10021.92,0.869886,73.24,0.006357,229.04,0.01988,421.56,0.036591
ctrl-us-0182,EUA,controle,us-0182,,,0,47.540161,-120.206709,5,2019,2019,dynamic_world,0,durante,15,dynamic_world,20,288023,753.0,0.065359,10062.6,0.87342,32.68,0.002837,258.04,0.022398,414.6,0.035987
ctrl-us-0182,EUA,controle,us-0182,,,0,47.540161,-120.206709,5,2020,2019,dynamic_world,1,durante,15,dynamic_world,20,288023,590.0,0.051211,10069.72,0.874038,181.32,0.015738,254.04,0.02205,425.84,0.036962
ctrl-us-0182,EUA,controle,us-0182,,,0,47.540161,-120.206709,5,2021,2019,dynamic_world,2,pos,15,dynamic_world,20,288024,631.6,0.054822,10104.4,0.877045,74.32,0.006451,277.08,0.02405,433.56,0.037632
ctrl-us-0182,EUA,controle,us-0182,,,0,47.540161,-120.206709,5,2022,2019,dynamic_world,3,pos,15,dynamic_world,20,288024,792.6,0.068796,9983.44,0.866546,69.12,0.006,260.16,0.022581,415.64,0.036077
us-0182,EUA,tratamento,,Intergate Columbia B,Sabey Data Centers,13,47.405263,-120.206709,5,2016,2019,dynamic_world,-3,pre,15,dynamic_world,20,287285,427.52,0.037203,7173.16,0.62422,333.96,0.029062,3030.16,0.263689,526.6,0.045826
us-0182,EUA,tratamento,,Intergate Columbia B,Sabey Data Centers,13,47.405263,-120.206709,5,2017,2019,dynamic_world,-2,pre,15,dynamic_world,20,287284,643.96,0.056039,7063.68,0.614695,332.48,0.028933,2926.2,0.254643,525.04,0.04569
us-0182,EUA,tratamento,,Intergate Columbia B,Sabey Data Centers,13,47.405263,-120.206709,5,2018,2019,dynamic_world,-1,pre,15,dynamic_world,20,287285,361.84,0.031488,7081.8,0.61627,525.88,0.045763,2995.48,0.260671,526.4,0.045808
us-0182,EUA,tratamento,,Intergate Columbia B,Sabey Data Centers,13,47.405263,-120.206709,5,2019,2019,dynamic_world,0,durante,15,dynamic_world,20,287285,254.48,0.022145,7223.6,0.628609,349.56,0.030419,3141.04,0.273338,522.72,0.045488
us-0182,EUA,tratamento,,Intergate Columbia B,Sabey Data Centers,13,47.405263,-120.206709,5,2020,2019,dynamic_world,1,durante,15,dynamic_world,20,287286,322.32,0.028049,6549.84,0.569976,985.52,0.085761,3112.32,0.270838,521.44,0.045376
us-0182,EUA,tratamento,,Intergate Columbia B,Sabey Data Centers,13,47.405263,-120.206709,5,2021,2019,dynamic_world,2,pos,15,dynamic_world,20,287284,294.08,0.025591,6848.2,0.595943,515.12,0.044827,3315.68,0.288537,518.28,0.045102
us-0182,EUA,tratamento,,Intergate Columbia B,Sabey Data Centers,13,47.405263,-120.206709,5,2022,2019,dynamic_world,3,pos,15,dynamic_world,20,287285,304.92,0.026535,6860.56,0.597017,520.88,0.045328,3279.88,0.28542,525.16,0.0457
ctrl-us-0254,EUA,controle,us-0254,,,0,45.984533,-119.625039,5,2017,2020,dynamic_world,-3,pre,15,dynamic_world,20,279824,135.04,0.012065,10646.88,0.951212,245.2,0.021907,126.76,0.011325,39.08,0.003491
ctrl-us-0254,EUA,controle,us-0254,,,0,45.984533,-119.625039,5,2018,2020,dynamic_world,-2,pre,15,dynamic_world,20,279825,68.36,0.006107,10799.2,0.964817,168.72,0.015074,123.72,0.011053,33.0,0.002948
ctrl-us-0254,EUA,controle,us-0254,,,0,45.984533,-119.625039,5,2019,2020,dynamic_world,-1,pre,15,dynamic_world,20,279825,52.72,0.00471,10888.96,0.972837,82.96,0.007412,131.56,0.011754,36.8,0.003288
ctrl-us-0254,EUA,controle,us-0254,,,0,45.984533,-119.625039,5,2020,2020,dynamic_world,0,durante,15,dynamic_world,20,279826,34.52,0.003084,10811.52,0.965915,192.48,0.017196,120.08,0.010728,34.44,0.003077
ctrl-us-0254,EUA,controle,us-0254,,,0,45.984533,-119.625039,5,2021,2020,dynamic_world,1,durante,15,dynamic_world,20,279824,76.12,0.006801,10785.08,0.963559,162.32,0.014502,135.4,0.012097,34.04,0.003041
ctrl-us-0254,EUA,controle,us-0254,,,0,45.984533,-119.625039,5,2022,2020,dynamic_world,2,pos,15,dynamic_world,20,279825,358.32,0.032013,10631.8,0.949862,40.0,0.003574,131.28,0.011729,31.6,0.002823
ctrl-us-0254,EUA,controle,us-0254,,,0,45.984533,-119.625039,5,2023,2020,dynamic_world,3,pos,15,dynamic_world,20,279824,276.4,0.024694,10653.48,0.951802,97.0,0.008666,137.04,0.012243,29.04,0.002594
us-0254,EUA,tratamento,,Amazon Web Services,Amazon Web Services,24,45.849635,-119.625039,5,2017,2020,dynamic_world,-3,pre,15,dynamic_world,20,279145,332.68,0.029795,7558.16,0.676903,207.8,0.01861,916.56,0.082086,2150.6,0.192606
us-0254,EUA,tratamento,,Amazon Web Services,Amazon Web Services,24,45.849635,-119.625039,5,2018,2020,dynamic_world,-2,pre,15,dynamic_world,20,279144,194.08,0.017382,7544.56,0.675687,344.36,0.030841,927.52,0.083068,2155.24,0.193022
us-0254,EUA,tratamento,,Amazon Web Services,Amazon Web Services,24,45.849635,-119.625039,5,2019,2020,dynamic_world,-1,pre,15,dynamic_world,20,279145,192.32,0.017224,7608.04,0.68137,259.68,0.023257,944.92,0.084626,2160.84,0.193523
us-0254,EUA,tratamento,,Amazon Web Services,Amazon Web Services,24,45.849635,-119.625039,5,2020,2020,dynamic_world,0,durante,15,dynamic_world,20,279145,192.56,0.017246,7383.44,0.661255,515.52,0.04617,909.04,0.081413,2165.24,0.193917
us-0254,EUA,tratamento,,Amazon Web Services,Amazon Web Services,24,45.849635,-119.625039,5,2021,2020,dynamic_world,1,durante,15,dynamic_world,20,279144,165.36,0.01481,7354.64,0.658678,480.2,0.043006,998.2,0.089398,2167.36,0.194108
us-0254,EUA,tratamento,,Amazon Web Services,Amazon Web Services,24,45.849635,-119.625039,5,2022,2020,dynamic_world,2,pos,15,dynamic_world,20,279145,192.56,0.017246,7345.28,0.657837,442.4,0.039621,1031.12,0.092346,2154.44,0.19295
us-0254,EUA,tratamento,,Amazon Web Services,Amazon Web Services,24,45.849635,-119.625039,5,2023,2020,dynamic_world,3,pos,15,dynamic_world,20,279146,146.2,0.013094,7216.32,0.646285,517.76,0.04637,1124.44,0.100704,2161.12,0.193547
ctrl-us-0260,EUA,controle,us-0260,,,0,35.048889,-85.747239,5,2018,2021,dynamic_world,-3,pre,15,dynamic_world,20,237506,8303.48,0.874028,939.4,0.098882,3.64,0.000383,203.84,0.021456,49.88,0.00525
ctrl-us-0260,EUA,controle,us-0260,,,0,35.048889,-85.747239,5,2019,2021,dynamic_world,-2,pre,15,dynamic_world,20,237506,8362.08,0.880197,889.08,0.093585,5.08,0.000535,199.88,0.021039,44.12,0.004644
ctrl-us-0260,EUA,controle,us-0260,,,0,35.048889,-85.747239,5,2020,2021,dynamic_world,-1,pre,15,dynamic_world,20,237505,8328.96,0.876714,923.68,0.097227,4.68,0.000493,197.96,0.020837,44.92,0.004728
ctrl-us-0260,EUA,controle,us-0260,,,0,35.048889,-85.747239,5,2021,2021,dynamic_world,0,durante,15,dynamic_world,20,237506,7973.2,0.839263,1227.24,0.12918,8.32,0.000876,229.52,0.024159,61.96,0.006522
ctrl-us-0260,EUA,controle,us-0260,,,0,35.048889,-85.747239,5,2022,2021,dynamic_world,1,durante,15,dynamic_world,20,237505,8307.72,0.874478,911.4,0.095935,6.32,0.000665,225.24,0.023709,49.52,0.005213
ctrl-us-0260,EUA,controle,us-0260,,,0,35.048889,-85.747239,5,2023,2021,dynamic_world,2,pos,15,dynamic_world,20,237505,8165.8,0.85954,1017.08,0.107059,19.32,0.002034,229.28,0.024134,68.72,0.007234
ctrl-us-0260,EUA,controle,us-0260,,,0,35.048889,-85.747239,5,2024,2021,dynamic_world,3,pos,15,dynamic_world,20,237506,8307.88,0.874492,929.84,0.097875,3.92,0.000413,215.2,0.022652,43.4,0.004568
us-0260,EUA,tratamento,,Google Jackson County Data Center,Google LLC,3,34.913991,-85.747239,5,2018,2021,dynamic_world,-3,pre,15,dynamic_world,20,237114,5744.12,0.605629,2213.68,0.233398,166.96,0.017603,631.88,0.066622,727.92,0.076748
us-0260,EUA,tratamento,,Google Jackson County Data Center,Google LLC,3,34.913991,-85.747239,5,2019,2021,dynamic_world,-2,pre,15,dynamic_world,20,237115,5707.96,0.601813,2296.2,0.242098,65.72,0.006929,732.68,0.077249,682.04,0.07191
us-0260,EUA,tratamento,,Google Jackson County Data Center,Google LLC,3,34.913991,-85.747239,5,2020,2021,dynamic_world,-1,pre,15,dynamic_world,20,237115,5808.44,0.612407,2249.68,0.237193,45.4,0.004787,685.6,0.072286,695.48,0.073327
us-0260,EUA,tratamento,,Google Jackson County Data Center,Google LLC,3,34.913991,-85.747239,5,2021,2021,dynamic_world,0,durante,15,dynamic_world,20,237114,5562.72,0.586503,2409.04,0.253996,26.88,0.002834,737.92,0.077802,748.0,0.078865
us-0260,EUA,tratamento,,Google Jackson County Data Center,Google LLC,3,34.913991,-85.747239,5,2022,2021,dynamic_world,1,durante,15,dynamic_world,20,237113,5876.6,0.619599,2249.24,0.237149,30.16,0.00318,641.16,0.067601,687.36,0.072472
us-0260,EUA,tratamento,,Google Jackson County Data Center,Google LLC,3,34.913991,-85.747239,5,2023,2021,dynamic_world,2,pos,15,dynamic_world,20,237115,5619.28,0.592464,2366.96,0.249558,40.4,0.00426,703.72,0.074196,754.24,0.079523
us-0260,EUA,tratamento,,Google Jackson County Data Center,Google LLC,3,34.913991,-85.747239,5,2024,2021,dynamic_world,3,pos,15,dynamic_world,20,237114,5793.32,0.610816,2341.88,0.246915,38.12,0.004019,638.0,0.067267,673.24,0.070983
ctrl-us-0294,EUA,controle,us-0294,,,0,41.449017,-93.553945,5,2016,2019,dynamic_world,-3,pre,15,dynamic_world,20,259406,3647.24,0.351499,6199.12,0.597434,3.92,0.000378,343.96,0.033149,182.0,0.01754
ctrl-us-0294,EUA,controle,us-0294,,,0,41.449017,-93.553945,5,2017,2019,dynamic_world,-2,pre,15,dynamic_world,20,259408,3562.32,0.343312,6172.12,0.594827,18.48,0.001781,446.52,0.043033,176.88,0.017047
ctrl-us-0294,EUA,controle,us-0294,,,0,41.449017,-93.553945,5,2018,2019,dynamic_world,-1,pre,15,dynamic_world,20,259406,3400.44,0.327714,6254.6,0.602781,16.92,0.001631,463.84,0.044702,240.44,0.023172
ctrl-us-0294,EUA,controle,us-0294,,,0,41.449017,-93.553945,5,2019,2019,dynamic_world,0,durante,15,dynamic_world,20,259407,3793.28,0.365572,5940.0,0.572459,4.24,0.000409,375.64,0.036202,263.12,0.025358
ctrl-us-0294,EUA,controle,us-0294,,,0,41.449017,-93.553945,5,2020,2019,dynamic_world,1,durante,15,dynamic_world,20,259408,3472.8,0.334685,6227.44,0.600159,6.88,0.000663,533.12,0.051379,136.08,0.013114
ctrl-us-0294,EUA,controle,us-0294,,,0,41.449017,-93.553945,5,2021,2019,dynamic_world,2,pos,15,dynamic_world,20,259407,3683.68,0.35501,6052.48,0.5833,3.68,0.000355,532.44,0.051313,104.0,0.010023
ctrl-us-0294,EUA,controle,us-0294,,,0,41.449017,-93.553945,5,2022,2019,dynamic_world,3,pos,15,dynamic_world,20,259407,3556.52,0.342755,6199.84,0.597501,3.16,0.000305,525.96,0.050689,90.8,0.008751
us-0294,EUA,tratamento,,Microsoft,Microsoft,12,41.516572,-93.709807,5,2016,2019,dynamic_world,-3,pre,15,dynamic_world,20,259676,2888.16,0.278054,5315.72,0.511765,144.56,0.013917,1456.08,0.140182,582.52,0.056081
us-0294,EUA,tratamento,,Microsoft,Microsoft,12,41.516572,-93.709807,5,2017,2019,dynamic_world,-2,pre,15,dynamic_world,20,259677,2614.88,0.251744,5340.52,0.51415,131.32,0.012643,1729.24,0.16648,571.12,0.054984
us-0294,EUA,tratamento,,Microsoft,Microsoft,12,41.516572,-93.709807,5,2018,2019,dynamic_world,-1,pre,15,dynamic_world,20,259675,2619.84,0.252223,5301.6,0.510407,125.84,0.012115,1756.92,0.169146,582.8,0.056109
us-0294,EUA,tratamento,,Microsoft,Microsoft,12,41.516572,-93.709807,5,2019,2019,dynamic_world,0,durante,15,dynamic_world,20,259676,2789.2,0.268527,5155.8,0.496369,111.32,0.010717,1731.44,0.166692,599.28,0.057695
us-0294,EUA,tratamento,,Microsoft,Microsoft,12,41.516572,-93.709807,5,2020,2019,dynamic_world,1,durante,15,dynamic_world,20,259678,2529.72,0.243544,5260.76,0.50647,128.72,0.012392,1895.36,0.182472,572.56,0.055122
us-0294,EUA,tratamento,,Microsoft,Microsoft,12,41.516572,-93.709807,5,2021,2019,dynamic_world,2,pos,15,dynamic_world,20,259676,2853.16,0.274685,4882.16,0.470024,130.36,0.01255,1982.68,0.19088,538.68,0.051861
us-0294,EUA,tratamento,,Microsoft,Microsoft,12,41.516572,-93.709807,5,2022,2019,dynamic_world,3,pos,15,dynamic_world,20,259676,2519.0,0.242514,5116.56,0.492591,133.6,0.012862,2059.96,0.19832,557.92,0.053713
ctrl-us-0299,EUA,controle,us-0299,,,0,33.404671,-86.749972,5,2018,2021,dynamic_world,-3,pre,15,dynamic_world,20,232913,5102.2,0.547651,199.16,0.021377,46.12,0.00495,3804.24,0.408333,164.8,0.017689
ctrl-us-0299,EUA,controle,us-0299,,,0,33.404671,-86.749972,5,2019,2021,dynamic_world,-2,pre,15,dynamic_world,20,232913,5203.28,0.5585,180.04,0.019325,44.88,0.004817,3729.04,0.400261,159.28,0.017097
ctrl-us-0299,EUA,controle,us-0299,,,0,33.404671,-86.749972,5,2020,2021,dynamic_world,-1,pre,15,dynamic_world,20,232914,5277.68,0.566484,187.08,0.02008,38.2,0.0041,3653.48,0.392149,160.12,0.017187
ctrl-us-0299,EUA,controle,us-0299,,,0,33.404671,-86.749972,5,2021,2021,dynamic_world,0,durante,15,dynamic_world,20,232913,5409.12,0.580594,192.92,0.020707,39.24,0.004212,3513.52,0.377128,161.72,0.017358
ctrl-us-0299,EUA,controle,us-0299,,,0,33.404671,-86.749972,5,2022,2021,dynamic_world,1,durante,15,dynamic_world,20,232914,5356.36,0.574929,188.8,0.020265,39.36,0.004225,3563.0,0.382437,169.04,0.018144
ctrl-us-0299,EUA,controle,us-0299,,,0,33.404671,-86.749972,5,2023,2021,dynamic_world,2,pos,15,dynamic_world,20,232912,5268.76,0.565531,172.4,0.018505,46.36,0.004976,3662.2,0.393088,166.76,0.017899
ctrl-us-0299,EUA,controle,us-0299,,,0,33.404671,-86.749972,5,2024,2021,dynamic_world,3,pos,15,dynamic_world,20,232912,5278.04,0.566527,160.24,0.0172,39.88,0.004281,3679.28,0.394922,159.04,0.017071
us-0299,EUA,tratamento,,Sungard Systems International,,1,33.404776,-86.911565,5,2018,2021,dynamic_world,-3,pre,15,dynamic_world,20,232913,5890.48,0.632262,367.96,0.039495,44.72,0.0048,2966.48,0.318411,46.88,0.005032
us-0299,EUA,tratamento,,Sungard Systems International,,1,33.404776,-86.911565,5,2019,2021,dynamic_world,-2,pre,15,dynamic_world,20,232914,5902.52,0.633551,336.68,0.036138,38.88,0.004173,2993.12,0.321269,45.36,0.004869
us-0299,EUA,tratamento,,Sungard Systems International,,1,33.404776,-86.911565,5,2020,2021,dynamic_world,-1,pre,15,dynamic_world,20,232914,5804.96,0.62308,362.88,0.03895,75.0,0.00805,3025.92,0.324789,47.8,0.005131
us-0299,EUA,tratamento,,Sungard Systems International,,1,33.404776,-86.911565,5,2021,2021,dynamic_world,0,durante,15,dynamic_world,20,232912,5817.88,0.624472,359.84,0.038624,69.08,0.007415,3021.0,0.324264,48.68,0.005225
us-0299,EUA,tratamento,,Sungard Systems International,,1,33.404776,-86.911565,5,2022,2021,dynamic_world,1,durante,15,dynamic_world,20,232913,5697.16,0.611512,406.08,0.043587,59.2,0.006354,3102.96,0.33306,51.12,0.005487
us-0299,EUA,tratamento,,Sungard Systems International,,1,33.404776,-86.911565,5,2023,2021,dynamic_world,2,pos,15,dynamic_world,20,232914,5707.44,0.612612,385.24,0.04135,92.2,0.009896,3080.32,0.330628,51.36,0.005513
us-0299,EUA,tratamento,,Sungard Systems International,,1,33.404776,-86.911565,5,2024,2021,dynamic_world,3,pos,15,dynamic_world,20,232914,5743.6,0.616494,339.88,0.036481,123.0,0.013202,3061.76,0.328636,48.32,0.005186
ctrl-us-0306,EUA,controle,us-0306,,,0,36.17434,-114.925132,5,2017,2020,dynamic_world,-3,pre,15,dynamic_world,20,240870,0.0,0.0,73.2,0.007597,9546.24,0.990808,14.8,0.001536,0.56,5.8e-05
ctrl-us-0306,EUA,controle,us-0306,,,0,36.17434,-114.925132,5,2018,2020,dynamic_world,-2,pre,15,dynamic_world,20,240870,0.0,0.0,58.36,0.006057,9566.28,0.992888,10.16,0.001055,0.0,0.0
ctrl-us-0306,EUA,controle,us-0306,,,0,36.17434,-114.925132,5,2019,2020,dynamic_world,-1,pre,15,dynamic_world,20,240871,0.0,0.0,80.04,0.008307,9544.04,0.990576,10.76,0.001117,0.0,0.0
ctrl-us-0306,EUA,controle,us-0306,,,0,36.17434,-114.925132,5,2020,2020,dynamic_world,0,durante,15,dynamic_world,20,240871,0.0,0.0,277.48,0.0288,9348.36,0.970266,7.56,0.000785,1.44,0.000149
ctrl-us-0306,EUA,controle,us-0306,,,0,36.17434,-114.925132,5,2021,2020,dynamic_world,1,durante,15,dynamic_world,20,240870,0.0,0.0,117.76,0.012222,9507.72,0.98681,7.72,0.000801,1.6,0.000166
ctrl-us-0306,EUA,controle,us-0306,,,0,36.17434,-114.925132,5,2022,2020,dynamic_world,2,pos,15,dynamic_world,20,240871,0.0,0.0,39.28,0.004077,9587.6,0.995097,7.96,0.000826,0.0,0.0
ctrl-us-0306,EUA,controle,us-0306,,,0,36.17434,-114.925132,5,2023,2020,dynamic_world,3,pos,15,dynamic_world,20,240871,0.0,0.0,53.48,0.005551,9571.88,0.993465,9.48,0.000984,0.0,0.0
us-0306,EUA,tratamento,,Google,Google,2,36.057543,-115.008689,5,2017,2020,dynamic_world,-3,pre,15,dynamic_world,20,240513,54.12,0.005625,338.0,0.035133,2793.16,0.290334,6271.72,0.651911,163.52,0.016997
us-0306,EUA,tratamento,,Google,Google,2,36.057543,-115.008689,5,2018,2020,dynamic_world,-2,pre,15,dynamic_world,20,240510,28.52,0.002965,340.56,0.0354,2760.04,0.286895,6312.28,0.656135,179.0,0.018606
us-0306,EUA,tratamento,,Google,Google,2,36.057543,-115.008689,5,2019,2020,dynamic_world,-1,pre,15,dynamic_world,20,240512,25.2,0.002619,393.68,0.040921,2633.96,0.273787,6390.84,0.664295,176.8,0.018377
us-0306,EUA,tratamento,,Google,Google,2,36.057543,-115.008689,5,2020,2020,dynamic_world,0,durante,15,dynamic_world,20,240511,23.92,0.002486,487.8,0.050705,2448.44,0.254504,6479.08,0.67347,181.2,0.018835
us-0306,EUA,tratamento,,Google,Google,2,36.057543,-115.008689,5,2021,2020,dynamic_world,1,durante,15,dynamic_world,20,240512,25.12,0.002611,450.8,0.046858,2318.6,0.241007,6646.8,0.690901,179.16,0.018623
us-0306,EUA,tratamento,,Google,Google,2,36.057543,-115.008689,5,2022,2020,dynamic_world,2,pos,15,dynamic_world,20,240512,16.52,0.001717,392.32,0.04078,2379.36,0.247322,6663.68,0.692656,168.6,0.017525
us-0306,EUA,tratamento,,Google,Google,2,36.057543,-115.008689,5,2023,2020,dynamic_world,3,pos,15,dynamic_world,20,240512,31.96,0.003322,321.4,0.033408,2311.92,0.240312,6789.24,0.705707,165.96,0.017251
ctrl-us-0308,EUA,controle,us-0308,,,0,41.126295,-95.96584,5,2019,2022,dynamic_world,-3,pre,15,dynamic_world,20,258126,1097.0,0.106247,4946.08,0.479037,125.92,0.012196,4056.28,0.392859,99.76,0.009662
ctrl-us-0308,EUA,controle,us-0308,,,0,41.126295,-95.96584,5,2020,2022,dynamic_world,-2,pre,15,dynamic_world,20,258126,821.04,0.079519,4993.84,0.483663,109.96,0.01065,4310.4,0.417471,89.8,0.008697
ctrl-us-0308,EUA,controle,us-0308,,,0,41.126295,-95.96584,5,2021,2022,dynamic_world,-1,pre,15,dynamic_world,20,258126,1059.72,0.102636,4766.48,0.461643,170.68,0.016531,4240.6,0.41071,87.56,0.00848
ctrl-us-0308,EUA,controle,us-0308,,,0,41.126295,-95.96584,5,2022,2022,dynamic_world,0,durante,15,dynamic_world,20,258126,877.12,0.084951,4831.92,0.467981,125.48,0.012153,4411.76,0.427287,78.76,0.007628
ctrl-us-0308,EUA,controle,us-0308,,,0,41.126295,-95.96584,5,2023,2022,dynamic_world,1,durante,15,dynamic_world,20,258127,959.12,0.092892,4738.72,0.458952,95.24,0.009224,4442.48,0.430261,89.52,0.00867
ctrl-us-0308,EUA,controle,us-0308,,,0,41.126295,-95.96584,5,2024,2022,dynamic_world,2,pos,15,dynamic_world,20,258126,881.6,0.085385,4658.72,0.451206,83.92,0.008128,4618.52,0.447313,82.28,0.007969
ctrl-us-0308,EUA,controle,us-0308,,,0,41.126295,-95.96584,5,2025,2022,dynamic_world,3,pos,15,dynamic_world,20,258127,1212.4,0.117423,4467.2,0.432655,100.64,0.009747,4462.64,0.432214,82.2,0.007961
us-0308,EUA,tratamento,,Meta Sarpy Data center,Meta,10,41.126434,-96.144925,5,2019,2022,dynamic_world,-3,pre,15,dynamic_world,20,258127,600.6,0.058169,7185.88,0.695964,145.32,0.014074,2168.12,0.209986,225.16,0.021807
us-0308,EUA,tratamento,,Meta Sarpy Data center,Meta,10,41.126434,-96.144925,5,2020,2022,dynamic_world,-2,pre,15,dynamic_world,20,258127,456.64,0.044226,7089.04,0.686585,175.32,0.01698,2375.68,0.230088,228.4,0.022121
us-0308,EUA,tratamento,,Meta Sarpy Data center,Meta,10,41.126434,-96.144925,5,2021,2022,dynamic_world,-1,pre,15,dynamic_world,20,258126,562.76,0.054504,6619.4,0.641102,296.2,0.028688,2612.68,0.253043,234.0,0.022663
us-0308,EUA,tratamento,,Meta Sarpy Data center,Meta,10,41.126434,-96.144925,5,2022,2022,dynamic_world,0,durante,15,dynamic_world,20,258127,504.72,0.048883,6396.68,0.619528,309.72,0.029997,2893.44,0.280234,220.52,0.021358
us-0308,EUA,tratamento,,Meta Sarpy Data center,Meta,10,41.126434,-96.144925,5,2023,2022,dynamic_world,1,durante,15,dynamic_world,20,258128,549.8,0.053249,6332.84,0.613343,295.16,0.028587,2937.8,0.284529,209.52,0.020292
us-0308,EUA,tratamento,,Meta Sarpy Data center,Meta,10,41.126434,-96.144925,5,2024,2022,dynamic_world,2,pos,15,dynamic_world,20,258127,579.76,0.056151,6156.52,0.596269,158.96,0.015396,3212.32,0.311118,217.52,0.021067
us-0308,EUA,tratamento,,Meta Sarpy Data center,Meta,10,41.126434,-96.144925,5,2025,2022,dynamic_world,3,pos,15,dynamic_world,20,258127,801.64,0.07764,6010.68,0.582144,192.08,0.018603,3098.2,0.300065,222.48,0.021548
ctrl-us-0322,EUA,controle,us-0322,,,0,39.866709,-104.71036,5,2017,2020,dynamic_world,-3,pre,15,dynamic_world,20,253324,21.4,0.002112,6409.92,0.632581,3032.76,0.299297,657.84,0.064921,11.04,0.00109
ctrl-us-0322,EUA,controle,us-0322,,,0,39.866709,-104.71036,5,2018,2020,dynamic_world,-2,pre,15,dynamic_world,20,253325,11.56,0.001141,6652.24,0.656493,2839.72,0.280245,619.56,0.061143,9.92,0.000979
ctrl-us-0322,EUA,controle,us-0322,,,0,39.866709,-104.71036,5,2019,2020,dynamic_world,-1,pre,15,dynamic_world,20,253326,29.0,0.002862,7183.8,0.708948,2220.24,0.219109,686.76,0.067774,13.24,0.001307
ctrl-us-0322,EUA,controle,us-0322,,,0,39.866709,-104.71036,5,2020,2020,dynamic_world,0,durante,15,dynamic_world,20,253325,20.68,0.002041,6739.44,0.665098,2769.08,0.273273,591.8,0.058403,12.0,0.001184
ctrl-us-0322,EUA,controle,us-0322,,,0,39.866709,-104.71036,5,2021,2020,dynamic_world,1,durante,15,dynamic_world,20,253325,28.04,0.002767,7704.44,0.760332,1576.64,0.155595,809.64,0.079901,14.24,0.001405
ctrl-us-0322,EUA,controle,us-0322,,,0,39.866709,-104.71036,5,2022,2020,dynamic_world,2,pos,15,dynamic_world,20,253325,24.48,0.002416,6318.76,0.623582,3101.72,0.306101,677.96,0.066906,10.08,0.000995
ctrl-us-0322,EUA,controle,us-0322,,,0,39.866709,-104.71036,5,2023,2020,dynamic_world,3,pos,15,dynamic_world,20,253324,21.92,0.002163,7132.96,0.703936,2173.68,0.214516,786.4,0.077608,18.0,0.001776
us-0322,EUA,tratamento,,QTS,Quality Technology Services,2,39.73181,-104.71036,5,2017,2020,dynamic_world,-3,pre,15,dynamic_world,20,252829,115.96,0.011466,7504.96,0.742098,716.48,0.070846,1738.8,0.171934,36.96,0.003655
us-0322,EUA,tratamento,,QTS,Quality Technology Services,2,39.73181,-104.71036,5,2018,2020,dynamic_world,-2,pre,15,dynamic_world,20,252829,97.44,0.009635,7267.56,0.718624,951.04,0.09404,1762.52,0.17428,34.6,0.003421
us-0322,EUA,tratamento,,QTS,Quality Technology Services,2,39.73181,-104.71036,5,2019,2020,dynamic_world,-1,pre,15,dynamic_world,20,252829,139.24,0.013768,6790.04,0.671406,1271.72,0.125749,1885.68,0.186458,26.48,0.002618
us-0322,EUA,tratamento,,QTS,Quality Technology Services,2,39.73181,-104.71036,5,2020,2020,dynamic_world,0,durante,15,dynamic_world,20,252828,87.28,0.00863,6965.28,0.688737,1017.4,0.100602,2005.68,0.198325,37.48,0.003706
us-0322,EUA,tratamento,,QTS,Quality Technology Services,2,39.73181,-104.71036,5,2021,2020,dynamic_world,1,durante,15,dynamic_world,20,252829,108.4,0.010719,6949.84,0.687208,754.08,0.074564,2267.32,0.224195,33.52,0.003314
us-0322,EUA,tratamento,,QTS,Quality Technology Services,2,39.73181,-104.71036,5,2022,2020,dynamic_world,2,pos,15,dynamic_world,20,252830,94.44,0.009338,6060.4,0.599256,1515.44,0.149848,2413.6,0.238658,29.32,0.002899
us-0322,EUA,tratamento,,QTS,Quality Technology Services,2,39.73181,-104.71036,5,2023,2020,dynamic_world,3,pos,15,dynamic_world,20,252829,131.2,0.012973,5775.8,0.571117,1483.72,0.146712,2692.6,0.266247,29.84,0.002951
ctrl-us-0347,EUA,controle,us-0347,,,0,38.827477,-77.378194,5,2016,2019,dynamic_world,-3,pre,15,dynamic_world,20,249586,5871.08,0.588082,254.56,0.025498,6.16,0.000617,3818.04,0.382437,33.6,0.003366
ctrl-us-0347,EUA,controle,us-0347,,,0,38.827477,-77.378194,5,2017,2019,dynamic_world,-2,pre,15,dynamic_world,20,249586,6283.4,0.629382,203.84,0.020418,7.2,0.000721,3454.04,0.345977,34.96,0.003502
ctrl-us-0347,EUA,controle,us-0347,,,0,38.827477,-77.378194,5,2018,2019,dynamic_world,-1,pre,15,dynamic_world,20,249585,5674.72,0.568416,269.44,0.026989,6.52,0.000653,3998.2,0.400485,34.52,0.003458
ctrl-us-0347,EUA,controle,us-0347,,,0,38.827477,-77.378194,5,2019,2019,dynamic_world,0,durante,15,dynamic_world,20,249585,6029.16,0.603919,256.0,0.025643,10.96,0.001098,3656.92,0.3663,30.36,0.003041
ctrl-us-0347,EUA,controle,us-0347,,,0,38.827477,-77.378194,5,2020,2019,dynamic_world,1,durante,15,dynamic_world,20,249584,5631.56,0.564095,279.4,0.027987,7.08,0.000709,4032.84,0.403956,32.48,0.003253
ctrl-us-0347,EUA,controle,us-0347,,,0,38.827477,-77.378194,5,2021,2019,dynamic_world,2,pos,15,dynamic_world,20,249586,5653.04,0.566242,261.08,0.026151,9.24,0.000926,4027.04,0.403372,33.04,0.003309
ctrl-us-0347,EUA,controle,us-0347,,,0,38.827477,-77.378194,5,2022,2019,dynamic_world,3,pos,15,dynamic_world,20,249586,5526.68,0.553585,258.6,0.025903,20.04,0.002007,4143.04,0.414991,35.08,0.003514
us-0347,EUA,tratamento,,Amazon IAD11,Amazon Web Services,52,38.760123,-77.528155,5,2016,2019,dynamic_world,-3,pre,15,dynamic_world,20,249350,3241.36,0.324981,926.96,0.092938,102.84,0.010311,5593.2,0.560778,109.64,0.010993
us-0347,EUA,tratamento,,Amazon IAD11,Amazon Web Services,52,38.760123,-77.528155,5,2017,2019,dynamic_world,-2,pre,15,dynamic_world,20,249350,3357.4,0.336615,881.92,0.088422,122.68,0.0123,5498.52,0.551285,113.48,0.011378
us-0347,EUA,tratamento,,Amazon IAD11,Amazon Web Services,52,38.760123,-77.528155,5,2018,2019,dynamic_world,-1,pre,15,dynamic_world,20,249350,3066.64,0.307463,862.32,0.086457,130.72,0.013106,5792.04,0.580714,122.28,0.01226
us-0347,EUA,tratamento,,Amazon IAD11,Amazon Web Services,52,38.760123,-77.528155,5,2019,2019,dynamic_world,0,durante,15,dynamic_world,20,249350,3071.96,0.307997,768.64,0.077064,126.0,0.012633,5885.36,0.59007,122.04,0.012236
us-0347,EUA,tratamento,,Amazon IAD11,Amazon Web Services,52,38.760123,-77.528155,5,2020,2019,dynamic_world,1,durante,15,dynamic_world,20,249350,2939.68,0.294734,719.76,0.072164,139.08,0.013944,6065.48,0.608129,110.0,0.011029
us-0347,EUA,tratamento,,Amazon IAD11,Amazon Web Services,52,38.760123,-77.528155,5,2021,2019,dynamic_world,2,pos,15,dynamic_world,20,249350,2782.52,0.278977,690.08,0.069188,121.08,0.01214,6264.28,0.628061,116.04,0.011634
us-0347,EUA,tratamento,,Amazon IAD11,Amazon Web Services,52,38.760123,-77.528155,5,2022,2019,dynamic_world,3,pos,15,dynamic_world,20,249350,2705.64,0.271269,624.52,0.062615,122.28,0.01226,6404.68,0.642138,116.88,0.011718
ctrl-us-0358,EUA,controle,us-0358,,,0,33.734898,-83.699413,5,2018,2021,dynamic_world,-3,pre,15,dynamic_world,20,233806,6692.08,0.715559,1888.44,0.201924,1.48,0.000158,564.56,0.060366,205.68,0.021993
ctrl-us-0358,EUA,controle,us-0358,,,0,33.734898,-83.699413,5,2019,2021,dynamic_world,-2,pre,15,dynamic_world,20,233805,6642.84,0.710297,1896.84,0.202823,11.04,0.00118,603.44,0.064524,198.04,0.021176
ctrl-us-0358,EUA,controle,us-0358,,,0,33.734898,-83.699413,5,2020,2021,dynamic_world,-1,pre,15,dynamic_world,20,233805,6733.56,0.719997,1774.64,0.189756,11.08,0.001185,619.64,0.066256,213.28,0.022805
ctrl-us-0358,EUA,controle,us-0358,,,0,33.734898,-83.699413,5,2021,2021,dynamic_world,0,durante,15,dynamic_world,20,233805,6680.72,0.714347,1795.8,0.192019,5.08,0.000543,652.72,0.069793,217.88,0.023297
ctrl-us-0358,EUA,controle,us-0358,,,0,33.734898,-83.699413,5,2022,2021,dynamic_world,1,durante,15,dynamic_world,20,233805,6555.6,0.700969,1848.32,0.197635,15.0,0.001604,709.24,0.075837,224.04,0.023956
ctrl-us-0358,EUA,controle,us-0358,,,0,33.734898,-83.699413,5,2023,2021,dynamic_world,2,pos,15,dynamic_world,20,233806,6621.6,0.708023,1832.08,0.195897,3.68,0.000393,678.56,0.072556,216.32,0.02313
ctrl-us-0358,EUA,controle,us-0358,,,0,33.734898,-83.699413,5,2024,2021,dynamic_world,3,pos,15,dynamic_world,20,233805,6655.84,0.711687,1809.48,0.193482,6.92,0.00074,666.56,0.071273,213.4,0.022818
us-0358,EUA,tratamento,,Meta Stanton Springs Data Center,Meta,4,33.6,-83.699413,5,2018,2021,dynamic_world,-3,pre,15,dynamic_world,20,233439,6972.36,0.7467,1808.44,0.193674,59.56,0.006379,435.48,0.046637,61.72,0.00661
us-0358,EUA,tratamento,,Meta Stanton Springs Data Center,Meta,4,33.6,-83.699413,5,2019,2021,dynamic_world,-2,pre,15,dynamic_world,20,233440,6923.92,0.74151,1812.6,0.194118,69.56,0.007449,472.84,0.050638,58.68,0.006284
us-0358,EUA,tratamento,,Meta Stanton Springs Data Center,Meta,4,33.6,-83.699413,5,2020,2021,dynamic_world,-1,pre,15,dynamic_world,20,233440,6956.28,0.744975,1776.88,0.190293,47.52,0.005089,489.08,0.052377,67.84,0.007265
us-0358,EUA,tratamento,,Meta Stanton Springs Data Center,Meta,4,33.6,-83.699413,5,2021,2021,dynamic_world,0,durante,15,dynamic_world,20,233440,6912.96,0.740336,1804.28,0.193227,31.68,0.003393,524.08,0.056126,64.6,0.006918
us-0358,EUA,tratamento,,Meta Stanton Springs Data Center,Meta,4,33.6,-83.699413,5,2022,2021,dynamic_world,1,durante,15,dynamic_world,20,233440,6725.44,0.720254,1821.88,0.195112,126.48,0.013545,584.92,0.062641,78.88,0.008448
us-0358,EUA,tratamento,,Meta Stanton Springs Data Center,Meta,4,33.6,-83.699413,5,2023,2021,dynamic_world,2,pos,15,dynamic_world,20,233440,6687.88,0.716231,1727.92,0.18505,261.44,0.027999,589.8,0.063164,70.56,0.007557
us-0358,EUA,tratamento,,Meta Stanton Springs Data Center,Meta,4,33.6,-83.699413,5,2024,2021,dynamic_world,3,pos,15,dynamic_world,20,233438,6764.8,0.724475,1708.6,0.182982,168.04,0.017996,616.32,0.066005,79.76,0.008542
ctrl-us-0391,EUA,controle,us-0391,,,0,36.544356,-86.368476,5,2018,2021,dynamic_world,-3,pre,15,dynamic_world,20,242018,5877.72,0.607157,3136.52,0.323997,1.04,0.000107,630.48,0.065127,34.96,0.003611
ctrl-us-0391,EUA,controle,us-0391,,,0,36.544356,-86.368476,5,2019,2021,dynamic_world,-2,pre,15,dynamic_world,20,242020,6615.76,0.68339,2645.76,0.2733,0.0,0.0,395.48,0.040852,23.8,0.002458
ctrl-us-0391,EUA,controle,us-0391,,,0,36.544356,-86.368476,5,2020,2021,dynamic_world,-1,pre,15,dynamic_world,20,242019,6405.04,0.661626,2785.92,0.287779,0.04,4e-06,462.52,0.047777,27.24,0.002814
ctrl-us-0391,EUA,controle,us-0391,,,0,36.544356,-86.368476,5,2021,2021,dynamic_world,0,durante,15,dynamic_world,20,242019,6172.76,0.637632,2897.04,0.299257,0.2,2.1e-05,582.52,0.060173,28.24,0.002917
ctrl-us-0391,EUA,controle,us-0391,,,0,36.544356,-86.368476,5,2022,2021,dynamic_world,1,durante,15,dynamic_world,20,242018,6212.08,0.641696,2818.24,0.291119,0.04,4e-06,621.0,0.064148,29.36,0.003033
ctrl-us-0391,EUA,controle,us-0391,,,0,36.544356,-86.368476,5,2023,2021,dynamic_world,2,pos,15,dynamic_world,20,242018,6276.52,0.648353,2719.32,0.280901,0.04,4e-06,657.88,0.067958,26.96,0.002785
ctrl-us-0391,EUA,controle,us-0391,,,0,36.544356,-86.368476,5,2024,2021,dynamic_world,3,pos,15,dynamic_world,20,242018,6522.72,0.673785,2526.08,0.260939,0.0,0.0,608.52,0.062859,23.4,0.002417
us-0391,EUA,tratamento,,Gallatin Data Center,Meta,4,36.409458,-86.368476,5,2018,2021,dynamic_world,-3,pre,15,dynamic_world,20,241598,3083.12,0.319034,4778.24,0.494441,1.2,0.000124,1582.6,0.163764,218.76,0.022637
us-0391,EUA,tratamento,,Gallatin Data Center,Meta,4,36.409458,-86.368476,5,2019,2021,dynamic_world,-2,pre,15,dynamic_world,20,241598,3417.0,0.353583,4585.36,0.474482,2.6,0.000269,1460.36,0.151115,198.6,0.020551
us-0391,EUA,tratamento,,Gallatin Data Center,Meta,4,36.409458,-86.368476,5,2020,2021,dynamic_world,-1,pre,15,dynamic_world,20,241598,3229.92,0.334225,4656.04,0.481796,4.32,0.000447,1556.52,0.161065,217.12,0.022467
us-0391,EUA,tratamento,,Gallatin Data Center,Meta,4,36.409458,-86.368476,5,2021,2021,dynamic_world,0,durante,15,dynamic_world,20,241597,3041.56,0.314735,4534.16,0.469186,28.72,0.002972,1838.2,0.190213,221.24,0.022893
us-0391,EUA,tratamento,,Gallatin Data Center,Meta,4,36.409458,-86.368476,5,2022,2021,dynamic_world,1,durante,15,dynamic_world,20,241597,2683.12,0.277644,4708.04,0.487179,29.16,0.003017,2015.8,0.208591,227.76,0.023568
us-0391,EUA,tratamento,,Gallatin Data Center,Meta,4,36.409458,-86.368476,5,2023,2021,dynamic_world,2,pos,15,dynamic_world,20,241599,3120.32,0.322882,4381.8,0.453417,24.28,0.002512,1930.64,0.199777,206.92,0.021412
us-0391,EUA,tratamento,,Gallatin Data Center,Meta,4,36.409458,-86.368476,5,2024,2021,dynamic_world,3,pos,15,dynamic_world,20,241597,3321.32,0.343684,4217.44,0.436413,28.84,0.002984,1893.8,0.195967,202.48,0.020952
ctrl-us-0400,EUA,controle,us-0400,,,0,46.055277,-119.228765,5,2019,2022,dynamic_world,-3,pre,15,dynamic_world,20,280183,2.48,0.000221,11047.4,0.985731,85.88,0.007663,20.48,0.001827,51.08,0.004558
ctrl-us-0400,EUA,controle,us-0400,,,0,46.055277,-119.228765,5,2020,2022,dynamic_world,-2,pre,15,dynamic_world,20,280183,0.76,6.8e-05,11056.76,0.986566,66.8,0.00596,19.56,0.001745,63.44,0.005661
ctrl-us-0400,EUA,controle,us-0400,,,0,46.055277,-119.228765,5,2021,2022,dynamic_world,-1,pre,15,dynamic_world,20,280183,0.04,4e-06,11112.28,0.99152,55.64,0.004965,16.28,0.001453,23.08,0.002059
ctrl-us-0400,EUA,controle,us-0400,,,0,46.055277,-119.228765,5,2022,2022,dynamic_world,0,durante,15,dynamic_world,20,280183,43.0,0.003837,10849.24,0.968049,243.44,0.021722,21.92,0.001956,49.72,0.004436
ctrl-us-0400,EUA,controle,us-0400,,,0,46.055277,-119.228765,5,2023,2022,dynamic_world,1,durante,15,dynamic_world,20,280182,0.52,4.6e-05,10934.92,0.975698,212.64,0.018973,25.76,0.002299,33.44,0.002984
ctrl-us-0400,EUA,controle,us-0400,,,0,46.055277,-119.228765,5,2024,2022,dynamic_world,2,pos,15,dynamic_world,20,280182,4.04,0.00036,11107.12,0.991063,58.48,0.005218,26.16,0.002334,11.48,0.001024
ctrl-us-0400,EUA,controle,us-0400,,,0,46.055277,-119.228765,5,2025,2022,dynamic_world,3,pos,15,dynamic_world,20,280183,8.24,0.000735,10991.12,0.980709,152.04,0.013566,29.44,0.002627,26.48,0.002363
us-0400,EUA,tratamento,,Amazon Web Services,Amazon Web Services,5,45.920379,-119.228765,5,2019,2022,dynamic_world,-3,pre,15,dynamic_world,20,279501,408.4,0.036529,7461.32,0.667379,67.72,0.006057,739.96,0.066186,2502.64,0.223849
us-0400,EUA,tratamento,,Amazon Web Services,Amazon Web Services,5,45.920379,-119.228765,5,2020,2022,dynamic_world,-2,pre,15,dynamic_world,20,279502,377.56,0.033771,7471.2,0.66826,74.24,0.00664,732.2,0.065491,2524.88,0.225837
us-0400,EUA,tratamento,,Amazon Web Services,Amazon Web Services,5,45.920379,-119.228765,5,2021,2022,dynamic_world,-1,pre,15,dynamic_world,20,279502,399.52,0.035735,7472.12,0.668342,73.24,0.006551,745.76,0.066704,2489.44,0.222667
us-0400,EUA,tratamento,,Amazon Web Services,Amazon Web Services,5,45.920379,-119.228765,5,2022,2022,dynamic_world,0,durante,15,dynamic_world,20,279502,497.84,0.044529,7325.56,0.655233,41.4,0.003703,787.0,0.070393,2528.28,0.226141
us-0400,EUA,tratamento,,Amazon Web Services,Amazon Web Services,5,45.920379,-119.228765,5,2023,2022,dynamic_world,1,durante,15,dynamic_world,20,279500,383.88,0.034336,7421.08,0.663782,46.4,0.00415,831.96,0.074415,2496.68,0.223317
us-0400,EUA,tratamento,,Amazon Web Services,Amazon Web Services,5,45.920379,-119.228765,5,2024,2022,dynamic_world,2,pos,15,dynamic_world,20,279500,525.16,0.046973,7232.96,0.646955,81.52,0.007292,826.92,0.073964,2513.44,0.224816
us-0400,EUA,tratamento,,Amazon Web Services,Amazon Web Services,5,45.920379,-119.228765,5,2025,2022,dynamic_world,3,pos,15,dynamic_world,20,279500,520.48,0.046555,7214.16,0.645274,94.4,0.008444,858.2,0.076762,2492.76,0.222966
ctrl-us-0422,EUA,controle,us-0422,,,0,41.218216,-76.148747,5,2019,2022,dynamic_world,-3,pre,15,dynamic_world,20,258490,9087.12,0.878866,801.4,0.077508,9.64,0.000932,270.32,0.026144,171.12,0.01655
ctrl-us-0422,EUA,controle,us-0422,,,0,41.218216,-76.148747,5,2020,2022,dynamic_world,-2,pre,15,dynamic_world,20,258488,8960.68,0.866644,877.04,0.084824,9.12,0.000882,321.72,0.031116,170.96,0.016535
ctrl-us-0422,EUA,controle,us-0422,,,0,41.218216,-76.148747,5,2021,2022,dynamic_world,-1,pre,15,dynamic_world,20,258489,9088.16,0.87897,782.8,0.075709,8.64,0.000836,288.12,0.027866,171.84,0.01662
ctrl-us-0422,EUA,controle,us-0422,,,0,41.218216,-76.148747,5,2022,2022,dynamic_world,0,durante,15,dynamic_world,20,258490,8717.4,0.843108,955.2,0.092383,9.64,0.000932,479.6,0.046385,177.76,0.017192
ctrl-us-0422,EUA,controle,us-0422,,,0,41.218216,-76.148747,5,2023,2022,dynamic_world,1,durante,15,dynamic_world,20,258489,8507.68,0.822828,1113.0,0.107645,12.64,0.001222,523.28,0.05061,182.96,0.017695
ctrl-us-0422,EUA,controle,us-0422,,,0,41.218216,-76.148747,5,2024,2022,dynamic_world,2,pos,15,dynamic_world,20,258489,9015.4,0.871933,807.04,0.078054,6.68,0.000646,339.48,0.032833,170.96,0.016535
ctrl-us-0422,EUA,controle,us-0422,,,0,41.218216,-76.148747,5,2025,2022,dynamic_world,3,pos,15,dynamic_world,20,258488,9059.96,0.876246,823.2,0.079617,7.32,0.000708,281.64,0.027239,167.4,0.01619
us-0422,EUA,tratamento,,Nautilus Cryptomine,Amazon Web Services,3,41.083318,-76.148747,5,2019,2022,dynamic_world,-3,pre,15,dynamic_world,20,257958,6967.12,0.675218,2153.8,0.208736,37.72,0.003656,603.4,0.058479,556.28,0.053912
us-0422,EUA,tratamento,,Nautilus Cryptomine,Amazon Web Services,3,41.083318,-76.148747,5,2020,2022,dynamic_world,-2,pre,15,dynamic_world,20,257957,6779.92,0.657079,2297.24,0.222638,46.48,0.004505,652.44,0.063231,542.2,0.052548
us-0422,EUA,tratamento,,Nautilus Cryptomine,Amazon Web Services,3,41.083318,-76.148747,5,2021,2022,dynamic_world,-1,pre,15,dynamic_world,20,257958,6984.32,0.676885,2084.56,0.202025,44.28,0.004291,645.64,0.062572,559.52,0.054226
us-0422,EUA,tratamento,,Nautilus Cryptomine,Amazon Web Services,3,41.083318,-76.148747,5,2022,2022,dynamic_world,0,durante,15,dynamic_world,20,257958,6567.48,0.636487,2319.96,0.224839,47.04,0.004559,816.32,0.079114,567.52,0.055001
us-0422,EUA,tratamento,,Nautilus Cryptomine,Amazon Web Services,3,41.083318,-76.148747,5,2023,2022,dynamic_world,1,durante,15,dynamic_world,20,257958,6384.6,0.618764,2432.72,0.235767,57.32,0.005555,839.36,0.081347,604.32,0.058568
us-0422,EUA,tratamento,,Nautilus Cryptomine,Amazon Web Services,3,41.083318,-76.148747,5,2024,2022,dynamic_world,2,pos,15,dynamic_world,20,257957,6981.4,0.676605,2085.92,0.202158,32.76,0.003175,689.12,0.066786,529.08,0.051276
us-0422,EUA,tratamento,,Nautilus Cryptomine,Amazon Web Services,3,41.083318,-76.148747,5,2025,2022,dynamic_world,3,pos,15,dynamic_world,20,257957,7090.8,0.687208,2021.0,0.195866,47.88,0.00464,636.48,0.061685,522.12,0.050601
