site_id,tipo,pareado_com,ids_datacenter,n_predios_no_campus,municipio,uf,codigo_ibge,lat,lon,buffer_km,ano,ano_inicio_obra,ano_fim_obra,ano_relativo_ao_inicio_obra,fase,l1_rf,qualidade_par,dist_tratamento_controle_km,municipio_compartilhado_com_par,sensor,resolucao_m,pixels_validos,modelo_versao,area_ha_vegetacao_densa,area_ha_vegetacao_rala,area_ha_solo_exposto_obras,area_ha_construida_urbana,area_ha_agua,prop_vegetacao_densa,prop_vegetacao_rala,prop_solo_exposto_obras,prop_construida_urbana,prop_agua,lst_media_celsius,lst_mediana_celsius,lst_desvio_celsius,lst_n_cenas,populacao,populacao_tipo_estimativa,emprego_formal_total,pessoal_ocupado_total,numero_empresas,pib_mil_reais,regiao,bioma,tier,mw_construido_total,whitespace_construido_sqm_total,tier_projetado_max,n_predios_datacentermap
ctrl-angonap-fortaleza-p01,controle,angonap-fortaleza,,0,Caucaia,CE,2303709,-3.697276,-38.601757,5,2014,2017,2019,-3,pre,0.157896,aceitavel,16,False,landsat,30,111538,rf_v1.0-tuned,1468.8,782.91,115.74,2919.87,4751.1,0.146318,0.077991,0.01153,0.290869,0.473292,30.8664,31.4947,2.8016,44,,,41442.0,45566.0,3417.0,5582491.0,,,,,,,
ctrl-angonap-fortaleza-p01,controle,angonap-fortaleza,,0,Caucaia,CE,2303709,-3.697276,-38.601757,5,2015,2017,2019,-2,pre,0.157896,aceitavel,16,False,landsat,30,111358,rf_v1.0-tuned,1278.09,903.24,112.59,2999.07,4729.23,0.127526,0.090124,0.011234,0.299242,0.471874,30.4603,30.3944,1.9161,45,,,42197.0,46568.0,3593.0,5743008.0,,,,,,,
ctrl-angonap-fortaleza-p01,controle,angonap-fortaleza,,0,Caucaia,CE,2303709,-3.697276,-38.601757,5,2016,2017,2019,-1,pre,0.157896,aceitavel,16,False,landsat,30,111508,rf_v1.0-tuned,1193.94,952.65,94.5,3045.78,4748.85,0.118969,0.094926,0.009416,0.303494,0.473195,31.0379,31.1408,2.168,43,358164.0,estimativa_intercensitaria,32371.0,36890.0,3855.0,5443796.0,,,,,,,
ctrl-angonap-fortaleza-p01,controle,angonap-fortaleza,,0,Caucaia,CE,2303709,-3.697276,-38.601757,5,2017,2017,2019,0,durante,0.157896,aceitavel,16,False,landsat,30,111528,rf_v1.0-tuned,1314.99,857.43,86.76,3013.83,4764.51,0.131007,0.085422,0.008644,0.300256,0.47467,30.1446,30.2536,2.7735,42,362223.0,estimativa_intercensitaria,35519.0,40036.0,3720.0,5862516.0,,,,,,,
ctrl-angonap-fortaleza-p01,controle,angonap-fortaleza,,0,Caucaia,CE,2303709,-3.697276,-38.601757,5,2018,2017,2019,1,durante,0.157896,aceitavel,16,False,landsat,30,111620,rf_v1.0-tuned,1451.34,840.87,97.38,2917.8,4738.41,0.144472,0.083704,0.009694,0.29045,0.471681,30.7043,31.1135,2.1633,40,363982.0,estimativa_intercensitaria,36006.0,40278.0,3514.0,5069517.0,,,,,,,
ctrl-angonap-fortaleza-p01,controle,angonap-fortaleza,,0,Caucaia,CE,2303709,-3.697276,-38.601757,5,2019,2017,2019,2,durante,0.157896,aceitavel,16,False,landsat,30,111602,rf_v1.0-tuned,1655.91,877.77,86.58,2688.3,4735.62,0.164863,0.087391,0.00862,0.267648,0.471479,30.5874,30.8267,2.0177,42,361400.0,estimativa_intercensitaria,38933.0,43135.0,3545.0,6915884.0,,,,,,,
ctrl-angonap-fortaleza-p01,controle,angonap-fortaleza,,0,Caucaia,CE,2303709,-3.697276,-38.601757,5,2020,2017,2019,3,pos,0.157896,aceitavel,16,False,landsat,30,111550,rf_v1.0-tuned,1670.85,734.31,88.56,2831.04,4714.74,0.166428,0.073142,0.008821,0.28199,0.469619,30.1777,30.5856,2.5128,45,365212.0,estimativa_intercensitaria,38922.0,43328.0,3667.0,7171082.0,,,,,,,
angonap-fortaleza,tratamento,angonap-fortaleza,,0,Fortaleza,CE,2304400,-3.734736,-38.462636,5,2014,2017,2019,-3,pre,0.157896,aceitavel,16,False,landsat,30,111304,rf_v1.0-tuned,587.43,941.49,256.32,2837.07,5395.05,0.058641,0.093986,0.025588,0.283215,0.53857,31.5483,31.8689,2.1584,46,,,825189.0,910187.0,60799.0,56116644.0,Nordeste,Caatinga,1.0,,,,
angonap-fortaleza,tratamento,angonap-fortaleza,,0,Fortaleza,CE,2304400,-3.734736,-38.462636,5,2015,2017,2019,-2,pre,0.157896,aceitavel,16,False,landsat,30,110436,rf_v1.0-tuned,533.52,984.06,217.8,2808.9,5394.96,0.053678,0.099008,0.021913,0.282607,0.542794,31.2092,30.9535,1.9997,45,,,796204.0,880791.0,60490.0,57211200.0,Nordeste,Caatinga,1.0,,,,
angonap-fortaleza,tratamento,angonap-fortaleza,,0,Fortaleza,CE,2304400,-3.734736,-38.462636,5,2016,2017,2019,-1,pre,0.157896,aceitavel,16,False,landsat,30,111084,rf_v1.0-tuned,534.78,962.82,225.99,2899.53,5374.44,0.053491,0.096305,0.022605,0.290024,0.537575,31.8431,32.2371,2.4852,43,2609716.0,estimativa_intercensitaria,764914.0,847545.0,59046.0,60088001.0,Nordeste,Caatinga,1.0,,,,
angonap-fortaleza,tratamento,angonap-fortaleza,,0,Fortaleza,CE,2304400,-3.734736,-38.462636,5,2017,2017,2019,0,durante,0.157896,aceitavel,16,False,landsat,30,111220,rf_v1.0-tuned,567.81,988.29,226.17,2844.0,5383.53,0.056725,0.098732,0.022595,0.284122,0.537826,31.2976,31.3256,1.9232,46,2627482.0,estimativa_intercensitaria,757867.0,841351.0,58323.0,61592347.0,Nordeste,Caatinga,1.0,,,,
angonap-fortaleza,tratamento,angonap-fortaleza,,0,Fortaleza,CE,2304400,-3.734736,-38.462636,5,2018,2017,2019,1,durante,0.157896,aceitavel,16,False,landsat,30,111298,rf_v1.0-tuned,581.4,947.43,214.2,2896.74,5377.05,0.058042,0.094584,0.021384,0.289188,0.536802,31.5818,31.7976,2.0651,42,2643247.0,estimativa_intercensitaria,766815.0,849045.0,56922.0,66381302.0,Nordeste,Caatinga,1.0,,,,
angonap-fortaleza,tratamento,angonap-fortaleza,,0,Fortaleza,CE,2304400,-3.734736,-38.462636,5,2019,2017,2019,2,durante,0.157896,aceitavel,16,False,landsat,30,111372,rf_v1.0-tuned,642.6,1005.84,171.9,2822.76,5380.38,0.064109,0.100348,0.01715,0.281615,0.536778,31.8484,31.9835,1.61,42,2669342.0,estimativa_intercensitaria,763558.0,849116.0,60618.0,67401430.0,Nordeste,Caatinga,1.0,,,,
angonap-fortaleza,tratamento,angonap-fortaleza,,0,Fortaleza,CE,2304400,-3.734736,-38.462636,5,2020,2017,2019,3,pos,0.157896,aceitavel,16,False,landsat,30,111272,rf_v1.0-tuned,643.59,1016.73,194.4,2806.11,5353.65,0.064266,0.101526,0.019412,0.280205,0.534591,31.1894,31.2461,1.9386,46,2686612.0,estimativa_intercensitaria,729661.0,818765.0,62532.0,64821582.0,Nordeste,Caatinga,1.0,,,,
ctrl-ascenty-hortolandia-p01,controle,ascenty-hortolandia,dc_23c0e2a666;dc_2b7c5d95d1;dc_3357273eaa;dc_6fba998120,4,Campinas,SP,3509502,-22.968204,-47.044123,5,2015,2018,2022,-3,pre,0.036282,bom,16,False,landsat,30,111556,rf_v1.0-tuned,682.83,4159.62,82.62,5078.43,36.54,0.068011,0.414303,0.008229,0.505818,0.003639,29.9083,30.4509,4.2917,43,,,414177.0,476759.0,47707.0,57154532.0,,,,,,,
ctrl-ascenty-hortolandia-p01,controle,ascenty-hortolandia,dc_23c0e2a666;dc_2b7c5d95d1;dc_3357273eaa;dc_6fba998120,4,Campinas,SP,3509502,-22.968204,-47.044123,5,2016,2018,2022,-2,pre,0.036282,bom,16,False,landsat,30,111419,rf_v1.0-tuned,841.32,4176.09,66.87,4904.73,38.7,0.0839,0.416455,0.006669,0.489118,0.003859,30.0845,31.3169,4.415,43,1173370.0,estimativa_intercensitaria,400781.0,462579.0,47742.0,57778152.0,,,,,,,
ctrl-ascenty-hortolandia-p01,controle,ascenty-hortolandia,dc_23c0e2a666;dc_2b7c5d95d1;dc_3357273eaa;dc_6fba998120,4,Campinas,SP,3509502,-22.968204,-47.044123,5,2017,2018,2022,-1,pre,0.036282,bom,16,False,landsat,30,111544,rf_v1.0-tuned,693.9,4100.13,80.82,5131.35,32.76,0.069121,0.408422,0.008051,0.511144,0.003263,29.6509,30.6616,4.4472,43,1182429.0,estimativa_intercensitaria,401356.0,462058.0,46483.0,58469540.0,,,,,,,
ctrl-ascenty-hortolandia-p01,controle,ascenty-hortolandia,dc_23c0e2a666;dc_2b7c5d95d1;dc_3357273eaa;dc_6fba998120,4,Campinas,SP,3509502,-22.968204,-47.044123,5,2018,2018,2022,0,durante,0.036282,bom,16,False,landsat,30,111309,rf_v1.0-tuned,740.97,4191.75,78.93,4970.7,35.46,0.073965,0.41843,0.007879,0.496186,0.00354,29.9334,30.3211,3.6511,43,1194094.0,estimativa_intercensitaria,401348.0,461871.0,46943.0,61388555.0,,,,,,,
ctrl-ascenty-hortolandia-p01,controle,ascenty-hortolandia,dc_23c0e2a666;dc_2b7c5d95d1;dc_3357273eaa;dc_6fba998120,4,Campinas,SP,3509502,-22.968204,-47.044123,5,2019,2018,2022,1,durante,0.036282,bom,16,False,landsat,30,111555,rf_v1.0-tuned,1193.58,3985.38,53.37,4769.19,38.43,0.118883,0.396952,0.005316,0.475021,0.003828,30.2691,30.3181,4.6433,44,1204073.0,estimativa_intercensitaria,400552.0,464714.0,51008.0,65837258.0,,,,,,,
ctrl-ascenty-hortolandia-p01,controle,ascenty-hortolandia,dc_23c0e2a666;dc_2b7c5d95d1;dc_3357273eaa;dc_6fba998120,4,Campinas,SP,3509502,-22.968204,-47.044123,5,2020,2018,2022,2,durante,0.036282,bom,16,False,landsat,30,111552,rf_v1.0-tuned,1251.72,4009.5,50.76,4687.92,39.78,0.124677,0.399365,0.005056,0.466939,0.003962,30.7501,30.7938,4.2015,46,1213792.0,estimativa_intercensitaria,385683.0,452658.0,53005.0,65158382.0,,,,,,,
ctrl-ascenty-hortolandia-p01,controle,ascenty-hortolandia,dc_23c0e2a666;dc_2b7c5d95d1;dc_3357273eaa;dc_6fba998120,4,Campinas,SP,3509502,-22.968204,-47.044123,5,2021,2018,2022,3,durante,0.036282,bom,16,False,landsat,30,111552,rf_v1.0-tuned,374.76,3963.15,64.26,5604.21,33.3,0.037328,0.394749,0.006401,0.558206,0.003317,30.5628,31.9336,4.6096,46,1223237.0,estimativa_intercensitaria,404030.0,474810.0,56149.0,72946910.0,,,,,,,
ctrl-ascenty-hortolandia-p01,controle,ascenty-hortolandia,dc_23c0e2a666;dc_2b7c5d95d1;dc_3357273eaa;dc_6fba998120,4,Campinas,SP,3509502,-22.968204,-47.044123,5,2022,2018,2022,4,durante,0.036282,bom,16,False,landsat,30,111556,rf_v1.0-tuned,962.19,3938.58,53.91,5050.35,35.01,0.095835,0.392287,0.00537,0.503021,0.003487,29.1673,29.3982,4.1804,43,1139047.0,censo,420374.0,532090.0,82954.0,80646591.0,,,,,,,
ascenty-hortolandia,tratamento,ascenty-hortolandia,dc_23c0e2a666;dc_2b7c5d95d1;dc_3357273eaa;dc_6fba998120,4,Hortolândia,SP,3519071,-22.896022,-47.179246,5,2015,2018,2022,-3,pre,0.036282,bom,16,False,landsat,30,111538,rf_v1.0-tuned,889.65,4168.71,112.68,4833.9,33.48,0.088625,0.415276,0.011225,0.48154,0.003335,30.8253,31.2946,4.3134,41,,,44481.0,50527.0,4660.0,11010484.0,Sudeste,Mata Atlântica,1.0,43.0,29969.0,3.0,4.0
ascenty-hortolandia,tratamento,ascenty-hortolandia,dc_23c0e2a666;dc_2b7c5d95d1;dc_3357273eaa;dc_6fba998120,4,Hortolândia,SP,3519071,-22.896022,-47.179246,5,2016,2018,2022,-2,pre,0.036282,bom,16,False,landsat,30,111550,rf_v1.0-tuned,621.0,4148.55,117.27,5121.72,30.96,0.061856,0.413223,0.011681,0.510157,0.003084,31.2258,32.9352,4.6493,44,219039.0,estimativa_intercensitaria,43916.0,49728.0,4551.0,11245733.0,Sudeste,Mata Atlântica,1.0,43.0,29969.0,3.0,4.0
ascenty-hortolandia,tratamento,ascenty-hortolandia,dc_23c0e2a666;dc_2b7c5d95d1;dc_3357273eaa;dc_6fba998120,4,Hortolândia,SP,3519071,-22.896022,-47.179246,5,2017,2018,2022,-1,pre,0.036282,bom,16,False,landsat,30,111556,rf_v1.0-tuned,597.33,4018.68,119.7,5275.17,29.16,0.059495,0.400265,0.011922,0.525413,0.002904,30.9936,31.8803,4.2814,44,222186.0,estimativa_intercensitaria,45683.0,51170.0,4340.0,12411319.0,Sudeste,Mata Atlântica,1.0,43.0,29969.0,3.0,4.0
ascenty-hortolandia,tratamento,ascenty-hortolandia,dc_23c0e2a666;dc_2b7c5d95d1;dc_3357273eaa;dc_6fba998120,4,Hortolândia,SP,3519071,-22.896022,-47.179246,5,2018,2018,2022,0,durante,0.036282,bom,16,False,landsat,30,111553,rf_v1.0-tuned,607.05,4085.64,116.28,5202.18,28.62,0.060465,0.406946,0.011582,0.518157,0.002851,31.3497,31.3109,3.6808,44,227353.0,estimativa_intercensitaria,43989.0,49529.0,4437.0,13154947.0,Sudeste,Mata Atlântica,1.0,43.0,29969.0,3.0,4.0
ascenty-hortolandia,tratamento,ascenty-hortolandia,dc_23c0e2a666;dc_2b7c5d95d1;dc_3357273eaa;dc_6fba998120,4,Hortolândia,SP,3519071,-22.896022,-47.179246,5,2019,2018,2022,1,durante,0.036282,bom,16,False,landsat,30,111548,rf_v1.0-tuned,945.18,4124.52,94.32,4846.95,28.35,0.094148,0.410837,0.009395,0.482797,0.002824,31.6212,32.2297,5.0381,44,230851.0,estimativa_intercensitaria,46222.0,51965.0,4759.0,14738378.0,Sudeste,Mata Atlântica,1.0,43.0,29969.0,3.0,4.0
ascenty-hortolandia,tratamento,ascenty-hortolandia,dc_23c0e2a666;dc_2b7c5d95d1;dc_3357273eaa;dc_6fba998120,4,Hortolândia,SP,3519071,-22.896022,-47.179246,5,2020,2018,2022,2,durante,0.036282,bom,16,False,landsat,30,111555,rf_v1.0-tuned,765.0,4093.65,109.98,5040.81,30.51,0.076196,0.407736,0.010954,0.502075,0.003039,32.0994,32.7899,4.2156,46,234259.0,estimativa_intercensitaria,46849.0,53067.0,5044.0,16386639.0,Sudeste,Mata Atlântica,1.0,43.0,29969.0,3.0,4.0
ascenty-hortolandia,tratamento,ascenty-hortolandia,dc_23c0e2a666;dc_2b7c5d95d1;dc_3357273eaa;dc_6fba998120,4,Hortolândia,SP,3519071,-22.896022,-47.179246,5,2021,2018,2022,3,durante,0.036282,bom,16,False,landsat,30,111550,rf_v1.0-tuned,431.64,3735.0,113.22,5735.79,23.85,0.042994,0.37203,0.011277,0.571322,0.002376,32.0817,33.2021,4.5881,46,237570.0,estimativa_intercensitaria,48701.0,55322.0,5502.0,18377822.0,Sudeste,Mata Atlântica,1.0,43.0,29969.0,3.0,4.0
ascenty-hortolandia,tratamento,ascenty-hortolandia,dc_23c0e2a666;dc_2b7c5d95d1;dc_3357273eaa;dc_6fba998120,4,Hortolândia,SP,3519071,-22.896022,-47.179246,5,2022,2018,2022,4,durante,0.036282,bom,16,False,landsat,30,111556,rf_v1.0-tuned,485.1,3855.78,101.61,5568.12,29.43,0.048317,0.38404,0.01012,0.554591,0.002931,30.4105,31.0664,3.7984,42,236641.0,censo,52612.0,63078.0,8386.0,21420797.0,Sudeste,Mata Atlântica,1.0,43.0,29969.0,3.0,4.0
ctrl-ascenty-jundiai-p01,controle,ascenty-jundiai,dc_1e8c6816f0,1,Campo Limpo Paulista,SP,3509601,-23.24767,-46.74807,5,2016,2019,2019,-3,pre,0.088258,bom,24,False,landsat,30,112225,rf_v1.0-tuned,3083.04,4340.88,24.21,2634.3,17.82,0.305244,0.429779,0.002397,0.260815,0.001764,26.5402,27.822,3.875,44,81693.0,estimativa_intercensitaria,12236.0,14167.0,1269.0,1764249.0,,,,,,,
ctrl-ascenty-jundiai-p01,controle,ascenty-jundiai,dc_1e8c6816f0,1,Campo Limpo Paulista,SP,3509601,-23.24767,-46.74807,5,2017,2019,2019,-2,pre,0.088258,bom,24,False,landsat,30,112225,rf_v1.0-tuned,3047.85,4315.95,23.49,2697.66,15.3,0.30176,0.427311,0.002326,0.267088,0.001515,26.3213,26.8426,3.9698,45,82520.0,estimativa_intercensitaria,12495.0,14462.0,1269.0,1850600.0,,,,,,,
ctrl-ascenty-jundiai-p01,controle,ascenty-jundiai,dc_1e8c6816f0,1,Campo Limpo Paulista,SP,3509601,-23.24767,-46.74807,5,2018,2019,2019,-1,pre,0.088258,bom,24,False,landsat,30,112224,rf_v1.0-tuned,3092.67,4314.15,52.29,2628.09,12.96,0.3062,0.427137,0.005177,0.260203,0.001283,26.1075,26.4614,3.3035,44,83735.0,estimativa_intercensitaria,12560.0,14241.0,1238.0,2102640.0,,,,,,,
ctrl-ascenty-jundiai-p01,controle,ascenty-jundiai,dc_1e8c6816f0,1,Campo Limpo Paulista,SP,3509601,-23.24767,-46.74807,5,2019,2019,2019,0,durante,0.088258,bom,24,False,landsat,30,112225,rf_v1.0-tuned,3679.92,3942.72,41.85,2418.57,17.19,0.364339,0.390359,0.004143,0.239456,0.001702,26.7993,26.8255,4.1224,46,84650.0,estimativa_intercensitaria,11696.0,13652.0,1367.0,2145809.0,,,,,,,
ctrl-ascenty-jundiai-p01,controle,ascenty-jundiai,dc_1e8c6816f0,1,Campo Limpo Paulista,SP,3509601,-23.24767,-46.74807,5,2020,2019,2019,1,pos,0.088258,bom,24,False,landsat,30,112225,rf_v1.0-tuned,3646.17,3931.29,41.04,2463.93,17.82,0.360998,0.389227,0.004063,0.243947,0.001764,26.815,27.1534,3.6511,46,85541.0,estimativa_intercensitaria,11728.0,13575.0,1413.0,2219744.0,,,,,,,
ctrl-ascenty-jundiai-p01,controle,ascenty-jundiai,dc_1e8c6816f0,1,Campo Limpo Paulista,SP,3509601,-23.24767,-46.74807,5,2021,2019,2019,2,pos,0.088258,bom,24,False,landsat,30,112225,rf_v1.0-tuned,2443.05,4528.8,42.75,3072.06,13.59,0.24188,0.448385,0.004233,0.304157,0.001346,26.4329,27.7132,4.1235,46,86407.0,estimativa_intercensitaria,12064.0,13816.0,1497.0,2530950.0,,,,,,,
ctrl-ascenty-jundiai-p01,controle,ascenty-jundiai,dc_1e8c6816f0,1,Campo Limpo Paulista,SP,3509601,-23.24767,-46.74807,5,2022,2019,2019,3,pos,0.088258,bom,24,False,landsat,30,112225,rf_v1.0-tuned,3267.99,4071.6,25.65,2720.07,14.94,0.323555,0.403119,0.00254,0.269307,0.001479,25.1671,25.7276,3.5152,44,77632.0,censo,12809.0,15788.0,2446.0,2976085.0,,,,,,,
ascenty-jundiai,tratamento,ascenty-jundiai,dc_1e8c6816f0,1,Jundiaí,SP,3525904,-23.191744,-46.974604,5,2016,2019,2019,-3,pre,0.088258,bom,24,False,landsat,30,110631,rf_v1.0-tuned,3081.15,4074.84,224.64,2518.11,58.05,0.309452,0.409252,0.022561,0.252904,0.00583,27.3208,28.5839,3.8675,44,405740.0,estimativa_intercensitaria,165524.0,188904.0,17099.0,40317016.0,Sudeste,Mata Atlântica,2.0,13.0,8993.0,3.0,1.0
ascenty-jundiai,tratamento,ascenty-jundiai,dc_1e8c6816f0,1,Jundiaí,SP,3525904,-23.191744,-46.974604,5,2017,2019,2019,-2,pre,0.088258,bom,24,False,landsat,30,111431,rf_v1.0-tuned,3013.11,4092.93,219.15,2649.69,53.91,0.300446,0.408118,0.021852,0.264208,0.005376,27.4339,28.39,3.8846,43,409497.0,estimativa_intercensitaria,161787.0,186225.0,17707.0,41084447.0,Sudeste,Mata Atlântica,2.0,13.0,8993.0,3.0,1.0
ascenty-jundiai,tratamento,ascenty-jundiai,dc_1e8c6816f0,1,Jundiaí,SP,3525904,-23.191744,-46.974604,5,2018,2019,2019,-1,pre,0.088258,bom,24,False,landsat,30,111204,rf_v1.0-tuned,2754.27,4534.65,195.03,2472.84,51.57,0.275197,0.453086,0.019487,0.247077,0.005153,27.1242,27.0817,3.202,44,414810.0,estimativa_intercensitaria,164279.0,188446.0,17788.0,43630306.0,Sudeste,Mata Atlântica,2.0,13.0,8993.0,3.0,1.0
ascenty-jundiai,tratamento,ascenty-jundiai,dc_1e8c6816f0,1,Jundiaí,SP,3525904,-23.191744,-46.974604,5,2019,2019,2019,0,durante,0.088258,bom,24,False,landsat,30,111455,rf_v1.0-tuned,3480.3,4031.01,145.35,2320.65,53.64,0.346956,0.401857,0.01449,0.231349,0.005347,27.411,26.7587,4.1169,45,418962.0,estimativa_intercensitaria,167534.0,194183.0,20143.0,46959283.0,Sudeste,Mata Atlântica,2.0,13.0,8993.0,3.0,1.0
ascenty-jundiai,tratamento,ascenty-jundiai,dc_1e8c6816f0,1,Jundiaí,SP,3525904,-23.191744,-46.974604,5,2020,2019,2019,1,pos,0.088258,bom,24,False,landsat,30,111446,rf_v1.0-tuned,3441.42,4073.49,124.56,2332.08,58.59,0.343108,0.406125,0.012419,0.232507,0.005841,28.4548,28.5597,3.7995,46,423006.0,estimativa_intercensitaria,162810.0,191073.0,20889.0,51740230.0,Sudeste,Mata Atlântica,2.0,13.0,8993.0,3.0,1.0
ascenty-jundiai,tratamento,ascenty-jundiai,dc_1e8c6816f0,1,Jundiaí,SP,3525904,-23.191744,-46.974604,5,2021,2019,2019,2,pos,0.088258,bom,24,False,landsat,30,111538,rf_v1.0-tuned,2610.54,4493.88,154.8,2730.6,48.6,0.260055,0.447668,0.015421,0.272015,0.004841,27.4275,28.7828,3.8532,46,426935.0,estimativa_intercensitaria,177226.0,206743.0,21969.0,57670893.0,Sudeste,Mata Atlântica,2.0,13.0,8993.0,3.0,1.0
ascenty-jundiai,tratamento,ascenty-jundiai,dc_1e8c6816f0,1,Jundiaí,SP,3525904,-23.191744,-46.974604,5,2022,2019,2019,3,pos,0.088258,bom,24,False,landsat,30,111349,rf_v1.0-tuned,2931.57,4286.25,116.73,2639.43,47.43,0.292531,0.427709,0.011648,0.263379,0.004733,26.275,26.5307,3.2117,42,443221.0,censo,181896.0,225325.0,31733.0,63835907.0,Sudeste,Mata Atlântica,2.0,13.0,8993.0,3.0,1.0
ctrl-ascenty-maracanau-p03,controle,ascenty-maracanau,,0,Caucaia,CE,2303709,-3.600568,-38.840375,5,2013,2014,2015,-1,pre,0.854877,ruim,36,False,landsat,30,111556,rf_v1.0-tuned,3533.04,4239.99,964.62,969.84,332.55,0.351895,0.422308,0.096077,0.096597,0.033122,32.1975,32.4975,2.957,46,,,34004.0,38400.0,3837.0,4750602.0,,,,,,,
ctrl-ascenty-maracanau-p03,controle,ascenty-maracanau,,0,Caucaia,CE,2303709,-3.600568,-38.840375,5,2014,2014,2015,0,durante,0.854877,ruim,36,False,landsat,30,111555,rf_v1.0-tuned,3461.31,4311.9,946.08,1013.58,307.08,0.344754,0.429474,0.094232,0.100955,0.030586,31.9927,32.5397,3.1141,46,,,41442.0,45566.0,3417.0,5582491.0,,,,,,,
ctrl-ascenty-maracanau-p03,controle,ascenty-maracanau,,0,Caucaia,CE,2303709,-3.600568,-38.840375,5,2015,2014,2015,1,durante,0.854877,ruim,36,False,landsat,30,111556,rf_v1.0-tuned,3145.68,4552.83,736.38,1159.02,446.13,0.313313,0.453467,0.073344,0.11544,0.044435,30.7778,30.4995,2.9156,45,,,42197.0,46568.0,3593.0,5743008.0,,,,,,,
ctrl-ascenty-maracanau-p03,controle,ascenty-maracanau,,0,Caucaia,CE,2303709,-3.600568,-38.840375,5,2016,2014,2015,2,pos,0.854877,ruim,36,False,landsat,30,111556,rf_v1.0-tuned,2731.32,4871.7,758.07,1260.18,418.77,0.272043,0.485227,0.075505,0.125515,0.04171,31.089,31.1018,3.1679,46,358164.0,estimativa_intercensitaria,32371.0,36890.0,3855.0,5443796.0,,,,,,,
ctrl-ascenty-maracanau-p03,controle,ascenty-maracanau,,0,Caucaia,CE,2303709,-3.600568,-38.840375,5,2017,2014,2015,3,pos,0.854877,ruim,36,False,landsat,30,111556,rf_v1.0-tuned,2909.16,4624.38,672.57,1409.31,424.62,0.289756,0.460594,0.066989,0.140369,0.042293,30.7155,30.137,2.8631,45,362223.0,estimativa_intercensitaria,35519.0,40036.0,3720.0,5862516.0,,,,,,,
ascenty-maracanau,tratamento,ascenty-maracanau,,0,Maracanaú,CE,2307650,-3.830803,-38.611253,5,2013,2014,2015,-1,pre,0.854877,ruim,36,False,landsat,30,111769,rf_v1.0-tuned,1766.61,2708.46,119.52,5271.39,193.23,0.175621,0.269252,0.011882,0.524036,0.019209,33.9145,34.2224,2.9623,41,,,56744.0,61544.0,3760.0,6291122.0,Nordeste,Caatinga,1.0,,,,
ascenty-maracanau,tratamento,ascenty-maracanau,,0,Maracanaú,CE,2307650,-3.830803,-38.611253,5,2014,2014,2015,0,durante,0.854877,ruim,36,False,landsat,30,111580,rf_v1.0-tuned,1801.08,2562.48,95.58,5399.01,184.05,0.179351,0.255171,0.009518,0.537632,0.018328,33.6985,33.9493,2.9283,41,,,57586.0,62149.0,3524.0,7029386.0,Nordeste,Caatinga,1.0,,,,
ascenty-maracanau,tratamento,ascenty-maracanau,,0,Maracanaú,CE,2307650,-3.830803,-38.611253,5,2015,2014,2015,1,durante,0.854877,ruim,36,False,landsat,30,111627,rf_v1.0-tuned,1422.09,2721.51,110.61,5562.72,229.5,0.141552,0.270893,0.01101,0.553701,0.022844,32.8113,32.3693,3.2405,42,,,60275.0,64818.0,3777.0,7896114.0,Nordeste,Caatinga,1.0,,,,
ascenty-maracanau,tratamento,ascenty-maracanau,,0,Maracanaú,CE,2307650,-3.830803,-38.611253,5,2016,2014,2015,2,pos,0.854877,ruim,36,False,landsat,30,111889,rf_v1.0-tuned,992.07,2895.66,92.97,5853.15,236.16,0.098517,0.287553,0.009232,0.581246,0.023452,33.8657,34.3801,2.9729,38,223188.0,estimativa_intercensitaria,53956.0,58251.0,3557.0,8100726.0,Nordeste,Caatinga,1.0,,,,
ascenty-maracanau,tratamento,ascenty-maracanau,,0,Maracanaú,CE,2307650,-3.830803,-38.611253,5,2017,2014,2015,3,pos,0.854877,ruim,36,False,landsat,30,111887,rf_v1.0-tuned,1278.0,2609.73,115.83,5835.87,230.4,0.126914,0.259163,0.011503,0.57954,0.02288,32.4851,32.5979,3.6212,41,224804.0,estimativa_intercensitaria,54196.0,58347.0,3422.0,8540212.0,Nordeste,Caatinga,1.0,,,,
ctrl-ascenty-osasco-p01,controle,ascenty-osasco,dc_363da00599;dc_f7606e1e75,2,Itapevi,SP,3522505,-23.529577,-46.928574,5,2017,2020,2023,-3,pre,0.265934,ruim,16,False,landsat,30,110913,rf_v1.0-tuned,2136.15,2695.32,73.08,5030.46,47.16,0.213997,0.270013,0.007321,0.503945,0.004724,27.546,28.3787,4.375,43,229502.0,estimativa_intercensitaria,32878.0,35618.0,2501.0,11253728.0,,,,,,,
ctrl-ascenty-osasco-p01,controle,ascenty-osasco,dc_363da00599;dc_f7606e1e75,2,Itapevi,SP,3522505,-23.529577,-46.928574,5,2018,2020,2023,-2,pre,0.265934,ruim,16,False,landsat,30,111257,rf_v1.0-tuned,2182.95,2732.31,102.24,4955.67,39.96,0.218009,0.272873,0.010211,0.494917,0.003991,27.6992,27.7362,4.003,44,234352.0,estimativa_intercensitaria,33766.0,36534.0,2475.0,12156244.0,,,,,,,
ctrl-ascenty-osasco-p01,controle,ascenty-osasco,dc_363da00599;dc_f7606e1e75,2,Itapevi,SP,3522505,-23.529577,-46.928574,5,2019,2020,2023,-1,pre,0.265934,ruim,16,False,landsat,30,111392,rf_v1.0-tuned,2591.55,2492.28,81.0,4814.82,45.63,0.258502,0.2486,0.00808,0.480268,0.004551,28.0512,28.9493,4.8519,45,237700.0,estimativa_intercensitaria,34543.0,37458.0,2659.0,12051610.0,,,,,,,
ctrl-ascenty-osasco-p01,controle,ascenty-osasco,dc_363da00599;dc_f7606e1e75,2,Itapevi,SP,3522505,-23.529577,-46.928574,5,2020,2020,2023,0,durante,0.265934,ruim,16,False,landsat,30,110931,rf_v1.0-tuned,2231.73,2666.88,108.0,4906.44,70.74,0.223535,0.267121,0.010818,0.491441,0.007085,28.0501,28.5287,4.4103,46,240961.0,estimativa_intercensitaria,33252.0,36275.0,2773.0,11873293.0,,,,,,,
ctrl-ascenty-osasco-p01,controle,ascenty-osasco,dc_363da00599;dc_f7606e1e75,2,Itapevi,SP,3522505,-23.529577,-46.928574,5,2021,2020,2023,1,durante,0.265934,ruim,16,False,landsat,30,111528,rf_v1.0-tuned,2274.84,2400.75,144.18,5167.08,50.67,0.226634,0.239178,0.014364,0.514777,0.005048,27.4981,28.776,4.7525,46,244131.0,estimativa_intercensitaria,35282.0,38552.0,2997.0,12854995.0,,,,,,,
ctrl-ascenty-osasco-p01,controle,ascenty-osasco,dc_363da00599;dc_f7606e1e75,2,Itapevi,SP,3522505,-23.529577,-46.928574,5,2022,2020,2023,2,durante,0.265934,ruim,16,False,landsat,30,111492,rf_v1.0-tuned,2163.24,2566.62,95.22,5158.89,50.31,0.215585,0.255785,0.009489,0.514127,0.005014,26.9143,27.0285,4.0489,44,232297.0,censo,38338.0,44711.0,5550.0,15017261.0,,,,,,,
ctrl-ascenty-osasco-p01,controle,ascenty-osasco,dc_363da00599;dc_f7606e1e75,2,Itapevi,SP,3522505,-23.529577,-46.928574,5,2023,2020,2023,3,durante,0.265934,ruim,16,False,landsat,30,110095,rf_v1.0-tuned,2431.44,2447.19,54.27,4924.08,51.57,0.245388,0.246978,0.005477,0.496953,0.005205,27.1763,28.3366,4.2159,45,,,40994.0,47708.0,5904.0,15615097.0,,,,,,,
ascenty-osasco,tratamento,ascenty-osasco,dc_363da00599;dc_f7606e1e75,2,Osasco,SP,3534401,-23.492259,-46.777232,5,2017,2020,2023,-3,pre,0.265934,ruim,16,False,landsat,30,111886,rf_v1.0-tuned,2011.32,1538.37,75.06,6361.11,83.88,0.199739,0.152772,0.007454,0.631705,0.00833,28.767,30.6044,4.7108,45,697886.0,estimativa_intercensitaria,156613.0,176694.0,16133.0,77927043.0,Sudeste,Mata Atlântica,1.0,13.0,11492.0,3.0,2.0
ascenty-osasco,tratamento,ascenty-osasco,dc_363da00599;dc_f7606e1e75,2,Osasco,SP,3534401,-23.492259,-46.777232,5,2018,2020,2023,-2,pre,0.265934,ruim,16,False,landsat,30,111884,rf_v1.0-tuned,2028.42,1592.73,80.37,6292.62,75.42,0.201441,0.158173,0.007981,0.624915,0.00749,28.6264,28.561,4.4855,45,696850.0,estimativa_intercensitaria,158207.0,177863.0,15878.0,76607992.0,Sudeste,Mata Atlântica,1.0,13.0,11492.0,3.0,2.0
ascenty-osasco,tratamento,ascenty-osasco,dc_363da00599;dc_f7606e1e75,2,Osasco,SP,3534401,-23.492259,-46.777232,5,2019,2020,2023,-1,pre,0.265934,ruim,16,False,landsat,30,111890,rf_v1.0-tuned,2259.18,1523.52,66.24,6130.62,90.54,0.224345,0.151291,0.006578,0.608794,0.008991,29.4147,29.4162,4.8155,46,698418.0,estimativa_intercensitaria,161102.0,181906.0,18330.0,81908401.0,Sudeste,Mata Atlântica,1.0,13.0,11492.0,3.0,2.0
ascenty-osasco,tratamento,ascenty-osasco,dc_363da00599;dc_f7606e1e75,2,Osasco,SP,3534401,-23.492259,-46.777232,5,2020,2020,2023,0,durante,0.265934,ruim,16,False,landsat,30,111688,rf_v1.0-tuned,2046.33,1557.81,94.32,6220.98,132.48,0.203576,0.154976,0.009383,0.618885,0.01318,29.1138,29.9569,5.2109,46,699944.0,estimativa_intercensitaria,158995.0,180746.0,18952.0,76612072.0,Sudeste,Mata Atlântica,1.0,13.0,11492.0,3.0,2.0
ascenty-osasco,tratamento,ascenty-osasco,dc_363da00599;dc_f7606e1e75,2,Osasco,SP,3534401,-23.492259,-46.777232,5,2021,2020,2023,1,durante,0.265934,ruim,16,False,landsat,30,111887,rf_v1.0-tuned,1892.97,1587.51,92.88,6411.51,84.96,0.187984,0.15765,0.009224,0.636705,0.008437,28.621,29.8707,5.0102,46,701428.0,estimativa_intercensitaria,178496.0,201049.0,20631.0,86111260.0,Sudeste,Mata Atlântica,1.0,13.0,11492.0,3.0,2.0
ascenty-osasco,tratamento,ascenty-osasco,dc_363da00599;dc_f7606e1e75,2,Osasco,SP,3534401,-23.492259,-46.777232,5,2022,2020,2023,2,durante,0.265934,ruim,16,False,landsat,30,111824,rf_v1.0-tuned,2009.07,1516.14,88.56,6355.8,94.59,0.199626,0.150647,0.0088,0.631528,0.009399,27.718,28.192,4.5382,44,728615.0,censo,191047.0,232878.0,38468.0,112145798.0,Sudeste,Mata Atlântica,1.0,13.0,11492.0,3.0,2.0
ascenty-osasco,tratamento,ascenty-osasco,dc_363da00599;dc_f7606e1e75,2,Osasco,SP,3534401,-23.492259,-46.777232,5,2023,2020,2023,3,durante,0.265934,ruim,16,False,landsat,30,111559,rf_v1.0-tuned,2167.2,1467.99,64.17,6233.31,107.64,0.21585,0.14621,0.006391,0.620828,0.010721,28.3784,30.1986,4.7874,45,,,209469.0,253872.0,40717.0,119404053.0,Sudeste,Mata Atlântica,1.0,13.0,11492.0,3.0,2.0
ctrl-ascenty-paulinia-p02,controle,ascenty-paulinia,dc_541dfaf17f,1,Americana,SP,3501608,-22.707019,-47.303129,5,2016,2019,2019,-3,pre,0.072125,bom,20,False,landsat,30,111556,rf_v1.0-tuned,963.63,4725.0,83.07,3780.18,488.16,0.095979,0.470616,0.008274,0.37651,0.048621,30.2664,31.7718,4.3087,44,231621.0,estimativa_intercensitaria,71436.0,86451.0,11142.0,10435437.0,,,,,,,
ctrl-ascenty-paulinia-p02,controle,ascenty-paulinia,dc_541dfaf17f,1,Americana,SP,3501608,-22.707019,-47.303129,5,2017,2019,2019,-2,pre,0.072125,bom,20,False,landsat,30,111556,rf_v1.0-tuned,893.7,4853.88,61.2,3786.21,445.05,0.089014,0.483452,0.006096,0.377111,0.044328,30.139,31.1196,4.7175,46,233868.0,estimativa_intercensitaria,71413.0,86444.0,11106.0,10984203.0,,,,,,,
ctrl-ascenty-paulinia-p02,controle,ascenty-paulinia,dc_541dfaf17f,1,Americana,SP,3501608,-22.707019,-47.303129,5,2018,2019,2019,-1,pre,0.072125,bom,20,False,landsat,30,111556,rf_v1.0-tuned,1068.84,4780.26,72.54,3837.6,280.8,0.106458,0.47612,0.007225,0.38223,0.027968,29.8409,29.6082,4.1318,45,237112.0,estimativa_intercensitaria,70836.0,86384.0,11301.0,11340521.0,,,,,,,
ctrl-ascenty-paulinia-p02,controle,ascenty-paulinia,dc_541dfaf17f,1,Americana,SP,3501608,-22.707019,-47.303129,5,2019,2019,2019,0,durante,0.072125,bom,20,False,landsat,30,111556,rf_v1.0-tuned,1225.89,4404.78,59.67,3932.55,417.15,0.1221,0.438721,0.005943,0.391687,0.041549,30.7465,31.1615,4.7045,45,239597.0,estimativa_intercensitaria,71482.0,87617.0,11983.0,11861436.0,,,,,,,
ctrl-ascenty-paulinia-p02,controle,ascenty-paulinia,dc_541dfaf17f,1,Americana,SP,3501608,-22.707019,-47.303129,5,2020,2019,2019,1,pos,0.072125,bom,20,False,landsat,30,111556,rf_v1.0-tuned,920.07,4771.08,61.74,3870.45,416.7,0.09164,0.475205,0.006149,0.385501,0.041504,31.0981,31.377,4.7286,46,242018.0,estimativa_intercensitaria,69998.0,86888.0,12458.0,11956361.0,,,,,,,
ctrl-ascenty-paulinia-p02,controle,ascenty-paulinia,dc_541dfaf17f,1,Americana,SP,3501608,-22.707019,-47.303129,5,2021,2019,2019,2,pos,0.072125,bom,20,False,landsat,30,111556,rf_v1.0-tuned,503.73,4688.19,75.96,4368.24,403.92,0.050172,0.466949,0.007566,0.435082,0.040231,31.2842,32.3258,4.9956,46,244370.0,estimativa_intercensitaria,74248.0,92027.0,13170.0,15217280.0,,,,,,,
ctrl-ascenty-paulinia-p02,controle,ascenty-paulinia,dc_541dfaf17f,1,Americana,SP,3501608,-22.707019,-47.303129,5,2022,2019,2019,3,pos,0.072125,bom,20,False,landsat,30,111556,rf_v1.0-tuned,709.74,4872.87,73.98,3955.5,427.95,0.070691,0.485344,0.007368,0.393973,0.042624,29.2722,30.0177,4.092,44,237240.0,censo,77171.0,102712.0,18384.0,16677591.0,,,,,,,
ascenty-paulinia,tratamento,ascenty-paulinia,dc_541dfaf17f,1,Paulínia,SP,3536505,-22.7974087,-47.1345476,5,2016,2019,2019,-3,pre,0.072125,bom,20,False,landsat,30,111556,rf_v1.0-tuned,760.86,4973.67,97.65,4092.39,115.47,0.075783,0.495383,0.009726,0.407607,0.011501,31.3377,31.8753,4.3613,43,100128.0,estimativa_intercensitaria,43167.0,47447.0,3481.0,36499593.0,Sudeste,Mata Atlântica,2.0,13.0,0.0,3.0,1.0
ascenty-paulinia,tratamento,ascenty-paulinia,dc_541dfaf17f,1,Paulínia,SP,3536505,-22.7974087,-47.1345476,5,2017,2019,2019,-2,pre,0.072125,bom,20,False,landsat,30,111556,rf_v1.0-tuned,796.68,5144.31,97.02,3900.6,101.43,0.07935,0.512379,0.009663,0.388504,0.010103,31.0803,31.4853,4.6313,44,102499.0,estimativa_intercensitaria,40120.0,44501.0,3585.0,35540436.0,Sudeste,Mata Atlântica,2.0,13.0,0.0,3.0,1.0
ascenty-paulinia,tratamento,ascenty-paulinia,dc_541dfaf17f,1,Paulínia,SP,3536505,-22.7974087,-47.1345476,5,2018,2019,2019,-1,pre,0.072125,bom,20,False,landsat,30,111556,rf_v1.0-tuned,893.34,4850.82,98.46,4103.19,94.23,0.088978,0.483147,0.009807,0.408683,0.009385,31.4341,31.8135,3.6826,45,106776.0,estimativa_intercensitaria,41249.0,45683.0,3573.0,32658835.0,Sudeste,Mata Atlântica,2.0,13.0,0.0,3.0,1.0
ascenty-paulinia,tratamento,ascenty-paulinia,dc_541dfaf17f,1,Paulínia,SP,3536505,-22.7974087,-47.1345476,5,2019,2019,2019,0,durante,0.072125,bom,20,False,landsat,30,111556,rf_v1.0-tuned,1247.4,4988.34,69.21,3640.14,94.95,0.124243,0.496845,0.006893,0.362562,0.009457,31.6709,31.668,4.8314,44,109424.0,estimativa_intercensitaria,44576.0,49189.0,3932.0,37366101.0,Sudeste,Mata Atlântica,2.0,13.0,0.0,3.0,1.0
ascenty-paulinia,tratamento,ascenty-paulinia,dc_541dfaf17f,1,Paulínia,SP,3536505,-22.7974087,-47.1345476,5,2020,2019,2019,1,pos,0.072125,bom,20,False,landsat,30,111556,rf_v1.0-tuned,975.96,4964.31,84.6,3926.97,88.2,0.097207,0.494451,0.008426,0.391131,0.008785,32.2728,32.3168,4.6649,46,112003.0,estimativa_intercensitaria,43098.0,48122.0,4253.0,39807062.0,Sudeste,Mata Atlântica,2.0,13.0,0.0,3.0,1.0
ascenty-paulinia,tratamento,ascenty-paulinia,dc_541dfaf17f,1,Paulínia,SP,3536505,-22.7974087,-47.1345476,5,2021,2019,2019,2,pos,0.072125,bom,20,False,landsat,30,111556,rf_v1.0-tuned,625.05,4857.3,129.33,4351.59,76.77,0.062256,0.483793,0.012881,0.433424,0.007646,32.183,32.6539,4.7774,46,114508.0,estimativa_intercensitaria,46086.0,51639.0,4758.0,52389437.0,Sudeste,Mata Atlântica,2.0,13.0,0.0,3.0,1.0
ascenty-paulinia,tratamento,ascenty-paulinia,dc_541dfaf17f,1,Paulínia,SP,3536505,-22.7974087,-47.1345476,5,2022,2019,2019,3,pos,0.072125,bom,20,False,landsat,30,111556,rf_v1.0-tuned,794.25,5015.07,113.04,4040.82,76.86,0.079108,0.499507,0.011259,0.402471,0.007655,30.3678,31.1206,3.5707,42,110537.0,censo,50393.0,59074.0,6975.0,70496584.0,Sudeste,Mata Atlântica,2.0,13.0,0.0,3.0,1.0
ctrl-ascenty-sumare-p01,controle,ascenty-sumare,dc_211c584638,1,Indaiatuba,SP,3520509,-23.059824,-47.220048,5,2014,2017,2019,-3,pre,0.411088,ruim,28,False,landsat,30,111556,rf_v1.0-tuned,815.76,6202.89,85.86,2852.91,82.62,0.081251,0.617815,0.008552,0.284153,0.008229,31.1446,31.9908,4.3649,46,,,74383.0,86202.0,9330.0,11784749.0,,,,,,,
ctrl-ascenty-sumare-p01,controle,ascenty-sumare,dc_211c584638,1,Indaiatuba,SP,3520509,-23.059824,-47.220048,5,2015,2017,2019,-2,pre,0.411088,ruim,28,False,landsat,30,111556,rf_v1.0-tuned,1295.46,5991.57,49.68,2600.46,102.87,0.129029,0.596768,0.004948,0.259009,0.010246,29.5255,29.7543,4.218,43,,,72188.0,84334.0,9490.0,11634861.0,,,,,,,
ctrl-ascenty-sumare-p01,controle,ascenty-sumare,dc_211c584638,1,Indaiatuba,SP,3520509,-23.059824,-47.220048,5,2016,2017,2019,-1,pre,0.411088,ruim,28,False,landsat,30,111556,rf_v1.0-tuned,948.33,6099.57,40.86,2831.31,119.97,0.094455,0.607524,0.00407,0.282002,0.011949,29.803,31.3076,4.0322,44,235367.0,estimativa_intercensitaria,71846.0,83571.0,9355.0,12282381.0,,,,,,,
ctrl-ascenty-sumare-p01,controle,ascenty-sumare,dc_211c584638,1,Indaiatuba,SP,3520509,-23.059824,-47.220048,5,2017,2017,2019,0,durante,0.411088,ruim,28,False,landsat,30,111556,rf_v1.0-tuned,917.19,5851.35,115.74,3037.59,118.17,0.091353,0.582801,0.011528,0.302548,0.01177,29.8685,30.6189,4.276,44,239602.0,estimativa_intercensitaria,72326.0,84423.0,9447.0,14024836.0,,,,,,,
ctrl-ascenty-sumare-p01,controle,ascenty-sumare,dc_211c584638,1,Indaiatuba,SP,3520509,-23.059824,-47.220048,5,2018,2017,2019,1,durante,0.411088,ruim,28,False,landsat,30,111556,rf_v1.0-tuned,865.62,6111.45,66.06,2878.02,118.89,0.086217,0.608708,0.00658,0.286654,0.011842,29.5167,30.1395,4.0427,45,246908.0,estimativa_intercensitaria,74092.0,86388.0,9574.0,15595708.0,,,,,,,
ctrl-ascenty-sumare-p01,controle,ascenty-sumare,dc_211c584638,1,Indaiatuba,SP,3520509,-23.059824,-47.220048,5,2019,2017,2019,2,durante,0.411088,ruim,28,False,landsat,30,111556,rf_v1.0-tuned,1597.95,5539.86,29.79,2748.78,123.66,0.159158,0.551777,0.002967,0.273782,0.012317,30.0482,30.4382,4.6497,45,251627.0,estimativa_intercensitaria,77260.0,90458.0,10719.0,16712153.0,,,,,,,
ctrl-ascenty-sumare-p01,controle,ascenty-sumare,dc_211c584638,1,Indaiatuba,SP,3520509,-23.059824,-47.220048,5,2020,2017,2019,3,pos,0.411088,ruim,28,False,landsat,30,111556,rf_v1.0-tuned,1050.93,5908.05,55.8,2906.01,119.25,0.104674,0.588449,0.005558,0.289442,0.011877,30.9061,30.946,4.304,45,256223.0,estimativa_intercensitaria,74364.0,89082.0,11575.0,18361067.0,,,,,,,
ascenty-sumare,tratamento,ascenty-sumare,dc_211c584638,1,Sumaré,SP,3552403,-22.8069862,-47.2200481,5,2014,2017,2019,-3,pre,0.411088,ruim,28,False,landsat,30,111883,rf_v1.0-tuned,278.46,4805.01,288.27,4652.01,45.72,0.027654,0.477186,0.028628,0.461992,0.00454,32.6662,33.2724,4.8508,45,,,54207.0,62056.0,6015.0,11646358.0,Sudeste,Mata Atlântica,1.0,34.0,0.0,3.0,2.0
ascenty-sumare,tratamento,ascenty-sumare,dc_211c584638,1,Sumaré,SP,3552403,-22.8069862,-47.2200481,5,2015,2017,2019,-2,pre,0.411088,ruim,28,False,landsat,30,111890,rf_v1.0-tuned,494.73,5002.38,197.19,4320.9,54.9,0.049129,0.496756,0.019582,0.429082,0.005452,30.8186,30.8618,4.2417,42,,,54008.0,61831.0,5832.0,12258170.0,Sudeste,Mata Atlântica,1.0,34.0,0.0,3.0,2.0
ascenty-sumare,tratamento,ascenty-sumare,dc_211c584638,1,Sumaré,SP,3552403,-22.8069862,-47.2200481,5,2016,2017,2019,-1,pre,0.411088,ruim,28,False,landsat,30,111890,rf_v1.0-tuned,342.45,4714.56,207.63,4743.0,62.46,0.034007,0.468174,0.020618,0.470998,0.006203,31.1843,32.539,4.292,44,269522.0,estimativa_intercensitaria,55230.0,62878.0,5800.0,12237213.0,Sudeste,Mata Atlântica,1.0,34.0,0.0,3.0,2.0
ascenty-sumare,tratamento,ascenty-sumare,dc_211c584638,1,Sumaré,SP,3552403,-22.8069862,-47.2200481,5,2017,2017,2019,0,durante,0.411088,ruim,28,False,landsat,30,111890,rf_v1.0-tuned,317.88,4451.31,217.89,5027.85,55.17,0.031567,0.442032,0.021637,0.499285,0.005479,31.1194,31.6691,4.3785,45,273007.0,estimativa_intercensitaria,52747.0,60279.0,5750.0,13615800.0,Sudeste,Mata Atlântica,1.0,34.0,0.0,3.0,2.0
ascenty-sumare,tratamento,ascenty-sumare,dc_211c584638,1,Sumaré,SP,3552403,-22.8069862,-47.2200481,5,2018,2017,2019,1,durante,0.411088,ruim,28,False,landsat,30,111890,rf_v1.0-tuned,343.98,4740.12,232.47,4703.13,50.4,0.034159,0.470712,0.023085,0.467039,0.005005,31.1359,31.5264,3.9171,45,278571.0,estimativa_intercensitaria,54288.0,61985.0,5947.0,14438510.0,Sudeste,Mata Atlântica,1.0,34.0,0.0,3.0,2.0
ascenty-sumare,tratamento,ascenty-sumare,dc_211c584638,1,Sumaré,SP,3552403,-22.8069862,-47.2200481,5,2019,2017,2019,2,durante,0.411088,ruim,28,False,landsat,30,111889,rf_v1.0-tuned,587.61,4796.91,178.2,4456.44,50.85,0.058352,0.476356,0.017696,0.442546,0.00505,31.5931,32.0841,4.8346,44,282441.0,estimativa_intercensitaria,54015.0,61649.0,6163.0,14913287.0,Sudeste,Mata Atlântica,1.0,34.0,0.0,3.0,2.0
ascenty-sumare,tratamento,ascenty-sumare,dc_211c584638,1,Sumaré,SP,3552403,-22.8069862,-47.2200481,5,2020,2017,2019,3,pos,0.411088,ruim,28,False,landsat,30,111890,rf_v1.0-tuned,392.13,4636.62,216.81,4779.45,45.09,0.03894,0.460434,0.02153,0.474618,0.004478,32.199,32.7343,4.3973,46,286211.0,estimativa_intercensitaria,54139.0,62198.0,6449.0,13672590.0,Sudeste,Mata Atlântica,1.0,34.0,0.0,3.0,2.0
ctrl-ascenty-vinhedo-p02,controle,ascenty-vinhedo,,0,Campinas,SP,3509502,-22.817167,-47.011893,5,2016,2019,2020,-3,pre,0.131596,aceitavel,28,False,landsat,30,111556,rf_v1.0-tuned,953.64,6534.45,67.05,2355.39,129.51,0.094984,0.650839,0.006678,0.2346,0.012899,29.9206,31.2242,3.954,43,1173370.0,estimativa_intercensitaria,400781.0,462579.0,47742.0,57778152.0,,,,,,,
ctrl-ascenty-vinhedo-p02,controle,ascenty-vinhedo,,0,Campinas,SP,3509502,-22.817167,-47.011893,5,2017,2019,2020,-2,pre,0.131596,aceitavel,28,False,landsat,30,111556,rf_v1.0-tuned,842.22,6461.1,74.07,2547.81,114.84,0.083886,0.643533,0.007377,0.253765,0.011438,29.3745,30.4043,4.2029,45,1182429.0,estimativa_intercensitaria,401356.0,462058.0,46483.0,58469540.0,,,,,,,
ctrl-ascenty-vinhedo-p02,controle,ascenty-vinhedo,,0,Campinas,SP,3509502,-22.817167,-47.011893,5,2018,2019,2020,-1,pre,0.131596,aceitavel,28,False,landsat,30,111453,rf_v1.0-tuned,962.82,6538.14,63.27,2357.64,108.9,0.095987,0.651808,0.006308,0.235041,0.010857,29.4419,30.2542,3.3588,44,1194094.0,estimativa_intercensitaria,401348.0,461871.0,46943.0,61388555.0,,,,,,,
ctrl-ascenty-vinhedo-p02,controle,ascenty-vinhedo,,0,Campinas,SP,3509502,-22.817167,-47.011893,5,2019,2019,2020,0,durante,0.131596,aceitavel,28,False,landsat,30,111394,rf_v1.0-tuned,1320.03,6426.63,45.63,2119.77,113.4,0.131668,0.641031,0.004551,0.211439,0.011311,30.2983,30.4617,4.3979,44,1204073.0,estimativa_intercensitaria,400552.0,464714.0,51008.0,65837258.0,,,,,,,
ctrl-ascenty-vinhedo-p02,controle,ascenty-vinhedo,,0,Campinas,SP,3509502,-22.817167,-47.011893,5,2020,2019,2020,1,durante,0.131596,aceitavel,28,False,landsat,30,111392,rf_v1.0-tuned,1454.67,6412.59,40.95,2008.17,108.9,0.1451,0.639642,0.004085,0.200311,0.010863,30.843,30.3861,4.4164,46,1213792.0,estimativa_intercensitaria,385683.0,452658.0,53005.0,65158382.0,,,,,,,
ctrl-ascenty-vinhedo-p02,controle,ascenty-vinhedo,,0,Campinas,SP,3509502,-22.817167,-47.011893,5,2021,2019,2020,2,pos,0.131596,aceitavel,28,False,landsat,30,111531,rf_v1.0-tuned,472.77,6864.93,61.65,2545.47,92.97,0.047099,0.683909,0.006142,0.253589,0.009262,30.7956,30.9531,4.227,46,1223237.0,estimativa_intercensitaria,404030.0,474810.0,56149.0,72946910.0,,,,,,,
ctrl-ascenty-vinhedo-p02,controle,ascenty-vinhedo,,0,Campinas,SP,3509502,-22.817167,-47.011893,5,2022,2019,2020,3,pos,0.131596,aceitavel,28,False,landsat,30,111533,rf_v1.0-tuned,1120.5,6241.41,57.69,2517.21,101.16,0.111626,0.62178,0.005747,0.250769,0.010078,28.9387,29.1682,3.2068,44,1139047.0,censo,420374.0,532090.0,82954.0,80646591.0,,,,,,,
ascenty-vinhedo,tratamento,ascenty-vinhedo,,0,Vinhedo,SP,3556701,-23.0700044,-47.0118926,5,2016,2019,2020,-3,pre,0.131596,aceitavel,28,False,landsat,30,111854,rf_v1.0-tuned,1745.64,5718.51,93.87,2377.53,131.31,0.173405,0.568053,0.009325,0.236174,0.013044,28.2856,29.4042,3.7533,43,73855.0,estimativa_intercensitaria,35123.0,39411.0,3397.0,8085038.0,Sudeste,Mata Atlântica,1.0,61.0,45978.0,3.0,2.0
ascenty-vinhedo,tratamento,ascenty-vinhedo,,0,Vinhedo,SP,3556701,-23.0700044,-47.0118926,5,2017,2019,2020,-2,pre,0.131596,aceitavel,28,False,landsat,30,111890,rf_v1.0-tuned,1619.82,5726.79,98.64,2499.21,125.64,0.160854,0.568692,0.009795,0.248181,0.012477,28.2084,28.7864,4.0302,44,75129.0,estimativa_intercensitaria,34638.0,38925.0,3426.0,8704161.0,Sudeste,Mata Atlântica,1.0,61.0,45978.0,3.0,2.0
ascenty-vinhedo,tratamento,ascenty-vinhedo,,0,Vinhedo,SP,3556701,-23.0700044,-47.0118926,5,2018,2019,2020,-1,pre,0.131596,aceitavel,28,False,landsat,30,111872,rf_v1.0-tuned,1497.69,5900.22,86.58,2468.43,115.56,0.14875,0.586009,0.008599,0.245164,0.011477,28.305,28.6076,3.3171,43,77308.0,estimativa_intercensitaria,35386.0,39677.0,3403.0,9275194.0,Sudeste,Mata Atlântica,1.0,61.0,45978.0,3.0,2.0
ascenty-vinhedo,tratamento,ascenty-vinhedo,,0,Vinhedo,SP,3556701,-23.0700044,-47.0118926,5,2019,2019,2020,0,durante,0.131596,aceitavel,28,False,landsat,30,111885,rf_v1.0-tuned,2262.78,5385.78,60.48,2240.37,120.24,0.224713,0.534853,0.006006,0.222487,0.011941,28.7315,28.8064,4.3648,45,78728.0,estimativa_intercensitaria,36987.0,41726.0,3960.0,9665022.0,Sudeste,Mata Atlântica,1.0,61.0,45978.0,3.0,2.0
ascenty-vinhedo,tratamento,ascenty-vinhedo,,0,Vinhedo,SP,3556701,-23.0700044,-47.0118926,5,2020,2019,2020,1,durante,0.131596,aceitavel,28,False,landsat,30,111783,rf_v1.0-tuned,2003.76,5641.38,89.28,2204.46,121.59,0.199172,0.560747,0.008874,0.219121,0.012086,29.631,29.7284,3.8049,45,80111.0,estimativa_intercensitaria,37756.0,43122.0,4239.0,10493525.0,Sudeste,Mata Atlântica,1.0,61.0,45978.0,3.0,2.0
ascenty-vinhedo,tratamento,ascenty-vinhedo,,0,Vinhedo,SP,3556701,-23.0700044,-47.0118926,5,2021,2019,2020,2,pos,0.131596,aceitavel,28,False,landsat,30,111886,rf_v1.0-tuned,1536.03,5703.12,95.85,2621.43,113.31,0.152539,0.566362,0.009519,0.260327,0.011253,28.7235,29.3859,4.0962,46,81516.0,estimativa_intercensitaria,40639.0,46359.0,4545.0,12557909.0,Sudeste,Mata Atlântica,1.0,61.0,45978.0,3.0,2.0
ascenty-vinhedo,tratamento,ascenty-vinhedo,,0,Vinhedo,SP,3556701,-23.0700044,-47.0118926,5,2022,2019,2020,3,pos,0.131596,aceitavel,28,False,landsat,30,111884,rf_v1.0-tuned,1909.53,5456.7,59.04,2527.11,117.18,0.189634,0.541901,0.005863,0.250965,0.011637,27.393,28.0248,3.4379,41,76540.0,censo,42677.0,52342.0,6854.0,14061248.0,Sudeste,Mata Atlântica,1.0,61.0,45978.0,3.0,2.0
ctrl-clickip-manaus-p01,controle,clickip-manaus,,0,Iranduba,AM,1301852,-3.200229,-60.239135,5,2020,2023,2024,-3,pre,1.369247,ruim,32,False,s2,10,1004004,rf_v1.0-tuned,6790.9,2683.64,76.67,69.84,418.99,0.676382,0.267294,0.007636,0.006956,0.041732,28.0803,28.7332,3.8237,45,49011.0,estimativa_intercensitaria,3739.0,4231.0,417.0,727697.0,,,,,,,
ctrl-clickip-manaus-p01,controle,clickip-manaus,,0,Iranduba,AM,1301852,-3.200229,-60.239135,5,2021,2023,2024,-2,pre,1.369247,ruim,32,False,s2,10,1004004,rf_v1.0-tuned,6711.64,2716.36,72.31,70.28,469.45,0.668487,0.270553,0.007202,0.007,0.046758,28.3575,28.5653,2.058,39,49718.0,estimativa_intercensitaria,4752.0,5283.0,411.0,1001862.0,,,,,,,
ctrl-clickip-manaus-p01,controle,clickip-manaus,,0,Iranduba,AM,1301852,-3.200229,-60.239135,5,2022,2023,2024,-1,pre,1.369247,ruim,32,False,s2,10,1004004,rf_v1.0-tuned,6714.61,2719.45,94.41,90.94,420.63,0.668783,0.27086,0.009403,0.009058,0.041895,28.4326,28.4237,2.038,39,61163.0,censo,5551.0,6914.0,1215.0,1044312.0,,,,,,,
ctrl-clickip-manaus-p01,controle,clickip-manaus,,0,Iranduba,AM,1301852,-3.200229,-60.239135,5,2023,2023,2024,0,durante,1.369247,ruim,32,False,s2,10,1004004,rf_v1.0-tuned,6629.67,2833.45,82.9,97.59,396.43,0.660323,0.282215,0.008257,0.00972,0.039485,29.6777,29.19,2.5209,37,,,6457.0,7943.0,1314.0,1263496.0,,,,,,,
ctrl-clickip-manaus-p01,controle,clickip-manaus,,0,Iranduba,AM,1301852,-3.200229,-60.239135,5,2024,2023,2024,1,durante,1.369247,ruim,32,False,s2,10,1004004,rf_v1.0-tuned,6602.75,2856.16,108.14,114.53,358.46,0.657642,0.284477,0.010771,0.011407,0.035703,29.225,28.9743,2.1389,45,67114.0,estimativa_intercensitaria,6984.0,8640.0,1449.0,,,,,,,,
ctrl-clickip-manaus-p01,controle,clickip-manaus,,0,Iranduba,AM,1301852,-3.200229,-60.239135,5,2025,2023,2024,2,pos,1.369247,ruim,32,False,s2,10,1004004,rf_v1.0-tuned,7163.61,2270.63,69.59,93.37,442.84,0.713504,0.226157,0.006931,0.0093,0.044107,27.4376,27.3182,1.2131,42,68862.0,estimativa_intercensitaria,,,,,,,,,,,
clickip-manaus,tratamento,clickip-manaus,,0,Manaus,AM,1302603,-3.055564,-59.989801,5,2020,2023,2024,-3,pre,1.369247,ruim,32,False,s2,10,1007010,rf_v1.0-tuned,1384.35,1732.46,939.58,6004.47,9.24,0.137471,0.17204,0.093304,0.596267,0.000918,35.4074,36.0882,3.1055,30,2219580.0,estimativa_intercensitaria,492343.0,526003.0,27395.0,91773536.0,Norte,Amazônia,1.0,,,,
clickip-manaus,tratamento,clickip-manaus,,0,Manaus,AM,1302603,-3.055564,-59.989801,5,2021,2023,2024,-2,pre,1.369247,ruim,32,False,s2,10,1007010,rf_v1.0-tuned,1317.51,1823.5,822.3,6090.28,16.51,0.130834,0.181081,0.081658,0.604788,0.00164,34.1382,35.1558,4.1034,29,2255903.0,estimativa_intercensitaria,519130.0,554913.0,28737.0,103281400.0,Norte,Amazônia,1.0,,,,
clickip-manaus,tratamento,clickip-manaus,,0,Manaus,AM,1302603,-3.055564,-59.989801,5,2022,2023,2024,-1,pre,1.369247,ruim,32,False,s2,10,1007010,rf_v1.0-tuned,1366.22,1614.78,859.77,6220.37,8.96,0.135671,0.160354,0.085378,0.617707,0.00089,33.791,34.7884,2.9497,29,2063689.0,censo,554669.0,636830.0,67347.0,113465435.0,Norte,Amazônia,1.0,,,,
clickip-manaus,tratamento,clickip-manaus,,0,Manaus,AM,1302603,-3.055564,-59.989801,5,2023,2023,2024,0,durante,1.369247,ruim,32,False,s2,10,1007010,rf_v1.0-tuned,1221.68,1697.63,858.43,6284.8,7.56,0.121318,0.168581,0.085245,0.624105,0.000751,34.6491,35.8832,3.2152,27,,,570748.0,658099.0,72121.0,127649795.0,Norte,Amazônia,1.0,,,,
clickip-manaus,tratamento,clickip-manaus,,0,Manaus,AM,1302603,-3.055564,-59.989801,5,2024,2023,2024,1,durante,1.369247,ruim,32,False,s2,10,1007010,rf_v1.0-tuned,1396.97,1468.0,876.45,6321.88,6.8,0.138725,0.145778,0.087035,0.627787,0.000675,34.2131,34.8068,2.1186,32,2279686.0,estimativa_intercensitaria,599717.0,692491.0,77108.0,,Norte,Amazônia,1.0,,,,
clickip-manaus,tratamento,clickip-manaus,,0,Manaus,AM,1302603,-3.055564,-59.989801,5,2025,2023,2024,2,pos,1.369247,ruim,32,False,s2,10,1007010,rf_v1.0-tuned,1354.56,1634.62,838.92,6232.5,9.5,0.134513,0.162324,0.083308,0.618911,0.000943,30.1198,30.2912,3.426,35,2303732.0,estimativa_intercensitaria,,,,,Norte,Amazônia,1.0,,,,
ctrl-equinix-santana-parnaiba-p01,controle,equinix-santana-parnaiba,dc_dd22938cb6,1,Cajamar,SP,3509205,-23.315899,-46.859912,5,2017,2020,2021,-3,pre,0.541542,ruim,16,False,landsat,30,111547,rf_v1.0-tuned,5411.43,3315.24,67.86,1228.77,15.93,0.539028,0.330229,0.006759,0.122397,0.001587,24.8501,25.3905,3.76,44,73921.0,estimativa_intercensitaria,36691.0,39088.0,2091.0,14807216.0,,,,,,,
ctrl-equinix-santana-parnaiba-p01,controle,equinix-santana-parnaiba,dc_dd22938cb6,1,Cajamar,SP,3509205,-23.315899,-46.859912,5,2018,2020,2021,-2,pre,0.541542,ruim,16,False,landsat,30,110570,rf_v1.0-tuned,5433.03,3246.3,77.94,1177.92,16.11,0.545962,0.326219,0.007832,0.118368,0.001619,24.7691,24.7959,3.1274,44,75638.0,estimativa_intercensitaria,39080.0,41501.0,2166.0,16971943.0,,,,,,,
ctrl-equinix-santana-parnaiba-p01,controle,equinix-santana-parnaiba,dc_dd22938cb6,1,Cajamar,SP,3509205,-23.315899,-46.859912,5,2019,2020,2021,-1,pre,0.541542,ruim,16,False,landsat,30,111555,rf_v1.0-tuned,5936.85,2848.95,75.42,1160.19,18.54,0.591323,0.283761,0.007512,0.115557,0.001847,25.4108,25.4072,3.8793,46,76801.0,estimativa_intercensitaria,41598.0,44191.0,2366.0,19461581.0,,,,,,,
ctrl-equinix-santana-parnaiba-p01,controle,equinix-santana-parnaiba,dc_dd22938cb6,1,Cajamar,SP,3509205,-23.315899,-46.859912,5,2020,2020,2021,0,durante,0.541542,ruim,16,False,landsat,30,111329,rf_v1.0-tuned,5949.99,2779.92,74.16,1191.24,24.3,0.593834,0.277448,0.007401,0.118891,0.002425,25.3574,25.8298,3.3673,45,77934.0,estimativa_intercensitaria,49602.0,52361.0,2534.0,21270946.0,,,,,,,
ctrl-equinix-santana-parnaiba-p01,controle,equinix-santana-parnaiba,dc_dd22938cb6,1,Cajamar,SP,3509205,-23.315899,-46.859912,5,2021,2020,2021,1,durante,0.541542,ruim,16,False,landsat,30,111373,rf_v1.0-tuned,5050.89,3405.69,95.76,1453.14,18.09,0.503901,0.339768,0.009553,0.144972,0.001805,24.8613,25.8622,4.1051,46,79034.0,estimativa_intercensitaria,52368.0,55163.0,2726.0,22713160.0,,,,,,,
ctrl-equinix-santana-parnaiba-p01,controle,equinix-santana-parnaiba,dc_dd22938cb6,1,Cajamar,SP,3509205,-23.315899,-46.859912,5,2022,2020,2021,2,pos,0.541542,ruim,16,False,landsat,30,111272,rf_v1.0-tuned,5452.47,3021.39,64.8,1451.7,24.12,0.544459,0.301702,0.006471,0.14496,0.002409,24.2207,24.7706,3.204,43,92689.0,censo,51756.0,57072.0,4695.0,24330164.0,,,,,,,
ctrl-equinix-santana-parnaiba-p01,controle,equinix-santana-parnaiba,dc_dd22938cb6,1,Cajamar,SP,3509205,-23.315899,-46.859912,5,2023,2020,2021,3,pos,0.541542,ruim,16,False,landsat,30,111412,rf_v1.0-tuned,5720.58,2779.47,87.66,1416.51,22.86,0.570513,0.277196,0.008742,0.141268,0.00228,24.5275,25.4679,3.5042,46,,,57687.0,63436.0,5328.0,28984602.0,,,,,,,
equinix-santana-parnaiba,tratamento,equinix-santana-parnaiba,dc_dd22938cb6,1,Santana de Parnaíba,SP,3547304,-23.460369,-46.859912,5,2017,2020,2021,-3,pre,0.541542,ruim,16,False,landsat,30,111885,rf_v1.0-tuned,3375.54,2494.35,68.22,4021.38,110.16,0.335219,0.24771,0.006775,0.399356,0.01094,26.6903,27.6026,4.2416,45,131887.0,estimativa_intercensitaria,54197.0,68205.0,9034.0,8784815.0,Sudeste,Mata Atlântica,1.0,14.4,5087.0,,1.0
equinix-santana-parnaiba,tratamento,equinix-santana-parnaiba,dc_dd22938cb6,1,Santana de Parnaíba,SP,3547304,-23.460369,-46.859912,5,2018,2020,2021,-2,pre,0.541542,ruim,16,False,landsat,30,111878,rf_v1.0-tuned,3278.16,2587.05,91.8,4004.91,107.1,0.325569,0.256932,0.009117,0.397746,0.010637,26.8299,26.9471,3.7553,45,136517.0,estimativa_intercensitaria,53866.0,66464.0,8260.0,9231821.0,Sudeste,Mata Atlântica,1.0,14.4,5087.0,,1.0
equinix-santana-parnaiba,tratamento,equinix-santana-parnaiba,dc_dd22938cb6,1,Santana de Parnaíba,SP,3547304,-23.460369,-46.859912,5,2019,2020,2021,-1,pre,0.541542,ruim,16,False,landsat,30,111890,rf_v1.0-tuned,3738.15,2350.53,72.45,3793.23,115.74,0.371213,0.233417,0.007195,0.376682,0.011493,27.446,27.5016,4.3111,46,139447.0,estimativa_intercensitaria,55042.0,67582.0,9427.0,9475380.0,Sudeste,Mata Atlântica,1.0,14.4,5087.0,,1.0
equinix-santana-parnaiba,tratamento,equinix-santana-parnaiba,dc_dd22938cb6,1,Santana de Parnaíba,SP,3547304,-23.460369,-46.859912,5,2020,2020,2021,0,durante,0.541542,ruim,16,False,landsat,30,111882,rf_v1.0-tuned,3465.63,2452.59,66.96,3951.72,132.48,0.344175,0.243569,0.00665,0.392449,0.013157,26.9395,27.459,4.7401,46,142301.0,estimativa_intercensitaria,53933.0,66805.0,9496.0,9962481.0,Sudeste,Mata Atlântica,1.0,14.4,5087.0,,1.0
equinix-santana-parnaiba,tratamento,equinix-santana-parnaiba,dc_dd22938cb6,1,Santana de Parnaíba,SP,3547304,-23.460369,-46.859912,5,2021,2020,2021,1,durante,0.541542,ruim,16,False,landsat,30,111879,rf_v1.0-tuned,3270.24,2409.48,87.66,4192.38,109.35,0.324779,0.239294,0.008706,0.416361,0.01086,26.4704,27.6735,4.4035,46,145073.0,estimativa_intercensitaria,55735.0,68748.0,9606.0,11544903.0,Sudeste,Mata Atlântica,1.0,14.4,5087.0,,1.0
equinix-santana-parnaiba,tratamento,equinix-santana-parnaiba,dc_dd22938cb6,1,Santana de Parnaíba,SP,3547304,-23.460369,-46.859912,5,2022,2020,2021,2,pos,0.541542,ruim,16,False,landsat,30,111790,rf_v1.0-tuned,3379.95,2333.25,47.79,4176.36,123.75,0.335942,0.231908,0.00475,0.4151,0.0123,25.8109,26.4443,3.9297,43,154105.0,censo,60682.0,83151.0,15190.0,12774324.0,Sudeste,Mata Atlântica,1.0,14.4,5087.0,,1.0
equinix-santana-parnaiba,tratamento,equinix-santana-parnaiba,dc_dd22938cb6,1,Santana de Parnaíba,SP,3547304,-23.460369,-46.859912,5,2023,2020,2021,3,pos,0.541542,ruim,16,False,landsat,30,111733,rf_v1.0-tuned,3655.8,2203.65,50.94,4022.37,123.21,0.363545,0.219138,0.005066,0.399998,0.012252,26.196,27.0888,4.1349,46,,,62749.0,85979.0,15675.0,14328397.0,Sudeste,Mata Atlântica,1.0,14.4,5087.0,,1.0
ctrl-everest-goiania-p01,controle,everest-goiania,,0,Goiânia,GO,5208707,-16.781817,-49.399659,5,2018,2021,2023,-3,pre,0.8661,ruim,20,True,landsat,30,112225,rf_v1.0-tuned,1271.97,6021.36,117.09,2665.98,23.85,0.125935,0.59616,0.011593,0.263952,0.002361,31.0073,29.9827,3.2787,44,1495705.0,estimativa_intercensitaria,580767.0,658062.0,59951.0,49347603.0,,,,,,,
ctrl-everest-goiania-p01,controle,everest-goiania,,0,Goiânia,GO,5208707,-16.781817,-49.399659,5,2019,2021,2023,-2,pre,0.8661,ruim,20,True,landsat,30,112225,rf_v1.0-tuned,1095.93,5601.69,118.17,3257.73,26.73,0.108505,0.554609,0.0117,0.32254,0.002646,32.8081,31.5819,4.0587,45,1516113.0,estimativa_intercensitaria,578917.0,661028.0,65866.0,52978067.0,,,,,,,
ctrl-everest-goiania-p01,controle,everest-goiania,,0,Goiânia,GO,5208707,-16.781817,-49.399659,5,2020,2021,2023,-1,pre,0.8661,ruim,20,True,landsat,30,112225,rf_v1.0-tuned,1398.78,5677.56,113.85,2886.21,23.85,0.13849,0.562121,0.011272,0.285756,0.002361,32.4479,31.0241,4.3652,43,1536097.0,estimativa_intercensitaria,546141.0,633958.0,68827.0,51830626.0,,,,,,,
ctrl-everest-goiania-p01,controle,everest-goiania,,0,Goiânia,GO,5208707,-16.781817,-49.399659,5,2021,2021,2023,0,durante,0.8661,ruim,20,True,landsat,30,112225,rf_v1.0-tuned,1093.41,5705.46,134.28,3144.78,22.32,0.108256,0.564883,0.013295,0.311357,0.00221,31.4825,30.5758,3.3383,42,1555626.0,estimativa_intercensitaria,575699.0,670431.0,74298.0,59870499.0,,,,,,,
ctrl-everest-goiania-p01,controle,everest-goiania,,0,Goiânia,GO,5208707,-16.781817,-49.399659,5,2022,2021,2023,1,durante,0.8661,ruim,20,True,landsat,30,112225,rf_v1.0-tuned,861.93,5617.53,166.5,3430.89,23.4,0.085337,0.556177,0.016485,0.339684,0.002317,31.2662,30.4384,3.3726,44,1437366.0,censo,618316.0,779881.0,118063.0,66273858.0,,,,,,,
ctrl-everest-goiania-p01,controle,everest-goiania,,0,Goiânia,GO,5208707,-16.781817,-49.399659,5,2023,2021,2023,2,durante,0.8661,ruim,20,True,landsat,30,112225,rf_v1.0-tuned,1192.68,6041.25,80.19,2760.3,25.83,0.118084,0.598129,0.007939,0.27329,0.002557,31.2719,30.7609,3.3826,44,,,652049.0,826232.0,128111.0,75780846.0,,,,,,,
ctrl-everest-goiania-p01,controle,everest-goiania,,0,Goiânia,GO,5208707,-16.781817,-49.399659,5,2024,2021,2023,3,pos,0.8661,ruim,20,True,landsat,30,112225,rf_v1.0-tuned,982.44,5180.4,162.81,3750.75,23.85,0.097269,0.512898,0.016119,0.371352,0.002361,30.6301,30.0747,2.654,42,1494599.0,estimativa_intercensitaria,674435.0,859452.0,137098.0,,,,,,,,
everest-goiania,tratamento,everest-goiania,,0,Goiânia,GO,5208707,-16.6915189,-49.2371899,5,2018,2021,2023,-3,pre,0.8661,ruim,20,True,landsat,30,111553,rf_v1.0-tuned,847.71,1891.98,92.43,7167.78,39.87,0.084435,0.188449,0.009206,0.713939,0.003971,34.6203,34.7479,3.0625,45,1495705.0,estimativa_intercensitaria,580767.0,658062.0,59951.0,49347603.0,Centro-Oeste,Cerrado,1.0,,,,
everest-goiania,tratamento,everest-goiania,,0,Goiânia,GO,5208707,-16.6915189,-49.2371899,5,2019,2021,2023,-2,pre,0.8661,ruim,20,True,landsat,30,111556,rf_v1.0-tuned,719.46,1874.61,83.7,7326.63,35.64,0.071659,0.186713,0.008337,0.729741,0.00355,36.1558,36.564,3.8152,45,1516113.0,estimativa_intercensitaria,578917.0,661028.0,65866.0,52978067.0,Centro-Oeste,Cerrado,1.0,,,,
everest-goiania,tratamento,everest-goiania,,0,Goiânia,GO,5208707,-16.6915189,-49.2371899,5,2020,2021,2023,-1,pre,0.8661,ruim,20,True,landsat,30,111556,rf_v1.0-tuned,900.81,1785.51,152.55,7163.01,38.16,0.089722,0.177839,0.015194,0.713444,0.003801,35.4273,35.3437,4.1747,43,1536097.0,estimativa_intercensitaria,546141.0,633958.0,68827.0,51830626.0,Centro-Oeste,Cerrado,1.0,,,,
everest-goiania,tratamento,everest-goiania,,0,Goiânia,GO,5208707,-16.6915189,-49.2371899,5,2021,2021,2023,0,durante,0.8661,ruim,20,True,landsat,30,111556,rf_v1.0-tuned,720.45,1752.75,119.7,7412.22,34.92,0.071758,0.174576,0.011922,0.738266,0.003478,34.9373,34.5995,3.1434,43,1555626.0,estimativa_intercensitaria,575699.0,670431.0,74298.0,59870499.0,Centro-Oeste,Cerrado,1.0,,,,
everest-goiania,tratamento,everest-goiania,,0,Goiânia,GO,5208707,-16.6915189,-49.2371899,5,2022,2021,2023,1,durante,0.8661,ruim,20,True,landsat,30,111556,rf_v1.0-tuned,609.21,1692.63,115.38,7587.09,35.73,0.060678,0.168588,0.011492,0.755683,0.003559,34.2104,34.6063,3.0911,42,1437366.0,censo,618316.0,779881.0,118063.0,66273858.0,Centro-Oeste,Cerrado,1.0,,,,
everest-goiania,tratamento,everest-goiania,,0,Goiânia,GO,5208707,-16.6915189,-49.2371899,5,2023,2021,2023,2,durante,0.8661,ruim,20,True,landsat,30,111556,rf_v1.0-tuned,915.03,1811.97,84.42,7191.0,37.62,0.091138,0.180474,0.008408,0.716232,0.003747,34.1233,33.9207,3.6756,45,,,652049.0,826232.0,128111.0,75780846.0,Centro-Oeste,Cerrado,1.0,,,,
everest-goiania,tratamento,everest-goiania,,0,Goiânia,GO,5208707,-16.6915189,-49.2371899,5,2024,2021,2023,3,pos,0.8661,ruim,20,True,landsat,30,111556,rf_v1.0-tuned,705.96,1538.01,99.99,7660.53,35.55,0.070314,0.153188,0.009959,0.762998,0.003541,32.998,33.3369,2.849,43,1494599.0,estimativa_intercensitaria,674435.0,859452.0,137098.0,,Centro-Oeste,Cerrado,1.0,,,,
ctrl-hostdime-joao-pessoa-p01,controle,hostdime-joao-pessoa,,0,Conde,PB,2504603,-7.257127,-34.819403,5,2014,2017,2017,-3,pre,0.655163,ruim,16,False,landsat,30,111429,rf_v1.0-tuned,2156.04,3663.72,31.41,929.16,3248.28,0.214989,0.365327,0.003132,0.092651,0.323901,29.1769,29.1967,2.0262,46,,,4315.0,4695.0,329.0,563976.0,,,,,,,
ctrl-hostdime-joao-pessoa-p01,controle,hostdime-joao-pessoa,,0,Conde,PB,2504603,-7.257127,-34.819403,5,2015,2017,2017,-2,pre,0.655163,ruim,16,False,landsat,30,110631,rf_v1.0-tuned,1604.43,3742.38,65.79,1312.92,3231.27,0.161139,0.375862,0.006608,0.131862,0.324529,29.884,30.1485,2.6145,45,,,4285.0,4667.0,363.0,567721.0,,,,,,,
ctrl-hostdime-joao-pessoa-p01,controle,hostdime-joao-pessoa,,0,Conde,PB,2504603,-7.257127,-34.819403,5,2016,2017,2017,-1,pre,0.655163,ruim,16,False,landsat,30,109485,rf_v1.0-tuned,1589.85,3761.91,68.58,1207.35,3225.96,0.161346,0.381778,0.00696,0.122528,0.327387,30.1354,29.824,2.5398,44,24380.0,estimativa_intercensitaria,3621.0,4060.0,380.0,592787.0,,,,,,,
ctrl-hostdime-joao-pessoa-p01,controle,hostdime-joao-pessoa,,0,Conde,PB,2504603,-7.257127,-34.819403,5,2017,2017,2017,0,durante,0.655163,ruim,16,False,landsat,30,110700,rf_v1.0-tuned,2034.27,3665.07,47.34,1062.54,3153.78,0.204182,0.367868,0.004752,0.106649,0.316549,29.3324,29.1528,2.7016,45,24769.0,estimativa_intercensitaria,4191.0,4624.0,380.0,636152.0,,,,,,,
ctrl-hostdime-joao-pessoa-p01,controle,hostdime-joao-pessoa,,0,Conde,PB,2504603,-7.257127,-34.819403,5,2018,2017,2017,1,pos,0.655163,ruim,16,False,landsat,30,111552,rf_v1.0-tuned,1565.91,3878.19,59.4,1308.42,3227.76,0.155972,0.386286,0.005917,0.130325,0.3215,29.6155,29.7809,3.0164,46,24323.0,estimativa_intercensitaria,4617.0,5060.0,383.0,712621.0,,,,,,,
ctrl-hostdime-joao-pessoa-p01,controle,hostdime-joao-pessoa,,0,Conde,PB,2504603,-7.257127,-34.819403,5,2019,2017,2017,2,pos,0.655163,ruim,16,False,landsat,30,109919,rf_v1.0-tuned,1600.47,3691.35,72.9,1343.7,3184.29,0.161783,0.373138,0.007369,0.135827,0.321882,30.0655,29.9482,2.581,44,24670.0,estimativa_intercensitaria,5527.0,5974.0,436.0,809844.0,,,,,,,
ctrl-hostdime-joao-pessoa-p01,controle,hostdime-joao-pessoa,,0,Conde,PB,2504603,-7.257127,-34.819403,5,2020,2017,2017,3,pos,0.655163,ruim,16,False,landsat,30,107724,rf_v1.0-tuned,1442.16,3739.05,49.32,1232.28,3232.35,0.148751,0.385662,0.005087,0.127103,0.333398,30.154,30.6735,2.7564,45,25010.0,estimativa_intercensitaria,5614.0,6115.0,480.0,890607.0,,,,,,,
hostdime-joao-pessoa,tratamento,hostdime-joao-pessoa,,0,João Pessoa,PB,2507507,-7.117382,-34.856902,5,2014,2017,2017,-3,pre,0.655163,ruim,16,False,landsat,30,106060,rf_v1.0-tuned,2003.04,2149.2,67.95,3665.34,1659.87,0.209843,0.225156,0.007119,0.38399,0.173892,29.9434,30.1657,2.0271,46,,,299490.0,326765.0,18024.0,17449530.0,Nordeste,Mata Atlântica,2.0,,,,
hostdime-joao-pessoa,tratamento,hostdime-joao-pessoa,,0,João Pessoa,PB,2507507,-7.117382,-34.856902,5,2015,2017,2017,-2,pre,0.655163,ruim,16,False,landsat,30,104086,rf_v1.0-tuned,1783.08,1884.33,88.29,3923.01,1689.03,0.190343,0.201151,0.009425,0.418779,0.180303,30.2141,30.7844,2.3755,46,,,287941.0,314982.0,18350.0,18272539.0,Nordeste,Mata Atlântica,2.0,,,,
hostdime-joao-pessoa,tratamento,hostdime-joao-pessoa,,0,João Pessoa,PB,2507507,-7.117382,-34.856902,5,2016,2017,2017,-1,pre,0.655163,ruim,16,False,landsat,30,105573,rf_v1.0-tuned,1874.88,1893.6,85.5,3915.54,1732.05,0.197323,0.199293,0.008999,0.412094,0.182291,30.2615,29.932,2.1196,44,801718.0,estimativa_intercensitaria,273087.0,300491.0,18651.0,18740050.0,Nordeste,Mata Atlântica,2.0,,,,
hostdime-joao-pessoa,tratamento,hostdime-joao-pessoa,,0,João Pessoa,PB,2507507,-7.117382,-34.856902,5,2017,2017,2017,0,durante,0.655163,ruim,16,False,landsat,30,104134,rf_v1.0-tuned,1790.19,2116.35,72.72,3626.91,1765.89,0.191014,0.225815,0.007759,0.386992,0.188421,29.0837,29.1834,2.8713,45,811598.0,estimativa_intercensitaria,265153.0,292793.0,18638.0,19740717.0,Nordeste,Mata Atlântica,2.0,,,,
hostdime-joao-pessoa,tratamento,hostdime-joao-pessoa,,0,João Pessoa,PB,2507507,-7.117382,-34.856902,5,2018,2017,2017,1,pos,0.655163,ruim,16,False,landsat,30,111534,rf_v1.0-tuned,1895.31,2013.93,111.51,4163.58,1853.73,0.188812,0.200629,0.011109,0.414779,0.18467,29.7931,30.444,2.7922,46,800323.0,estimativa_intercensitaria,260937.0,288866.0,18545.0,19810216.0,Nordeste,Mata Atlântica,2.0,,,,
hostdime-joao-pessoa,tratamento,hostdime-joao-pessoa,,0,João Pessoa,PB,2507507,-7.117382,-34.856902,5,2019,2017,2017,2,pos,0.655163,ruim,16,False,landsat,30,105640,rf_v1.0-tuned,1553.76,2202.75,99.45,3888.63,1763.01,0.163423,0.231683,0.01046,0.409002,0.185432,29.9221,30.1589,2.3199,44,809015.0,estimativa_intercensitaria,267971.0,296943.0,20316.0,20846014.0,Nordeste,Mata Atlântica,2.0,,,,
hostdime-joao-pessoa,tratamento,hostdime-joao-pessoa,,0,João Pessoa,PB,2507507,-7.117382,-34.856902,5,2020,2017,2017,3,pos,0.655163,ruim,16,False,landsat,30,107507,rf_v1.0-tuned,1594.17,2246.67,119.43,3899.43,1815.93,0.164761,0.232199,0.012343,0.403016,0.187681,30.4548,30.4101,2.2956,44,817511.0,estimativa_intercensitaria,262019.0,292533.0,21584.0,20728227.0,Nordeste,Mata Atlântica,2.0,,,,
ctrl-scala-sgigsm01-p01,controle,scala-sgigsm01,dc_c81b687e80,1,Rio de Janeiro,RJ,3304557,-22.872066,-43.48887,5,2019,2022,2023,-3,pre,0.862406,ruim,16,False,s2,10,1004004,rf_v1.0-tuned,2368.48,3065.85,664.4,3923.53,17.78,0.235903,0.305362,0.066175,0.390788,0.001771,32.0025,31.6793,4.7429,45,6718903.0,estimativa_intercensitaria,2189270.0,2491779.0,208534.0,354932611.0,,,,,,,
ctrl-scala-sgigsm01-p01,controle,scala-sgigsm01,dc_c81b687e80,1,Rio de Janeiro,RJ,3304557,-22.872066,-43.48887,5,2020,2022,2023,-2,pre,0.862406,ruim,16,False,s2,10,1004004,rf_v1.0-tuned,2145.85,3085.32,631.89,4157.25,19.73,0.213729,0.307302,0.062937,0.414067,0.001965,31.5761,31.9482,3.592,45,6747815.0,estimativa_intercensitaria,2031212.0,2341926.0,212940.0,331471515.0,,,,,,,
ctrl-scala-sgigsm01-p01,controle,scala-sgigsm01,dc_c81b687e80,1,Rio de Janeiro,RJ,3304557,-22.872066,-43.48887,5,2021,2022,2023,-1,pre,0.862406,ruim,16,False,s2,10,1004004,rf_v1.0-tuned,1974.55,3365.45,623.69,4066.58,9.77,0.196668,0.335203,0.06212,0.405036,0.000973,31.2014,31.8648,4.2745,45,6775561.0,estimativa_intercensitaria,2077038.0,2396117.0,223433.0,359632648.0,,,,,,,
ctrl-scala-sgigsm01-p01,controle,scala-sgigsm01,dc_c81b687e80,1,Rio de Janeiro,RJ,3304557,-22.872066,-43.48887,5,2022,2022,2023,0,durante,0.862406,ruim,16,False,s2,10,1004004,rf_v1.0-tuned,2774.28,2881.52,475.79,3891.11,17.34,0.276322,0.287003,0.047389,0.387559,0.001727,29.5666,28.8239,3.9069,43,6211223.0,censo,2237066.0,2746816.0,365486.0,380381515.0,,,,,,,
ctrl-scala-sgigsm01-p01,controle,scala-sgigsm01,dc_c81b687e80,1,Rio de Janeiro,RJ,3304557,-22.872066,-43.48887,5,2023,2022,2023,1,durante,0.862406,ruim,16,False,s2,10,1004004,rf_v1.0-tuned,2472.33,2744.93,575.33,4223.25,24.2,0.246247,0.273398,0.057304,0.420641,0.00241,30.4342,31.3782,3.8314,46,,,2367980.0,2900940.0,385312.0,418462360.0,,,,,,,
ctrl-scala-sgigsm01-p01,controle,scala-sgigsm01,dc_c81b687e80,1,Rio de Janeiro,RJ,3304557,-22.872066,-43.48887,5,2024,2022,2023,2,pos,0.862406,ruim,16,False,s2,10,1004004,rf_v1.0-tuned,2010.82,3164.46,459.18,4397.59,7.99,0.20028,0.315184,0.045735,0.438005,0.000796,30.2132,31.1774,3.2745,45,6729894.0,estimativa_intercensitaria,2451749.0,2997653.0,402837.0,,,,,,,,
ctrl-scala-sgigsm01-p01,controle,scala-sgigsm01,dc_c81b687e80,1,Rio de Janeiro,RJ,3304557,-22.872066,-43.48887,5,2025,2022,2023,3,pos,0.862406,ruim,16,False,s2,10,1004004,rf_v1.0-tuned,2539.25,3057.91,514.4,3917.57,10.91,0.252912,0.304571,0.051235,0.390195,0.001087,27.9722,28.5946,4.5218,45,6730729.0,estimativa_intercensitaria,,,,,,,,,,,
scala-sgigsm01,tratamento,scala-sgigsm01,dc_c81b687e80,1,São João de Meriti,RJ,3305109,-22.799883,-43.353842,5,2019,2022,2023,-3,pre,0.862406,ruim,16,False,s2,10,1007010,rf_v1.0-tuned,268.0,770.29,1277.49,7683.15,71.17,0.026613,0.076493,0.12686,0.762967,0.007067,34.9697,35.3754,5.2341,44,472406.0,estimativa_intercensitaria,54378.0,61437.0,5069.0,9746519.0,Sudeste,Mata Atlântica,1.0,13.2,1467.0,,2.0
scala-sgigsm01,tratamento,scala-sgigsm01,dc_c81b687e80,1,São João de Meriti,RJ,3305109,-22.799883,-43.353842,5,2020,2022,2023,-2,pre,0.862406,ruim,16,False,s2,10,1007010,rf_v1.0-tuned,294.73,763.09,1209.52,7725.58,77.18,0.029268,0.075778,0.12011,0.76718,0.007664,34.386,34.8006,4.4271,45,472906.0,estimativa_intercensitaria,50672.0,57378.0,4909.0,9112402.0,Sudeste,Mata Atlântica,1.0,13.2,1467.0,,2.0
scala-sgigsm01,tratamento,scala-sgigsm01,dc_c81b687e80,1,São João de Meriti,RJ,3305109,-22.799883,-43.353842,5,2021,2022,2023,-1,pre,0.862406,ruim,16,False,s2,10,1007010,rf_v1.0-tuned,258.33,755.41,1209.99,7776.49,69.88,0.025653,0.075015,0.120157,0.772236,0.006939,33.8281,34.8929,5.0424,44,473385.0,estimativa_intercensitaria,51990.0,58691.0,5077.0,8963716.0,Sudeste,Mata Atlântica,1.0,13.2,1467.0,,2.0
scala-sgigsm01,tratamento,scala-sgigsm01,dc_c81b687e80,1,São João de Meriti,RJ,3305109,-22.799883,-43.353842,5,2022,2022,2023,0,durante,0.862406,ruim,16,False,s2,10,1007010,rf_v1.0-tuned,381.65,733.08,1043.34,7829.19,82.84,0.037899,0.072798,0.103608,0.777469,0.008226,32.5714,32.0342,4.8142,42,440962.0,censo,54023.0,65538.0,8888.0,10615039.0,Sudeste,Mata Atlântica,1.0,13.2,1467.0,,2.0
scala-sgigsm01,tratamento,scala-sgigsm01,dc_c81b687e80,1,São João de Meriti,RJ,3305109,-22.799883,-43.353842,5,2023,2022,2023,1,durante,0.862406,ruim,16,False,s2,10,1007010,rf_v1.0-tuned,363.11,614.25,1245.58,7765.06,82.1,0.036058,0.060997,0.123691,0.771101,0.008153,33.2728,34.2104,4.8211,44,,,62684.0,74324.0,9182.0,11534047.0,Sudeste,Mata Atlântica,1.0,13.2,1467.0,,2.0
scala-sgigsm01,tratamento,scala-sgigsm01,dc_c81b687e80,1,São João de Meriti,RJ,3305109,-22.799883,-43.353842,5,2024,2022,2023,2,pos,0.862406,ruim,16,False,s2,10,1007010,rf_v1.0-tuned,293.5,720.6,1050.12,7938.75,67.13,0.029146,0.071558,0.104281,0.788349,0.006666,32.5036,33.5152,4.3081,45,466536.0,estimativa_intercensitaria,60793.0,72323.0,9209.0,,Sudeste,Mata Atlântica,1.0,13.2,1467.0,,2.0
scala-sgigsm01,tratamento,scala-sgigsm01,dc_c81b687e80,1,São João de Meriti,RJ,3305109,-22.799883,-43.353842,5,2025,2022,2023,3,pos,0.862406,ruim,16,False,s2,10,1007010,rf_v1.0-tuned,356.22,790.22,1158.93,7690.37,74.36,0.035374,0.078472,0.115086,0.763684,0.007384,29.8121,30.1888,5.3852,44,466503.0,estimativa_intercensitaria,,,,,Sudeste,Mata Atlântica,1.0,13.2,1467.0,,2.0
ctrl-scala-spoapa01-p01,controle,scala-spoapa01,dc_708ead2d07,1,Sapucaia do Sul,RS,4320008,-29.828483,-51.144592,5,2020,2023,2023,-3,pre,0.489003,ruim,20,False,s2,10,1004004,rf_v1.0-tuned,2808.46,2348.86,1428.99,3104.44,349.29,0.279726,0.233949,0.142329,0.309206,0.03479,27.3368,28.2698,7.2692,46,141808.0,estimativa_intercensitaria,20069.0,24009.0,2998.0,3492827.0,,,,,,,
ctrl-scala-spoapa01-p01,controle,scala-spoapa01,dc_708ead2d07,1,Sapucaia do Sul,RS,4320008,-29.828483,-51.144592,5,2021,2023,2023,-2,pre,0.489003,ruim,20,False,s2,10,1004004,rf_v1.0-tuned,2824.49,2293.75,1215.79,3424.82,281.19,0.281323,0.22846,0.121094,0.341116,0.028007,27.3015,27.945,6.5566,46,142508.0,estimativa_intercensitaria,21181.0,25180.0,3093.0,4204086.0,,,,,,,
ctrl-scala-spoapa01-p01,controle,scala-spoapa01,dc_708ead2d07,1,Sapucaia do Sul,RS,4320008,-29.828483,-51.144592,5,2022,2023,2023,-1,pre,0.489003,ruim,20,False,s2,10,1004004,rf_v1.0-tuned,3138.16,2032.83,1152.49,3383.98,332.58,0.312564,0.202472,0.114789,0.337048,0.033125,25.7464,25.9626,7.6591,45,132107.0,censo,22193.0,28101.0,4854.0,4378885.0,,,,,,,
ctrl-scala-spoapa01-p01,controle,scala-spoapa01,dc_708ead2d07,1,Sapucaia do Sul,RS,4320008,-29.828483,-51.144592,5,2023,2023,2023,0,durante,0.489003,ruim,20,False,s2,10,1004004,rf_v1.0-tuned,3032.25,2139.61,1169.57,3383.74,314.87,0.302016,0.213108,0.116491,0.337025,0.031361,26.1875,25.2977,6.3229,45,,,21808.0,27862.0,4988.0,4729408.0,,,,,,,
ctrl-scala-spoapa01-p01,controle,scala-spoapa01,dc_708ead2d07,1,Sapucaia do Sul,RS,4320008,-29.828483,-51.144592,5,2024,2023,2023,1,pos,0.489003,ruim,20,False,s2,10,1004004,rf_v1.0-tuned,2893.84,2118.72,903.22,3668.76,455.5,0.28823,0.211027,0.089962,0.365413,0.045368,25.0638,27.3222,7.0479,45,136542.0,estimativa_intercensitaria,22312.0,28481.0,5152.0,,,,,,,,
ctrl-scala-spoapa01-p01,controle,scala-spoapa01,dc_708ead2d07,1,Sapucaia do Sul,RS,4320008,-29.828483,-51.144592,5,2025,2023,2023,2,pos,0.489003,ruim,20,False,s2,10,1004004,rf_v1.0-tuned,3011.89,1970.53,1270.0,3300.31,487.31,0.299988,0.196267,0.126494,0.328715,0.048537,23.2679,24.3596,7.5075,45,136572.0,estimativa_intercensitaria,,,,,,,,,,,
scala-spoapa01,tratamento,scala-spoapa01,dc_708ead2d07,1,Porto Alegre,RS,4314902,-30.002768,-51.198149,5,2020,2023,2023,-3,pre,0.489003,ruim,20,False,s2,10,1004004,rf_v1.0-tuned,1183.19,1375.03,1874.14,3403.65,2204.03,0.117847,0.136955,0.186667,0.339008,0.219524,25.075,24.8511,6.4438,46,1488252.0,estimativa_intercensitaria,637650.0,753720.0,87459.0,75976656.0,Sul,Mata Atlântica,1.0,8.4,0.0,,1.0
scala-spoapa01,tratamento,scala-spoapa01,dc_708ead2d07,1,Porto Alegre,RS,4314902,-30.002768,-51.198149,5,2021,2023,2023,-2,pre,0.489003,ruim,20,False,s2,10,1004004,rf_v1.0-tuned,1166.22,1477.17,1607.7,3643.86,2145.09,0.116157,0.147128,0.160129,0.362933,0.213654,24.8342,25.7383,5.9452,46,1492530.0,estimativa_intercensitaria,644623.0,764557.0,90258.0,81563063.0,Sul,Mata Atlântica,1.0,8.4,0.0,,1.0
scala-spoapa01,tratamento,scala-spoapa01,dc_708ead2d07,1,Porto Alegre,RS,4314902,-30.002768,-51.198149,5,2022,2023,2023,-1,pre,0.489003,ruim,20,False,s2,10,1004004,rf_v1.0-tuned,1536.2,1179.99,1548.31,3622.1,2153.44,0.153007,0.117528,0.154214,0.360765,0.214485,23.9578,22.7977,6.9962,45,1332845.0,censo,660355.0,843244.0,136102.0,90214952.0,Sul,Mata Atlântica,1.0,8.4,0.0,,1.0
scala-spoapa01,tratamento,scala-spoapa01,dc_708ead2d07,1,Porto Alegre,RS,4314902,-30.002768,-51.198149,5,2023,2023,2023,0,durante,0.489003,ruim,20,False,s2,10,1004004,rf_v1.0-tuned,1409.91,1293.34,1576.82,3610.62,2149.35,0.140429,0.128818,0.157053,0.359622,0.214078,24.0625,23.4292,5.7122,46,,,683450.0,874230.0,141750.0,104743272.0,Sul,Mata Atlântica,1.0,8.4,0.0,,1.0
scala-spoapa01,tratamento,scala-spoapa01,dc_708ead2d07,1,Porto Alegre,RS,4314902,-30.002768,-51.198149,5,2024,2023,2023,1,pos,0.489003,ruim,20,False,s2,10,1004004,rf_v1.0-tuned,881.96,939.91,1407.95,3991.2,2819.02,0.087844,0.093616,0.140234,0.397528,0.280778,23.8403,25.8359,6.2211,44,1389322.0,estimativa_intercensitaria,699207.0,892726.0,146301.0,,Sul,Mata Atlântica,1.0,8.4,0.0,,1.0
scala-spoapa01,tratamento,scala-spoapa01,dc_708ead2d07,1,Porto Alegre,RS,4314902,-30.002768,-51.198149,5,2025,2023,2023,2,pos,0.489003,ruim,20,False,s2,10,1004004,rf_v1.0-tuned,1184.74,1160.26,1704.7,3540.47,2449.87,0.118002,0.115563,0.16979,0.352635,0.24401,22.1284,23.5248,6.6271,46,1388794.0,estimativa_intercensitaria,,,,,Sul,Mata Atlântica,1.0,8.4,0.0,,1.0
ctrl-scala-tambore-p01,controle,scala-tambore,,0,Pirapora do Bom Jesus,SP,3539103,-23.404447,-46.982529,5,2018,2021,2023,-3,pre,1.06251,ruim,20,False,landsat,30,112225,rf_v1.0-tuned,4513.32,4270.32,85.77,895.77,335.07,0.446852,0.422793,0.008492,0.088688,0.033174,24.72,24.9279,3.3226,45,18604.0,estimativa_intercensitaria,2194.0,2700.0,379.0,448449.0,,,,,,,
ctrl-scala-tambore-p01,controle,scala-tambore,,0,Pirapora do Bom Jesus,SP,3539103,-23.404447,-46.982529,5,2019,2021,2023,-2,pre,1.06251,ruim,20,False,landsat,30,112225,rf_v1.0-tuned,5464.98,3547.44,46.35,659.88,381.6,0.541074,0.351223,0.004589,0.065333,0.037781,24.8619,24.6993,3.9166,45,18895.0,estimativa_intercensitaria,2483.0,3016.0,432.0,525826.0,,,,,,,
ctrl-scala-tambore-p01,controle,scala-tambore,,0,Pirapora do Bom Jesus,SP,3539103,-23.404447,-46.982529,5,2020,2021,2023,-1,pre,1.06251,ruim,20,False,landsat,30,112218,rf_v1.0-tuned,5056.38,3899.16,55.98,714.06,374.04,0.500651,0.38607,0.005543,0.070702,0.037035,25.1375,25.5361,3.3734,46,19178.0,estimativa_intercensitaria,2395.0,2901.0,419.0,516395.0,,,,,,,
ctrl-scala-tambore-p01,controle,scala-tambore,,0,Pirapora do Bom Jesus,SP,3539103,-23.404447,-46.982529,5,2021,2021,2023,0,durante,1.06251,ruim,20,False,landsat,30,112216,rf_v1.0-tuned,4504.05,4314.51,67.77,909.09,304.02,0.44597,0.427203,0.00671,0.090014,0.030103,24.5238,25.8814,3.8346,46,19453.0,estimativa_intercensitaria,2507.0,3019.0,432.0,826672.0,,,,,,,
ctrl-scala-tambore-p01,controle,scala-tambore,,0,Pirapora do Bom Jesus,SP,3539103,-23.404447,-46.982529,5,2022,2021,2023,1,durante,1.06251,ruim,20,False,landsat,30,112116,rf_v1.0-tuned,4324.14,4547.97,55.08,859.23,304.02,0.428538,0.450721,0.005459,0.085153,0.03013,24.0928,24.5183,3.1536,44,18370.0,censo,2965.0,3932.0,778.0,713385.0,,,,,,,
ctrl-scala-tambore-p01,controle,scala-tambore,,0,Pirapora do Bom Jesus,SP,3539103,-23.404447,-46.982529,5,2023,2021,2023,2,durante,1.06251,ruim,20,False,landsat,30,112219,rf_v1.0-tuned,5173.56,3735.0,55.26,709.92,425.97,0.512248,0.369813,0.005471,0.070291,0.042176,24.1777,25.035,3.5555,46,,,3227.0,4193.0,780.0,693314.0,,,,,,,
ctrl-scala-tambore-p01,controle,scala-tambore,,0,Pirapora do Bom Jesus,SP,3539103,-23.404447,-46.982529,5,2024,2021,2023,3,pos,1.06251,ruim,20,False,landsat,30,112221,rf_v1.0-tuned,4897.89,3901.86,48.69,806.85,444.6,0.484945,0.386327,0.004821,0.079887,0.04402,24.1442,24.8505,3.0345,46,18836.0,estimativa_intercensitaria,3273.0,4218.0,804.0,,,,,,,,
scala-tambore,tratamento,scala-tambore,,0,Barueri,SP,3505708,-23.4948321,-46.8130769,5,2018,2021,2023,-3,pre,1.06251,ruim,20,False,landsat,30,111875,rf_v1.0-tuned,2209.23,1647.63,83.34,6042.87,85.68,0.219415,0.163638,0.008277,0.600161,0.008509,28.8024,29.451,4.1341,43,271306.0,estimativa_intercensitaria,263148.0,280439.0,13889.0,50562704.0,Sudeste,Mata Atlântica,1.0,21.0,0.0,,1.0
scala-tambore,tratamento,scala-tambore,,0,Barueri,SP,3505708,-23.4948321,-46.8130769,5,2019,2021,2023,-2,pre,1.06251,ruim,20,False,landsat,30,111889,rf_v1.0-tuned,2416.86,1584.9,79.38,5892.48,96.39,0.240006,0.157388,0.007883,0.585151,0.009572,29.3503,29.6159,4.8506,46,274182.0,estimativa_intercensitaria,278250.0,298498.0,16923.0,52744931.0,Sudeste,Mata Atlântica,1.0,21.0,0.0,,1.0
scala-tambore,tratamento,scala-tambore,,0,Barueri,SP,3505708,-23.4948321,-46.8130769,5,2020,2021,2023,-1,pre,1.06251,ruim,20,False,landsat,30,111875,rf_v1.0-tuned,2227.59,1592.28,103.14,6013.62,132.12,0.221238,0.158141,0.010244,0.597256,0.013122,28.9587,29.8535,5.2542,46,276982.0,estimativa_intercensitaria,286841.0,309916.0,18195.0,51600338.0,Sudeste,Mata Atlântica,1.0,21.0,0.0,,1.0
scala-tambore,tratamento,scala-tambore,,0,Barueri,SP,3505708,-23.4948321,-46.8130769,5,2021,2021,2023,0,durante,1.06251,ruim,20,False,landsat,30,111877,rf_v1.0-tuned,2098.98,1610.1,104.58,6169.05,86.22,0.208461,0.159908,0.010386,0.612682,0.008563,28.4793,29.6324,5.0248,46,279704.0,estimativa_intercensitaria,312802.0,337990.0,19885.0,58027667.0,Sudeste,Mata Atlântica,1.0,21.0,0.0,,1.0
scala-tambore,tratamento,scala-tambore,,0,Barueri,SP,3505708,-23.4948321,-46.8130769,5,2022,2021,2023,1,durante,1.06251,ruim,20,False,landsat,30,111624,rf_v1.0-tuned,2178.81,1545.75,95.67,6132.87,93.06,0.21688,0.153865,0.009523,0.610469,0.009263,27.5789,28.1128,4.5229,44,316473.0,censo,351261.0,397393.0,32866.0,69665769.0,Sudeste,Mata Atlântica,1.0,21.0,0.0,,1.0
scala-tambore,tratamento,scala-tambore,,0,Barueri,SP,3505708,-23.4948321,-46.8130769,5,2023,2021,2023,2,durante,1.06251,ruim,20,False,landsat,30,111578,rf_v1.0-tuned,2391.21,1471.5,74.7,6000.48,104.13,0.23812,0.146534,0.007439,0.597537,0.010369,28.1973,29.8524,4.7011,46,,,372191.0,423055.0,36329.0,71646710.0,Sudeste,Mata Atlântica,1.0,21.0,0.0,,1.0
scala-tambore,tratamento,scala-tambore,,0,Barueri,SP,3505708,-23.4948321,-46.8130769,5,2024,2021,2023,3,pos,1.06251,ruim,20,False,landsat,30,111856,rf_v1.0-tuned,2346.57,1454.94,81.9,6075.81,107.82,0.233094,0.144525,0.008135,0.603535,0.01071,27.482,28.2401,4.0124,46,330339.0,estimativa_intercensitaria,382619.0,439018.0,41015.0,,Sudeste,Mata Atlântica,1.0,21.0,0.0,,1.0
