par,horizonte,variavel,efeito_liquido
angonap-fortaleza,-3,prop_vegetacao_densa,-0.022198999999999997
angonap-fortaleza,-3,prop_vegetacao_rala,0.01461599999999999
angonap-fortaleza,-3,prop_solo_exposto_obras,0.000869
angonap-fortaleza,-3,prop_construida_urbana,0.005815999999999988
angonap-fortaleza,-3,prop_agua,0.0008979999999999544
angonap-fortaleza,-3,lst_media_celsius,-0.12329999999999686
angonap-fortaleza,-3,populacao,
angonap-fortaleza,-3,emprego_formal_total,51204.0
angonap-fortaleza,-3,pib_mil_reais,-4110052.0
angonap-fortaleza,-3,numero_empresas,2191.0
angonap-fortaleza,-2,prop_vegetacao_densa,-0.008369999999999995
angonap-fortaleza,-2,prop_vegetacao_rala,0.007504999999999998
angonap-fortaleza,-2,prop_solo_exposto_obras,-0.00251
angonap-fortaleza,-2,prop_construida_urbana,-0.003165000000000029
angonap-fortaleza,-2,prop_agua,0.006539999999999935
angonap-fortaleza,-2,lst_media_celsius,-0.05630000000000024
angonap-fortaleza,-2,populacao,
angonap-fortaleza,-2,emprego_formal_total,21464.0
angonap-fortaleza,-2,pib_mil_reais,-3176013.0
angonap-fortaleza,-2,numero_empresas,1706.0
angonap-fortaleza,-1,prop_vegetacao_densa,0.0
angonap-fortaleza,-1,prop_vegetacao_rala,0.0
angonap-fortaleza,-1,prop_solo_exposto_obras,0.0
angonap-fortaleza,-1,prop_construida_urbana,0.0
angonap-fortaleza,-1,prop_agua,0.0
angonap-fortaleza,-1,lst_media_celsius,0.0
angonap-fortaleza,-1,populacao,0.0
angonap-fortaleza,-1,emprego_formal_total,0.0
angonap-fortaleza,-1,pib_mil_reais,0.0
angonap-fortaleza,-1,numero_empresas,0.0
angonap-fortaleza,0,prop_vegetacao_densa,-0.008804000000000006
angonap-fortaleza,0,prop_vegetacao_rala,0.011930999999999997
angonap-fortaleza,0,prop_solo_exposto_obras,0.0007620000000000005
angonap-fortaleza,0,prop_construida_urbana,-0.002664000000000055
angonap-fortaleza,0,prop_agua,-0.0012240000000000029
angonap-fortaleza,0,lst_media_celsius,0.34779999999999944
angonap-fortaleza,0,populacao,13707.0
angonap-fortaleza,0,emprego_formal_total,-10195.0
angonap-fortaleza,0,pib_mil_reais,1085626.0
angonap-fortaleza,0,numero_empresas,-588.0
angonap-fortaleza,1,prop_vegetacao_densa,-0.020951999999999978
angonap-fortaleza,1,prop_vegetacao_rala,0.009500999999999996
angonap-fortaleza,1,prop_solo_exposto_obras,-0.0014989999999999986
angonap-fortaleza,1,prop_construida_urbana,0.012207999999999997
angonap-fortaleza,1,prop_agua,0.0007409999999999362
angonap-fortaleza,1,lst_media_celsius,0.07230000000000203
angonap-fortaleza,1,populacao,27713.0
angonap-fortaleza,1,emprego_formal_total,-1734.0
angonap-fortaleza,1,pib_mil_reais,6667580.0
angonap-fortaleza,1,numero_empresas,-1783.0
angonap-fortaleza,2,prop_vegetacao_densa,-0.035276
angonap-fortaleza,2,prop_vegetacao_rala,0.011578000000000005
angonap-fortaleza,2,prop_solo_exposto_obras,-0.004659
angonap-fortaleza,2,prop_construida_urbana,0.02743699999999999
angonap-fortaleza,2,prop_agua,0.0009189999999999476
angonap-fortaleza,2,lst_media_celsius,0.45580000000000354
angonap-fortaleza,2,populacao,56390.0
angonap-fortaleza,2,emprego_formal_total,-7918.0
angonap-fortaleza,2,pib_mil_reais,5841341.0
angonap-fortaleza,2,numero_empresas,1882.0
angonap-fortaleza,3,prop_vegetacao_densa,-0.03668399999999998
angonap-fortaleza,3,prop_vegetacao_rala,0.027005
angonap-fortaleza,3,prop_solo_exposto_obras,-0.0025980000000000013
angonap-fortaleza,3,prop_construida_urbana,0.011684999999999945
angonap-fortaleza,3,prop_agua,0.0005919999999999814
angonap-fortaleza,3,lst_media_celsius,0.20649999999999835
angonap-fortaleza,3,populacao,69848.0
angonap-fortaleza,3,emprego_formal_total,-41804.0
angonap-fortaleza,3,pib_mil_reais,3006295.0
angonap-fortaleza,3,numero_empresas,3674.0
ascenty-hortolandia,-3,prop_vegetacao_densa,0.030239999999999996
ascenty-hortolandia,-3,prop_vegetacao_rala,0.009130000000000027
ascenty-hortolandia,-3,prop_solo_exposto_obras,-0.000874999999999999
ascenty-hortolandia,-3,prop_construida_urbana,-0.03854699999999994
ascenty-hortolandia,-3,prop_agua,5.499999999999993e-05
ascenty-hortolandia,-3,lst_media_celsius,-0.42570000000000263
ascenty-hortolandia,-3,populacao,
ascenty-hortolandia,-3,emprego_formal_total,-14023.0
ascenty-hortolandia,-3,pib_mil_reais,-85827.0
ascenty-hortolandia,-3,numero_empresas,-904.0
ascenty-hortolandia,-2,prop_vegetacao_densa,-0.012417999999999998
ascenty-hortolandia,-2,prop_vegetacao_rala,0.004925000000000013
ascenty-hortolandia,-2,prop_solo_exposto_obras,0.0011410000000000014
ascenty-hortolandia,-2,prop_construida_urbana,0.006769999999999998
ascenty-hortolandia,-2,prop_agua,-0.00041600000000000014
ascenty-hortolandia,-2,lst_media_celsius,-0.20139999999999958
ascenty-hortolandia,-2,populacao,5912.0
ascenty-hortolandia,-2,emprego_formal_total,-1192.0
ascenty-hortolandia,-2,pib_mil_reais,-474198.0
ascenty-hortolandia,-2,numero_empresas,-1048.0
ascenty-hortolandia,-1,prop_vegetacao_densa,0.0
ascenty-hortolandia,-1,prop_vegetacao_rala,0.0
ascenty-hortolandia,-1,prop_solo_exposto_obras,0.0
ascenty-hortolandia,-1,prop_construida_urbana,0.0
ascenty-hortolandia,-1,prop_agua,0.0
ascenty-hortolandia,-1,lst_media_celsius,0.0
ascenty-hortolandia,-1,populacao,0.0
ascenty-hortolandia,-1,emprego_formal_total,0.0
ascenty-hortolandia,-1,pib_mil_reais,0.0
ascenty-hortolandia,-1,numero_empresas,0.0
ascenty-hortolandia,0,prop_vegetacao_densa,-0.0038740000000000024
ascenty-hortolandia,0,prop_vegetacao_rala,-0.0033270000000000244
ascenty-hortolandia,0,prop_solo_exposto_obras,-0.00016799999999999975
ascenty-hortolandia,0,prop_construida_urbana,0.007701999999999987
ascenty-hortolandia,0,prop_agua,-0.00033000000000000043
ascenty-hortolandia,0,lst_media_celsius,0.073599999999999
ascenty-hortolandia,0,populacao,-6498.0
ascenty-hortolandia,0,emprego_formal_total,-1686.0
ascenty-hortolandia,0,pib_mil_reais,-2175387.0
ascenty-hortolandia,0,numero_empresas,-363.0
ascenty-hortolandia,1,prop_vegetacao_densa,-0.015109000000000004
ascenty-hortolandia,1,prop_vegetacao_rala,0.022042000000000006
ascenty-hortolandia,1,prop_solo_exposto_obras,0.00020800000000000072
ascenty-hortolandia,1,prop_construida_urbana,-0.0064930000000000265
ascenty-hortolandia,1,prop_agua,-0.0006449999999999997
ascenty-hortolandia,1,lst_media_celsius,0.009399999999999409
ascenty-hortolandia,1,populacao,-12979.0
ascenty-hortolandia,1,emprego_formal_total,1343.0
ascenty-hortolandia,1,pib_mil_reais,-5040659.0
ascenty-hortolandia,1,numero_empresas,-4106.0
ascenty-hortolandia,2,prop_vegetacao_densa,-0.038854999999999994
ascenty-hortolandia,2,prop_vegetacao_rala,0.016527999999999987
ascenty-hortolandia,2,prop_solo_exposto_obras,0.002027000000000001
ascenty-hortolandia,2,prop_construida_urbana,0.02086700000000008
ascenty-hortolandia,2,prop_agua,-0.0005640000000000003
ascenty-hortolandia,2,lst_media_celsius,0.006600000000002382
ascenty-hortolandia,2,populacao,-19290.0
ascenty-hortolandia,2,emprego_formal_total,16839.0
ascenty-hortolandia,2,pib_mil_reais,-2713522.0
ascenty-hortolandia,2,numero_empresas,-5818.0
ascenty-hortolandia,3,prop_vegetacao_densa,0.015292
ascenty-hortolandia,3,prop_vegetacao_rala,-0.014561999999999964
ascenty-hortolandia,3,prop_solo_exposto_obras,0.0010050000000000016
ascenty-hortolandia,3,prop_construida_urbana,-0.0011529999999999596
ascenty-hortolandia,3,prop_agua,-0.000582
ascenty-hortolandia,3,lst_media_celsius,0.1761999999999979
ascenty-hortolandia,3,populacao,-25424.0
ascenty-hortolandia,3,emprego_formal_total,344.0
ascenty-hortolandia,3,pib_mil_reais,-8510867.0
ascenty-hortolandia,3,numero_empresas,-8504.0
ascenty-hortolandia,4,prop_vegetacao_densa,-0.037892
ascenty-hortolandia,4,prop_vegetacao_rala,-8.999999999997899e-05
ascenty-hortolandia,4,prop_solo_exposto_obras,0.0008790000000000013
ascenty-hortolandia,4,prop_construida_urbana,0.03730099999999992
ascenty-hortolandia,4,prop_agua,-0.00019700000000000013
ascenty-hortolandia,4,lst_media_celsius,-0.09950000000000259
ascenty-hortolandia,4,populacao,57837.0
ascenty-hortolandia,4,emprego_formal_total,-12089.0
ascenty-hortolandia,4,pib_mil_reais,-13167573.0
ascenty-hortolandia,4,numero_empresas,-32425.0
ascenty-jundiai,-3,prop_vegetacao_densa,0.03521099999999999
ascenty-jundiai,-3,prop_vegetacao_rala,-0.04647600000000002
ascenty-jundiai,-3,prop_solo_exposto_obras,0.005854000000000001
ascenty-jundiai,-3,prop_construida_urbana,0.005215000000000025
ascenty-jundiai,-3,prop_agua,0.00019600000000000064
ascenty-jundiai,-3,lst_media_celsius,-0.23609999999999687
ascenty-jundiai,-3,populacao,-7028.0
ascenty-jundiai,-3,emprego_formal_total,1569.0
ascenty-jundiai,-3,pib_mil_reais,-2974899.0
ascenty-jundiai,-3,numero_empresas,-720.0
ascenty-jundiai,-2,prop_vegetacao_densa,0.02968900000000002
ascenty-jundiai,-2,prop_vegetacao_rala,-0.045142000000000015
ascenty-jundiai,-2,prop_solo_exposto_obras,0.005215999999999999
ascenty-jundiai,-2,prop_construida_urbana,0.010246000000000033
ascenty-jundiai,-2,prop_agua,-8.999999999999894e-06
ascenty-jundiai,-2,lst_media_celsius,0.09590000000000387
ascenty-jundiai,-2,populacao,-4098.0
ascenty-jundiai,-2,emprego_formal_total,-2427.0
ascenty-jundiai,-2,pib_mil_reais,-2293819.0
ascenty-jundiai,-2,numero_empresas,-112.0
ascenty-jundiai,-1,prop_vegetacao_densa,0.0
ascenty-jundiai,-1,prop_vegetacao_rala,0.0
ascenty-jundiai,-1,prop_solo_exposto_obras,0.0
ascenty-jundiai,-1,prop_construida_urbana,0.0
ascenty-jundiai,-1,prop_agua,0.0
ascenty-jundiai,-1,lst_media_celsius,0.0
ascenty-jundiai,-1,populacao,0.0
ascenty-jundiai,-1,emprego_formal_total,0.0
ascenty-jundiai,-1,pib_mil_reais,0.0
ascenty-jundiai,-1,numero_empresas,0.0
ascenty-jundiai,0,prop_vegetacao_densa,0.013619999999999965
ascenty-jundiai,0,prop_vegetacao_rala,-0.014450999999999992
ascenty-jundiai,0,prop_solo_exposto_obras,-0.003963000000000001
ascenty-jundiai,0,prop_construida_urbana,0.0050190000000000234
ascenty-jundiai,0,prop_agua,-0.0002249999999999993
ascenty-jundiai,0,lst_media_celsius,-0.40499999999999403
ascenty-jundiai,0,populacao,3237.0
ascenty-jundiai,0,emprego_formal_total,4119.0
ascenty-jundiai,0,pib_mil_reais,3285808.0
ascenty-jundiai,0,numero_empresas,2226.0
ascenty-jundiai,1,prop_vegetacao_densa,0.013113000000000041
ascenty-jundiai,1,prop_vegetacao_rala,-0.009050999999999976
ascenty-jundiai,1,prop_solo_exposto_obras,-0.005954000000000001
ascenty-jundiai,1,prop_construida_urbana,0.0016860000000000208
ascenty-jundiai,1,prop_agua,0.00020700000000000037
ascenty-jundiai,1,lst_media_celsius,0.6231000000000009
ascenty-jundiai,1,populacao,6390.0
ascenty-jundiai,1,emprego_formal_total,-637.0
ascenty-jundiai,1,pib_mil_reais,7992820.0
ascenty-jundiai,1,numero_empresas,2926.0
ascenty-jundiai,2,prop_vegetacao_densa,0.04917799999999997
ascenty-jundiai,2,prop_vegetacao_rala,-0.026665999999999968
ascenty-jundiai,2,prop_solo_exposto_obras,-0.0031219999999999998
ascenty-jundiai,2,prop_construida_urbana,-0.019015999999999977
ascenty-jundiai,2,prop_agua,-0.0003749999999999997
ascenty-jundiai,2,lst_media_celsius,-0.022099999999998232
ascenty-jundiai,2,populacao,9453.0
ascenty-jundiai,2,emprego_formal_total,13443.0
ascenty-jundiai,2,pib_mil_reais,13612277.0
ascenty-jundiai,2,numero_empresas,3922.0
ascenty-jundiai,3,prop_vegetacao_densa,-2.0999999999993246e-05
ascenty-jundiai,3,prop_vegetacao_rala,-0.001358999999999999
ascenty-jundiai,3,prop_solo_exposto_obras,-0.005202
ascenty-jundiai,3,prop_construida_urbana,0.007197999999999982
ascenty-jundiai,3,prop_agua,-0.0006159999999999994
ascenty-jundiai,3,lst_media_celsius,0.09120000000000061
ascenty-jundiai,3,populacao,34514.0
ascenty-jundiai,3,emprego_formal_total,17368.0
ascenty-jundiai,3,pib_mil_reais,19332156.0
ascenty-jundiai,3,numero_empresas,12737.0
ascenty-maracanau,-1,prop_vegetacao_densa,0.0
ascenty-maracanau,-1,prop_vegetacao_rala,0.0
ascenty-maracanau,-1,prop_solo_exposto_obras,0.0
ascenty-maracanau,-1,prop_construida_urbana,0.0
ascenty-maracanau,-1,prop_agua,0.0
ascenty-maracanau,-1,lst_media_celsius,0.0
ascenty-maracanau,-1,populacao,
ascenty-maracanau,-1,emprego_formal_total,0.0
ascenty-maracanau,-1,pib_mil_reais,0.0
ascenty-maracanau,-1,numero_empresas,0.0
ascenty-maracanau,0,prop_vegetacao_densa,0.01087100000000002
ascenty-maracanau,0,prop_vegetacao_rala,-0.021247000000000016
ascenty-maracanau,0,prop_solo_exposto_obras,-0.0005190000000000004
ascenty-maracanau,0,prop_construida_urbana,0.009238000000000052
ascenty-maracanau,0,prop_agua,0.0016550000000000002
ascenty-maracanau,0,lst_media_celsius,-0.011199999999995214
ascenty-maracanau,0,populacao,
ascenty-maracanau,0,emprego_formal_total,-6596.0
ascenty-maracanau,0,pib_mil_reais,-93625.0
ascenty-maracanau,0,numero_empresas,184.0
ascenty-maracanau,1,prop_vegetacao_densa,0.004513000000000017
ascenty-maracanau,1,prop_vegetacao_rala,-0.02951799999999999
ascenty-maracanau,1,prop_solo_exposto_obras,0.02186099999999999
ascenty-maracanau,1,prop_construida_urbana,0.010822000000000054
ascenty-maracanau,1,prop_agua,-0.007678000000000004
ascenty-maracanau,1,lst_media_celsius,0.3165000000000049
ascenty-maracanau,1,populacao,
ascenty-maracanau,1,emprego_formal_total,-4662.0
ascenty-maracanau,1,pib_mil_reais,612586.0
ascenty-maracanau,1,numero_empresas,261.0
ascenty-maracanau,2,prop_vegetacao_densa,0.002748000000000028
ascenty-maracanau,2,prop_vegetacao_rala,-0.04461799999999999
ascenty-maracanau,2,prop_solo_exposto_obras,0.017921999999999993
ascenty-maracanau,2,prop_construida_urbana,0.02829200000000011
ascenty-maracanau,2,prop_agua,-0.004344999999999998
ascenty-maracanau,2,lst_media_celsius,1.0596999999999994
ascenty-maracanau,2,populacao,
ascenty-maracanau,2,emprego_formal_total,-1155.0
ascenty-maracanau,2,pib_mil_reais,1116410.0
ascenty-maracanau,2,numero_empresas,-221.0
ascenty-maracanau,3,prop_vegetacao_densa,0.013432
ascenty-maracanau,3,prop_vegetacao_rala,-0.048375
ascenty-maracanau,3,prop_solo_exposto_obras,0.028708999999999988
ascenty-maracanau,3,prop_construida_urbana,0.011732000000000117
ascenty-maracanau,3,prop_agua,-0.005499999999999998
ascenty-maracanau,3,lst_media_celsius,0.05260000000000531
ascenty-maracanau,3,populacao,
ascenty-maracanau,3,emprego_formal_total,-4063.0
ascenty-maracanau,3,pib_mil_reais,1137176.0
ascenty-maracanau,3,numero_empresas,-221.0
ascenty-osasco,-3,prop_vegetacao_densa,0.019899000000000028
ascenty-osasco,-3,prop_vegetacao_rala,-0.019932000000000033
ascenty-osasco,-3,prop_solo_exposto_obras,0.0016350000000000002
ascenty-osasco,-3,prop_construida_urbana,-0.0007659999999999889
ascenty-osasco,-3,prop_agua,-0.0008339999999999997
ascenty-osasco,-3,lst_media_celsius,-0.1424999999999983
ascenty-osasco,-3,populacao,7666.0
ascenty-osasco,-3,emprego_formal_total,-2824.0
ascenty-osasco,-3,pib_mil_reais,-3183476.0
ascenty-osasco,-3,numero_empresas,-2039.0
ascenty-osasco,-2,prop_vegetacao_densa,0.01758900000000002
ascenty-osasco,-2,prop_vegetacao_rala,-0.01739099999999999
ascenty-osasco,-2,prop_solo_exposto_obras,-0.0007279999999999986
ascenty-osasco,-2,prop_construida_urbana,0.0014720000000000288
ascenty-osasco,-2,prop_agua,-0.000941
ascenty-osasco,-2,lst_media_celsius,-0.43629999999999924
ascenty-osasco,-2,populacao,1780.0
ascenty-osasco,-2,emprego_formal_total,-2118.0
ascenty-osasco,-2,pib_mil_reais,-5405043.0
ascenty-osasco,-2,numero_empresas,-2268.0
ascenty-osasco,-1,prop_vegetacao_densa,0.0
ascenty-osasco,-1,prop_vegetacao_rala,0.0
ascenty-osasco,-1,prop_solo_exposto_obras,0.0
ascenty-osasco,-1,prop_construida_urbana,0.0
ascenty-osasco,-1,prop_agua,0.0
ascenty-osasco,-1,lst_media_celsius,0.0
ascenty-osasco,-1,populacao,0.0
ascenty-osasco,-1,emprego_formal_total,0.0
ascenty-osasco,-1,pib_mil_reais,0.0
ascenty-osasco,-1,numero_empresas,0.0
ascenty-osasco,0,prop_vegetacao_densa,0.014198000000000016
ascenty-osasco,0,prop_vegetacao_rala,-0.014836000000000016
ascenty-osasco,0,prop_solo_exposto_obras,6.700000000000195e-05
ascenty-osasco,0,prop_construida_urbana,-0.0010819999999999719
ascenty-osasco,0,prop_agua,0.0016550000000000002
ascenty-osasco,0,lst_media_celsius,-0.2997999999999976
ascenty-osasco,0,populacao,-1735.0
ascenty-osasco,0,emprego_formal_total,-816.0
ascenty-osasco,0,pib_mil_reais,-5118012.0
ascenty-osasco,0,numero_empresas,508.0
ascenty-osasco,1,prop_vegetacao_densa,-0.004492999999999969
ascenty-osasco,1,prop_vegetacao_rala,0.01578099999999999
ascenty-osasco,1,prop_solo_exposto_obras,-0.0036379999999999997
ascenty-osasco,1,prop_construida_urbana,-0.006598000000000048
ascenty-osasco,1,prop_agua,-0.0010510000000000007
ascenty-osasco,1,lst_media_celsius,-0.2406000000000006
ascenty-osasco,1,populacao,-3421.0
ascenty-osasco,1,emprego_formal_total,16655.0
ascenty-osasco,1,pib_mil_reais,3399474.0
ascenty-osasco,1,numero_empresas,1963.0
ascenty-osasco,2,prop_vegetacao_densa,0.01819800000000002
ascenty-osasco,2,prop_vegetacao_rala,-0.007829000000000003
ascenty-osasco,2,prop_solo_exposto_obras,0.0008130000000000021
ascenty-osasco,2,prop_construida_urbana,-0.011124999999999996
ascenty-osasco,2,prop_agua,-5.500000000000123e-05
ascenty-osasco,2,lst_media_celsius,-0.5597999999999992
ascenty-osasco,2,populacao,35600.0
ascenty-osasco,2,emprego_formal_total,26150.0
ascenty-osasco,2,pib_mil_reais,27271746.0
ascenty-osasco,2,numero_empresas,17247.0
ascenty-osasco,3,prop_vegetacao_densa,0.004619000000000012
ascenty-osasco,3,prop_vegetacao_rala,-0.0034590000000000176
ascenty-osasco,3,prop_solo_exposto_obras,0.0024160000000000006
ascenty-osasco,3,prop_construida_urbana,-0.004650999999999905
ascenty-osasco,3,prop_agua,0.0010759999999999988
ascenty-osasco,3,lst_media_celsius,-0.16140000000000043
ascenty-osasco,3,populacao,
ascenty-osasco,3,emprego_formal_total,41916.0
ascenty-osasco,3,pib_mil_reais,33932165.0
ascenty-osasco,3,numero_empresas,19142.0
ascenty-paulinia,-3,prop_vegetacao_densa,-0.002715999999999996
ascenty-paulinia,-3,prop_vegetacao_rala,0.017740000000000034
ascenty-paulinia,-3,prop_solo_exposto_obras,-0.00113
ascenty-paulinia,-3,prop_construida_urbana,0.0046439999999999815
ascenty-paulinia,-3,prop_agua,-0.018536999999999998
ascenty-paulinia,-3,lst_media_celsius,-0.5218999999999987
ascenty-paulinia,-3,populacao,-1157.0
ascenty-paulinia,-3,emprego_formal_total,1318.0
ascenty-paulinia,-3,pib_mil_reais,4745842.0
ascenty-paulinia,-3,numero_empresas,67.0
ascenty-paulinia,-2,prop_vegetacao_densa,0.007816000000000004
ascenty-paulinia,-2,prop_vegetacao_rala,0.02190000000000003
ascenty-paulinia,-2,prop_solo_exposto_obras,0.0009849999999999998
ascenty-paulinia,-2,prop_construida_urbana,-0.015059999999999962
ascenty-paulinia,-2,prop_agua,-0.015642
ascenty-paulinia,-2,lst_media_celsius,-0.6518999999999977
ascenty-paulinia,-2,populacao,-1033.0
ascenty-paulinia,-2,emprego_formal_total,-1706.0
ascenty-paulinia,-2,pib_mil_reais,3237919.0
ascenty-paulinia,-2,numero_empresas,207.0
ascenty-paulinia,-1,prop_vegetacao_densa,0.0
ascenty-paulinia,-1,prop_vegetacao_rala,0.0
ascenty-paulinia,-1,prop_solo_exposto_obras,0.0
ascenty-paulinia,-1,prop_construida_urbana,0.0
ascenty-paulinia,-1,prop_agua,0.0
ascenty-paulinia,-1,lst_media_celsius,0.0
ascenty-paulinia,-1,populacao,0.0
ascenty-paulinia,-1,emprego_formal_total,0.0
ascenty-paulinia,-1,pib_mil_reais,0.0
ascenty-paulinia,-1,numero_empresas,0.0
ascenty-paulinia,0,prop_vegetacao_densa,0.019623
ascenty-paulinia,0,prop_vegetacao_rala,0.05109699999999995
ascenty-paulinia,0,prop_solo_exposto_obras,-0.0016320000000000006
ascenty-paulinia,0,prop_construida_urbana,-0.055578000000000016
ascenty-paulinia,0,prop_agua,-0.013509000000000002
ascenty-paulinia,0,lst_media_celsius,-0.668800000000001
ascenty-paulinia,0,populacao,163.0
ascenty-paulinia,0,emprego_formal_total,2681.0
ascenty-paulinia,0,pib_mil_reais,4186351.0
ascenty-paulinia,0,numero_empresas,-323.0
ascenty-paulinia,1,prop_vegetacao_densa,0.023046999999999998
ascenty-paulinia,1,prop_vegetacao_rala,0.01221899999999998
ascenty-paulinia,1,prop_solo_exposto_obras,-0.0003050000000000006
ascenty-paulinia,1,prop_construida_urbana,-0.02082299999999998
ascenty-paulinia,1,prop_agua,-0.014136
ascenty-paulinia,1,lst_media_celsius,-0.41850000000000165
ascenty-paulinia,1,populacao,321.0
ascenty-paulinia,1,emprego_formal_total,2687.0
ascenty-paulinia,1,pib_mil_reais,6532387.0
ascenty-paulinia,1,numero_empresas,-477.0
ascenty-paulinia,2,prop_vegetacao_densa,0.029563999999999993
ascenty-paulinia,2,prop_vegetacao_rala,0.009816999999999965
ascenty-paulinia,2,prop_solo_exposto_obras,0.002733
ascenty-paulinia,2,prop_construida_urbana,-0.028111000000000053
ascenty-paulinia,2,prop_agua,-0.014002000000000002
ascenty-paulinia,2,lst_media_celsius,-0.6943999999999981
ascenty-paulinia,2,populacao,474.0
ascenty-paulinia,2,emprego_formal_total,1425.0
ascenty-paulinia,2,pib_mil_reais,15853843.0
ascenty-paulinia,2,numero_empresas,-684.0
ascenty-paulinia,3,prop_vegetacao_densa,0.02589699999999999
ascenty-paulinia,3,prop_vegetacao_rala,0.007135999999999976
ascenty-paulinia,3,prop_solo_exposto_obras,0.0013089999999999994
ascenty-paulinia,3,prop_construida_urbana,-0.017955
ascenty-paulinia,3,prop_agua,-0.016386
ascenty-paulinia,3,lst_media_celsius,-0.49760000000000204
ascenty-paulinia,3,populacao,3633.0
ascenty-paulinia,3,emprego_formal_total,2809.0
ascenty-paulinia,3,pib_mil_reais,32500679.0
ascenty-paulinia,3,numero_empresas,-3681.0
ascenty-sumare,-3,prop_vegetacao_densa,0.0068509999999999925
ascenty-sumare,-3,prop_vegetacao_rala,-0.0012790000000000301
ascenty-sumare,-3,prop_solo_exposto_obras,0.003527999999999999
ascenty-sumare,-3,prop_construida_urbana,-0.011157000000000028
ascenty-sumare,-3,prop_agua,0.002056999999999999
ascenty-sumare,-3,lst_media_celsius,0.14030000000000342
ascenty-sumare,-3,populacao,
ascenty-sumare,-3,emprego_formal_total,-3560.0
ascenty-sumare,-3,pib_mil_reais,-93223.0
ascenty-sumare,-3,numero_empresas,240.0
ascenty-sumare,-2,prop_vegetacao_densa,-0.01945200000000001
ascenty-sumare,-2,prop_vegetacao_rala,0.039337999999999984
ascenty-sumare,-2,prop_solo_exposto_obras,-0.0019140000000000025
ascenty-sumare,-2,prop_construida_urbana,-0.018923000000000023
ascenty-sumare,-2,prop_agua,0.0009519999999999997
ascenty-sumare,-2,lst_media_celsius,-0.0882000000000005
ascenty-sumare,-2,populacao,
ascenty-sumare,-2,emprego_formal_total,-1564.0
ascenty-sumare,-2,pib_mil_reais,668477.0
ascenty-sumare,-2,numero_empresas,-103.0
ascenty-sumare,-1,prop_vegetacao_densa,0.0
ascenty-sumare,-1,prop_vegetacao_rala,0.0
ascenty-sumare,-1,prop_solo_exposto_obras,0.0
ascenty-sumare,-1,prop_construida_urbana,0.0
ascenty-sumare,-1,prop_agua,0.0
ascenty-sumare,-1,lst_media_celsius,0.0
ascenty-sumare,-1,populacao,0.0
ascenty-sumare,-1,emprego_formal_total,0.0
ascenty-sumare,-1,pib_mil_reais,0.0
ascenty-sumare,-1,numero_empresas,0.0
ascenty-sumare,0,prop_vegetacao_densa,0.000661999999999989
ascenty-sumare,0,prop_vegetacao_rala,-0.001419000000000059
ascenty-sumare,0,prop_solo_exposto_obras,-0.006439000000000001
ascenty-sumare,0,prop_construida_urbana,0.007740999999999942
ascenty-sumare,0,prop_agua,-0.0005449999999999995
ascenty-sumare,0,lst_media_celsius,-0.13040000000000163
ascenty-sumare,0,populacao,-750.0
ascenty-sumare,0,emprego_formal_total,-2963.0
ascenty-sumare,0,pib_mil_reais,-363868.0
ascenty-sumare,0,numero_empresas,-142.0
ascenty-sumare,1,prop_vegetacao_densa,0.008389999999999995
ascenty-sumare,1,prop_vegetacao_rala,0.0013539999999999663
ascenty-sumare,1,prop_solo_exposto_obras,-4.2999999999999636e-05
ascenty-sumare,1,prop_construida_urbana,-0.00861100000000009
ascenty-sumare,1,prop_agua,-0.0010910000000000008
ascenty-sumare,1,lst_media_celsius,0.23789999999999978
ascenty-sumare,1,populacao,-2492.0
ascenty-sumare,1,emprego_formal_total,-3188.0
ascenty-sumare,1,pib_mil_reais,-1112030.0
ascenty-sumare,1,numero_empresas,-72.0
ascenty-sumare,2,prop_vegetacao_densa,-0.040358
ascenty-sumare,2,prop_vegetacao_rala,0.06392900000000001
ascenty-sumare,2,prop_solo_exposto_obras,-0.0018190000000000012
ascenty-sumare,2,prop_construida_urbana,-0.020232000000000083
ascenty-sumare,2,prop_agua,-0.0015210000000000007
ascenty-sumare,2,lst_media_celsius,0.16359999999999886
ascenty-sumare,2,populacao,-3341.0
ascenty-sumare,2,emprego_formal_total,-6629.0
ascenty-sumare,2,pib_mil_reais,-1753698.0
ascenty-sumare,2,numero_empresas,-1001.0
ascenty-sumare,3,prop_vegetacao_densa,-0.005286000000000006
ascenty-sumare,3,prop_vegetacao_rala,0.011334999999999984
ascenty-sumare,3,prop_solo_exposto_obras,-0.0005760000000000001
ascenty-sumare,3,prop_construida_urbana,-0.0038200000000000456
ascenty-sumare,3,prop_agua,-0.0016530000000000008
ascenty-sumare,3,lst_media_celsius,-0.08840000000000003
ascenty-sumare,3,populacao,-4167.0
ascenty-sumare,3,emprego_formal_total,-3609.0
ascenty-sumare,3,pib_mil_reais,-4643309.0
ascenty-sumare,3,numero_empresas,-1571.0
ascenty-vinhedo,-3,prop_vegetacao_densa,0.025658000000000014
ascenty-vinhedo,-3,prop_vegetacao_rala,-0.016986999999999863
ascenty-vinhedo,-3,prop_solo_exposto_obras,0.00035599999999999955
ascenty-vinhedo,-3,prop_construida_urbana,-0.008549000000000001
ascenty-vinhedo,-3,prop_agua,-0.00047499999999999973
ascenty-vinhedo,-3,lst_media_celsius,-0.4981000000000009
ascenty-vinhedo,-3,populacao,17271.0
ascenty-vinhedo,-3,emprego_formal_total,304.0
ascenty-vinhedo,-3,pib_mil_reais,2420247.0
ascenty-vinhedo,-3,numero_empresas,-805.0
ascenty-vinhedo,-2,prop_vegetacao_densa,0.024205000000000004
ascenty-vinhedo,-2,prop_vegetacao_rala,-0.009041999999999994
ascenty-vinhedo,-2,prop_solo_exposto_obras,0.0001269999999999995
ascenty-vinhedo,-2,prop_construida_urbana,-0.015707
ascenty-vinhedo,-2,prop_agua,0.00041900000000000097
ascenty-vinhedo,-2,lst_media_celsius,-0.02919999999999945
ascenty-vinhedo,-2,populacao,9486.0
ascenty-vinhedo,-2,emprego_formal_total,-756.0
ascenty-vinhedo,-2,pib_mil_reais,2347982.0
ascenty-vinhedo,-2,numero_empresas,483.0
ascenty-vinhedo,-1,prop_vegetacao_densa,0.0
ascenty-vinhedo,-1,prop_vegetacao_rala,0.0
ascenty-vinhedo,-1,prop_solo_exposto_obras,0.0
ascenty-vinhedo,-1,prop_construida_urbana,0.0
ascenty-vinhedo,-1,prop_agua,0.0
ascenty-vinhedo,-1,lst_media_celsius,0.0
ascenty-vinhedo,-1,populacao,0.0
ascenty-vinhedo,-1,emprego_formal_total,0.0
ascenty-vinhedo,-1,pib_mil_reais,0.0
ascenty-vinhedo,-1,numero_empresas,0.0
ascenty-vinhedo,0,prop_vegetacao_densa,0.040282
ascenty-vinhedo,0,prop_vegetacao_rala,-0.04037899999999994
ascenty-vinhedo,0,prop_solo_exposto_obras,-0.0008360000000000008
ascenty-vinhedo,0,prop_construida_urbana,0.0009250000000000091
ascenty-vinhedo,0,prop_agua,1.0000000000001327e-05
ascenty-vinhedo,0,lst_media_celsius,-0.42989999999999995
ascenty-vinhedo,0,populacao,-8559.0
ascenty-vinhedo,0,emprego_formal_total,2397.0
ascenty-vinhedo,0,pib_mil_reais,-4058875.0
ascenty-vinhedo,0,numero_empresas,-3508.0
ascenty-vinhedo,1,prop_vegetacao_densa,0.0013089999999999907
ascenty-vinhedo,1,prop_vegetacao_rala,-0.013095999999999997
ascenty-vinhedo,1,prop_solo_exposto_obras,0.0024979999999999994
ascenty-vinhedo,1,prop_construida_urbana,0.008687000000000028
ascenty-vinhedo,1,prop_agua,0.0006030000000000011
ascenty-vinhedo,1,lst_media_celsius,-0.07509999999999906
ascenty-vinhedo,1,populacao,-16895.0
ascenty-vinhedo,1,emprego_formal_total,18035.0
ascenty-vinhedo,1,pib_mil_reais,-2551496.0
ascenty-vinhedo,1,numero_empresas,-5226.0
ascenty-vinhedo,2,prop_vegetacao_densa,0.052677000000000015
ascenty-vinhedo,2,prop_vegetacao_rala,-0.051747999999999905
ascenty-vinhedo,2,prop_solo_exposto_obras,0.0010859999999999993
ascenty-vinhedo,2,prop_construida_urbana,-0.003385000000000027
ascenty-vinhedo,2,prop_agua,0.0013710000000000024
ascenty-vinhedo,2,lst_media_celsius,-0.9351999999999983
ascenty-vinhedo,2,populacao,-24935.0
ascenty-vinhedo,2,emprego_formal_total,2571.0
ascenty-vinhedo,2,pib_mil_reais,-8275640.0
ascenty-vinhedo,2,numero_empresas,-8064.0
ascenty-vinhedo,3,prop_vegetacao_densa,0.025245000000000004
ascenty-vinhedo,3,prop_vegetacao_rala,-0.014079999999999981
ascenty-vinhedo,3,prop_solo_exposto_obras,-0.0021750000000000007
ascenty-vinhedo,3,prop_construida_urbana,-0.00992700000000002
ascenty-vinhedo,3,prop_agua,0.0009390000000000006
ascenty-vinhedo,3,lst_media_celsius,-0.4087999999999994
ascenty-vinhedo,3,populacao,54279.0
ascenty-vinhedo,3,emprego_formal_total,-11735.0
ascenty-vinhedo,3,pib_mil_reais,-14471982.0
ascenty-vinhedo,3,numero_empresas,-32560.0
clickip-manaus,-3,prop_vegetacao_densa,-0.005799000000000026
clickip-manaus,-3,prop_vegetacao_rala,0.015252000000000016
clickip-manaus,-3,prop_solo_exposto_obras,0.009693000000000002
clickip-manaus,-3,prop_construida_urbana,-0.019338000000000015
clickip-manaus,-3,prop_agua,0.00019100000000000345
clickip-manaus,-3,lst_media_celsius,1.9687000000000054
clickip-manaus,-3,populacao,168043.0
clickip-manaus,-3,emprego_formal_total,-60514.0
clickip-manaus,-3,pib_mil_reais,-21375284.0
clickip-manaus,-3,numero_empresas,-39154.0
clickip-manaus,-2,prop_vegetacao_densa,-0.004541000000000045
clickip-manaus,-2,prop_vegetacao_rala,0.021033999999999997
clickip-manaus,-2,prop_solo_exposto_obras,-0.0015190000000000013
clickip-manaus,-2,prop_construida_urbana,-0.010861000000000013
clickip-manaus,-2,prop_agua,-0.0041129999999999995
clickip-manaus,-2,lst_media_celsius,0.4222999999999999
clickip-manaus,-2,populacao,203659.0
clickip-manaus,-2,emprego_formal_total,-34740.0
clickip-manaus,-2,pib_mil_reais,-10141585.0
clickip-manaus,-2,numero_empresas,-37806.0
clickip-manaus,-1,prop_vegetacao_densa,0.0
clickip-manaus,-1,prop_vegetacao_rala,0.0
clickip-manaus,-1,prop_solo_exposto_obras,0.0
clickip-manaus,-1,prop_construida_urbana,0.0
clickip-manaus,-1,prop_agua,0.0
clickip-manaus,-1,lst_media_celsius,0.0
clickip-manaus,-1,populacao,0.0
clickip-manaus,-1,emprego_formal_total,0.0
clickip-manaus,-1,pib_mil_reais,0.0
clickip-manaus,-1,numero_empresas,0.0
clickip-manaus,0,prop_vegetacao_densa,-0.0058929999999999955
clickip-manaus,0,prop_vegetacao_rala,-0.003127999999999992
clickip-manaus,0,prop_solo_exposto_obras,0.0010130000000000052
clickip-manaus,0,prop_construida_urbana,0.005736000000000015
clickip-manaus,0,prop_agua,0.0022710000000000026
clickip-manaus,0,lst_media_celsius,-0.38700000000000045
clickip-manaus,0,populacao,
clickip-manaus,0,emprego_formal_total,15173.0
clickip-manaus,0,pib_mil_reais,13965176.0
clickip-manaus,0,numero_empresas,4675.0
clickip-manaus,1,prop_vegetacao_densa,0.014195000000000041
clickip-manaus,1,prop_vegetacao_rala,-0.028192999999999996
clickip-manaus,1,prop_solo_exposto_obras,0.00028900000000000627
clickip-manaus,1,prop_construida_urbana,0.0077309999999999775
clickip-manaus,1,prop_agua,0.005977000000000003
clickip-manaus,1,lst_media_celsius,-0.3703000000000003
clickip-manaus,1,populacao,210046.0
clickip-manaus,1,emprego_formal_total,43615.0
clickip-manaus,1,pib_mil_reais,
clickip-manaus,1,numero_empresas,9527.0
clickip-manaus,2,prop_vegetacao_densa,-0.04587900000000003
clickip-manaus,2,prop_vegetacao_rala,0.04667299999999999
clickip-manaus,2,prop_solo_exposto_obras,0.00040199999999999785
clickip-manaus,2,prop_construida_urbana,0.0009619999999999837
clickip-manaus,2,prop_agua,-0.0021589999999999986
clickip-manaus,2,lst_media_celsius,-2.6761999999999944
clickip-manaus,2,populacao,232344.0
clickip-manaus,2,emprego_formal_total,
clickip-manaus,2,pib_mil_reais,
clickip-manaus,2,numero_empresas,
equinix-santana-parnaiba,-3,prop_vegetacao_densa,0.016301000000000065
equinix-santana-parnaiba,-3,prop_vegetacao_rala,-0.03217500000000001
equinix-santana-parnaiba,-3,prop_solo_exposto_obras,0.0003329999999999991
equinix-santana-parnaiba,-3,prop_construida_urbana,0.015833999999999973
equinix-santana-parnaiba,-3,prop_agua,-0.00029299999999999986
equinix-santana-parnaiba,-3,lst_media_celsius,-0.19500000000000384
equinix-santana-parnaiba,-3,populacao,-4680.0
equinix-santana-parnaiba,-3,emprego_formal_total,4062.0
equinix-santana-parnaiba,-3,pib_mil_reais,3963800.0
equinix-santana-parnaiba,-3,numero_empresas,-118.0
equinix-santana-parnaiba,-2,prop_vegetacao_densa,-0.0002829999999999222
equinix-santana-parnaiba,-2,prop_vegetacao_rala,-0.018943000000000015
equinix-santana-parnaiba,-2,prop_solo_exposto_obras,0.0016019999999999993
equinix-santana-parnaiba,-2,prop_construida_urbana,0.018252999999999978
equinix-santana-parnaiba,-2,prop_agua,-0.0006279999999999992
equinix-santana-parnaiba,-2,lst_media_celsius,0.025599999999993628
equinix-santana-parnaiba,-2,populacao,-1767.0
equinix-santana-parnaiba,-2,emprego_formal_total,1342.0
equinix-santana-parnaiba,-2,pib_mil_reais,2246079.0
equinix-santana-parnaiba,-2,numero_empresas,-967.0
equinix-santana-parnaiba,-1,prop_vegetacao_densa,0.0
equinix-santana-parnaiba,-1,prop_vegetacao_rala,0.0
equinix-santana-parnaiba,-1,prop_solo_exposto_obras,0.0
equinix-santana-parnaiba,-1,prop_construida_urbana,0.0
equinix-santana-parnaiba,-1,prop_agua,0.0
equinix-santana-parnaiba,-1,lst_media_celsius,0.0
equinix-santana-parnaiba,-1,populacao,0.0
equinix-santana-parnaiba,-1,emprego_formal_total,0.0
equinix-santana-parnaiba,-1,pib_mil_reais,0.0
equinix-santana-parnaiba,-1,numero_empresas,0.0
equinix-santana-parnaiba,0,prop_vegetacao_densa,-0.029548999999999936
equinix-santana-parnaiba,0,prop_vegetacao_rala,0.016465000000000007
equinix-santana-parnaiba,0,prop_solo_exposto_obras,-0.00043400000000000036
equinix-santana-parnaiba,0,prop_construida_urbana,0.012432999999999986
equinix-santana-parnaiba,0,prop_agua,0.0010860000000000004
equinix-santana-parnaiba,0,lst_media_celsius,-0.4531000000000027
equinix-santana-parnaiba,0,populacao,1721.0
equinix-santana-parnaiba,0,emprego_formal_total,-9113.0
equinix-santana-parnaiba,0,pib_mil_reais,-1322264.0
equinix-santana-parnaiba,0,numero_empresas,-99.0
equinix-santana-parnaiba,1,prop_vegetacao_densa,0.04098799999999997
equinix-santana-parnaiba,1,prop_vegetacao_rala,-0.050130000000000036
equinix-santana-parnaiba,1,prop_solo_exposto_obras,-0.000530000000000001
equinix-santana-parnaiba,1,prop_construida_urbana,0.010263999999999981
equinix-santana-parnaiba,1,prop_agua,-0.0005909999999999999
equinix-santana-parnaiba,1,lst_media_celsius,-0.4261000000000017
equinix-santana-parnaiba,1,populacao,3393.0
equinix-santana-parnaiba,1,emprego_formal_total,-10077.0
equinix-santana-parnaiba,1,pib_mil_reais,-1182056.0
equinix-santana-parnaiba,1,numero_empresas,-181.0
equinix-santana-parnaiba,2,prop_vegetacao_densa,0.01159300000000002
equinix-santana-parnaiba,2,prop_vegetacao_rala,-0.01945000000000005
equinix-santana-parnaiba,2,prop_solo_exposto_obras,-0.0014040000000000007
equinix-santana-parnaiba,2,prop_construida_urbana,0.009015000000000009
equinix-santana-parnaiba,2,prop_agua,0.0002450000000000002
equinix-santana-parnaiba,2,lst_media_celsius,-0.44500000000000384
equinix-santana-parnaiba,2,populacao,-1230.0
equinix-santana-parnaiba,2,emprego_formal_total,-4518.0
equinix-santana-parnaiba,2,pib_mil_reais,-1569639.0
equinix-santana-parnaiba,2,numero_empresas,3434.0
equinix-santana-parnaiba,3,prop_vegetacao_densa,0.013141999999999987
equinix-santana-parnaiba,3,prop_vegetacao_rala,-0.007714000000000026
equinix-santana-parnaiba,3,prop_solo_exposto_obras,-0.003359
equinix-santana-parnaiba,3,prop_construida_urbana,-0.0023949999999999944
equinix-santana-parnaiba,3,prop_agua,0.000326000000000001
equinix-santana-parnaiba,3,lst_media_celsius,-0.3667000000000016
equinix-santana-parnaiba,3,populacao,
equinix-santana-parnaiba,3,emprego_formal_total,-8382.0
equinix-santana-parnaiba,3,pib_mil_reais,-4670004.0
equinix-santana-parnaiba,3,numero_empresas,3286.0
everest-goiania,-3,prop_vegetacao_densa,0.0072680000000000106
everest-goiania,-3,prop_vegetacao_rala,-0.023429000000000033
everest-goiania,-3,prop_solo_exposto_obras,-0.006308999999999997
everest-goiania,-3,prop_construida_urbana,0.022299000000000013
everest-goiania,-3,prop_agua,0.00016999999999999958
everest-goiania,-3,lst_media_celsius,0.6335999999999942
everest-goiania,-3,populacao,0.0
everest-goiania,-3,emprego_formal_total,0.0
everest-goiania,-3,pib_mil_reais,0.0
everest-goiania,-3,numero_empresas,0.0
everest-goiania,-2,prop_vegetacao_densa,0.011922000000000002
everest-goiania,-2,prop_vegetacao_rala,0.016385999999999956
everest-goiania,-2,prop_solo_exposto_obras,-0.007284999999999998
everest-goiania,-2,prop_construida_urbana,-0.020486999999999977
everest-goiania,-2,prop_agua,-0.000536
everest-goiania,-2,lst_media_celsius,0.36829999999999075
everest-goiania,-2,populacao,0.0
everest-goiania,-2,emprego_formal_total,0.0
everest-goiania,-2,pib_mil_reais,0.0
everest-goiania,-2,numero_empresas,0.0
everest-goiania,-1,prop_vegetacao_densa,0.0
everest-goiania,-1,prop_vegetacao_rala,0.0
everest-goiania,-1,prop_solo_exposto_obras,0.0
everest-goiania,-1,prop_construida_urbana,0.0
everest-goiania,-1,prop_agua,0.0
everest-goiania,-1,lst_media_celsius,0.0
everest-goiania,-1,populacao,0.0
everest-goiania,-1,emprego_formal_total,0.0
everest-goiania,-1,pib_mil_reais,0.0
everest-goiania,-1,numero_empresas,0.0
everest-goiania,0,prop_vegetacao_densa,0.012270000000000003
everest-goiania,0,prop_vegetacao_rala,-0.00602500000000003
everest-goiania,0,prop_solo_exposto_obras,-0.005294999999999998
everest-goiania,0,prop_construida_urbana,-0.0007789999999999742
everest-goiania,0,prop_agua,-0.00017200000000000028
everest-goiania,0,lst_media_celsius,0.4753999999999934
everest-goiania,0,populacao,0.0
everest-goiania,0,emprego_formal_total,0.0
everest-goiania,0,pib_mil_reais,0.0
everest-goiania,0,numero_empresas,0.0
everest-goiania,1,prop_vegetacao_densa,0.024109000000000012
everest-goiania,1,prop_vegetacao_rala,-0.00330700000000006
everest-goiania,1,prop_solo_exposto_obras,-0.008914999999999998
everest-goiania,1,prop_construida_urbana,-0.01168899999999995
everest-goiania,1,prop_agua,-0.00019800000000000026
everest-goiania,1,lst_media_celsius,-0.03520000000000678
everest-goiania,1,populacao,0.0
everest-goiania,1,emprego_formal_total,0.0
everest-goiania,1,pib_mil_reais,0.0
everest-goiania,1,numero_empresas,0.0
everest-goiania,2,prop_vegetacao_densa,0.021822000000000008
everest-goiania,2,prop_vegetacao_rala,-0.03337300000000004
everest-goiania,2,prop_solo_exposto_obras,-0.0034529999999999977
everest-goiania,2,prop_construida_urbana,0.015254000000000045
everest-goiania,2,prop_agua,-0.0002500000000000002
everest-goiania,2,lst_media_celsius,-0.12800000000000367
everest-goiania,2,populacao,
everest-goiania,2,emprego_formal_total,0.0
everest-goiania,2,pib_mil_reais,0.0
everest-goiania,2,numero_empresas,0.0
everest-goiania,3,prop_vegetacao_densa,0.021813000000000013
everest-goiania,3,prop_vegetacao_rala,0.02457200000000001
everest-goiania,3,prop_solo_exposto_obras,-0.010081999999999999
everest-goiania,3,prop_construida_urbana,-0.03604200000000002
everest-goiania,3,prop_agua,-0.00026000000000000025
everest-goiania,3,lst_media_celsius,-0.6115000000000066
everest-goiania,3,populacao,0.0
everest-goiania,3,emprego_formal_total,0.0
everest-goiania,3,pib_mil_reais,
everest-goiania,3,numero_empresas,0.0
hostdime-joao-pessoa,-3,prop_vegetacao_densa,-0.04112300000000002
hostdime-joao-pessoa,-3,prop_vegetacao_rala,0.04231399999999999
hostdime-joao-pessoa,-3,prop_solo_exposto_obras,0.0019480000000000005
hostdime-joao-pessoa,-3,prop_construida_urbana,0.001772999999999983
hostdime-joao-pessoa,-3,prop_agua,-0.0049130000000000285
hostdime-joao-pessoa,-3,lst_media_celsius,0.6403999999999996
hostdime-joao-pessoa,-3,populacao,
hostdime-joao-pessoa,-3,emprego_formal_total,25709.0
hostdime-joao-pessoa,-3,pib_mil_reais,-1261709.0
hostdime-joao-pessoa,-3,numero_empresas,-576.0
hostdime-joao-pessoa,-2,prop_vegetacao_densa,-0.006773000000000001
hostdime-joao-pessoa,-2,prop_vegetacao_rala,0.007774000000000031
hostdime-joao-pessoa,-2,prop_solo_exposto_obras,0.0007779999999999992
hostdime-joao-pessoa,-2,prop_construida_urbana,-0.0026490000000000125
hostdime-joao-pessoa,-2,prop_agua,0.0008699999999999541
hostdime-joao-pessoa,-2,lst_media_celsius,0.20399999999999707
hostdime-joao-pessoa,-2,populacao,
hostdime-joao-pessoa,-2,emprego_formal_total,14190.0
hostdime-joao-pessoa,-2,pib_mil_reais,-442445.0
hostdime-joao-pessoa,-2,numero_empresas,-284.0
hostdime-joao-pessoa,-1,prop_vegetacao_densa,0.0
hostdime-joao-pessoa,-1,prop_vegetacao_rala,0.0
hostdime-joao-pessoa,-1,prop_solo_exposto_obras,0.0
hostdime-joao-pessoa,-1,prop_construida_urbana,0.0
hostdime-joao-pessoa,-1,prop_agua,0.0
hostdime-joao-pessoa,-1,lst_media_celsius,0.0
hostdime-joao-pessoa,-1,populacao,0.0
hostdime-joao-pessoa,-1,emprego_formal_total,0.0
hostdime-joao-pessoa,-1,pib_mil_reais,0.0
hostdime-joao-pessoa,-1,numero_empresas,0.0
hostdime-joao-pessoa,0,prop_vegetacao_densa,-0.04914500000000002
hostdime-joao-pessoa,0,prop_vegetacao_rala,0.040432000000000023
hostdime-joao-pessoa,0,prop_solo_exposto_obras,0.0009680000000000001
hostdime-joao-pessoa,0,prop_construida_urbana,-0.009223000000000009
hostdime-joao-pessoa,0,prop_agua,0.016967999999999955
hostdime-joao-pessoa,0,lst_media_celsius,-0.37480000000000047
hostdime-joao-pessoa,0,populacao,9491.0
hostdime-joao-pessoa,0,emprego_formal_total,-8504.0
hostdime-joao-pessoa,0,pib_mil_reais,957302.0
hostdime-joao-pessoa,0,numero_empresas,-13.0
hostdime-joao-pessoa,1,prop_vegetacao_densa,-0.003137000000000001
hostdime-joao-pessoa,1,prop_vegetacao_rala,-0.003172000000000008
hostdime-joao-pessoa,1,prop_solo_exposto_obras,0.0031530000000000004
hostdime-joao-pessoa,1,prop_construida_urbana,-0.005112000000000005
hostdime-joao-pessoa,1,prop_agua,0.008265999999999968
hostdime-joao-pessoa,1,lst_media_celsius,0.051499999999997215
hostdime-joao-pessoa,1,populacao,-1338.0
hostdime-joao-pessoa,1,emprego_formal_total,-13146.0
hostdime-joao-pessoa,1,pib_mil_reais,950332.0
hostdime-joao-pessoa,1,numero_empresas,-109.0
hostdime-joao-pessoa,2,prop_vegetacao_densa,-0.034337000000000006
hostdime-joao-pessoa,2,prop_vegetacao_rala,0.04102999999999998
hostdime-joao-pessoa,2,prop_solo_exposto_obras,0.0010520000000000009
hostdime-joao-pessoa,2,prop_construida_urbana,-0.016391000000000044
hostdime-joao-pessoa,2,prop_agua,0.008645999999999987
hostdime-joao-pessoa,2,lst_media_celsius,-0.26950000000000074
hostdime-joao-pessoa,2,populacao,7007.0
hostdime-joao-pessoa,2,emprego_formal_total,-7022.0
hostdime-joao-pessoa,2,pib_mil_reais,1888907.0
hostdime-joao-pessoa,2,numero_empresas,1609.0
hostdime-joao-pessoa,3,prop_vegetacao_densa,-0.019967000000000013
hostdime-joao-pessoa,3,prop_vegetacao_rala,0.029021999999999992
hostdime-joao-pessoa,3,prop_solo_exposto_obras,0.005216999999999999
hostdime-joao-pessoa,3,prop_construida_urbana,-0.013653000000000026
hostdime-joao-pessoa,3,prop_agua,-0.0006210000000000659
hostdime-joao-pessoa,3,lst_media_celsius,0.17469999999999786
hostdime-joao-pessoa,3,populacao,15163.0
hostdime-joao-pessoa,3,emprego_formal_total,-13061.0
hostdime-joao-pessoa,3,pib_mil_reais,1690357.0
hostdime-joao-pessoa,3,numero_empresas,2833.0
scala-sgigsm01,-3,prop_vegetacao_densa,-0.03827499999999999
scala-sgigsm01,-3,prop_vegetacao_rala,0.03131899999999996
scala-sgigsm01,-3,prop_solo_exposto_obras,0.0026480000000000045
scala-sgigsm01,-3,prop_construida_urbana,0.0049789999999999
scala-sgigsm01,-3,prop_agua,-0.0006699999999999995
scala-sgigsm01,-3,lst_media_celsius,0.3405000000000058
scala-sgigsm01,-3,populacao,55679.0
scala-sgigsm01,-3,emprego_formal_total,-109844.0
scala-sgigsm01,-3,pib_mil_reais,5482840.0
scala-sgigsm01,-3,numero_empresas,14891.0
scala-sgigsm01,-2,prop_vegetacao_densa,-0.013445999999999993
scala-sgigsm01,-2,prop_vegetacao_rala,0.028663999999999953
scala-sgigsm01,-2,prop_solo_exposto_obras,-0.0008640000000000106
scala-sgigsm01,-2,prop_construida_urbana,-0.014087000000000072
scala-sgigsm01,-2,prop_agua,-0.0002670000000000003
scala-sgigsm01,-2,lst_media_celsius,0.18320000000000292
scala-sgigsm01,-2,populacao,27267.0
scala-sgigsm01,-2,emprego_formal_total,44508.0
scala-sgigsm01,-2,pib_mil_reais,28309819.0
scala-sgigsm01,-2,numero_empresas,10325.0
scala-sgigsm01,-1,prop_vegetacao_densa,0.0
scala-sgigsm01,-1,prop_vegetacao_rala,0.0
scala-sgigsm01,-1,prop_solo_exposto_obras,0.0
scala-sgigsm01,-1,prop_construida_urbana,0.0
scala-sgigsm01,-1,prop_agua,0.0
scala-sgigsm01,-1,lst_media_celsius,0.0
scala-sgigsm01,-1,populacao,0.0
scala-sgigsm01,-1,emprego_formal_total,0.0
scala-sgigsm01,-1,pib_mil_reais,0.0
scala-sgigsm01,-1,numero_empresas,0.0
scala-sgigsm01,0,prop_vegetacao_densa,-0.067408
scala-sgigsm01,0,prop_vegetacao_rala,0.04598299999999997
scala-sgigsm01,0,prop_solo_exposto_obras,-0.0018179999999999932
scala-sgigsm01,0,prop_construida_urbana,0.022709999999999952
scala-sgigsm01,0,prop_agua,0.0005330000000000008
scala-sgigsm01,0,lst_media_celsius,0.37809999999999633
scala-sgigsm01,0,populacao,531915.0
scala-sgigsm01,0,emprego_formal_total,-157995.0
scala-sgigsm01,0,pib_mil_reais,-19097544.0
scala-sgigsm01,0,numero_empresas,-138242.0
scala-sgigsm01,1,prop_vegetacao_densa,-0.03917399999999999
scala-sgigsm01,1,prop_vegetacao_rala,0.047787
scala-sgigsm01,1,prop_solo_exposto_obras,0.008349999999999996
scala-sgigsm01,1,prop_construida_urbana,-0.016739999999999977
scala-sgigsm01,1,prop_agua,-0.00022299999999999924
scala-sgigsm01,1,lst_media_celsius,0.21189999999999642
scala-sgigsm01,1,populacao,
scala-sgigsm01,1,emprego_formal_total,-280248.0
scala-sgigsm01,1,pib_mil_reais,-56259381.0
scala-sgigsm01,1,numero_empresas,-157774.0
scala-sgigsm01,2,prop_vegetacao_densa,-0.00011900000000000452
scala-sgigsm01,2,prop_vegetacao_rala,0.016561999999999952
scala-sgigsm01,2,prop_solo_exposto_obras,0.0005090000000000025
scala-sgigsm01,2,prop_construida_urbana,-0.016856000000000038
scala-sgigsm01,2,prop_agua,-9.599999999999984e-05
scala-sgigsm01,2,lst_media_celsius,-0.3363000000000014
scala-sgigsm01,2,populacao,38818.0
scala-sgigsm01,2,emprego_formal_total,-365908.0
scala-sgigsm01,2,pib_mil_reais,
scala-sgigsm01,2,numero_empresas,-175272.0
scala-sgigsm01,3,prop_vegetacao_densa,-0.04652300000000001
scala-sgigsm01,3,prop_vegetacao_rala,0.034088999999999994
scala-sgigsm01,3,prop_solo_exposto_obras,0.005813999999999993
scala-sgigsm01,3,prop_construida_urbana,0.006288999999999989
scala-sgigsm01,3,prop_agua,0.000331
scala-sgigsm01,3,lst_media_celsius,-0.7867999999999995
scala-sgigsm01,3,populacao,37950.0
scala-sgigsm01,3,emprego_formal_total,
scala-sgigsm01,3,pib_mil_reais,
scala-sgigsm01,3,numero_empresas,
scala-spoapa01,-3,prop_vegetacao_densa,-0.002321999999999977
scala-spoapa01,-3,prop_vegetacao_rala,-0.012049999999999977
scala-spoapa01,-3,prop_solo_exposto_obras,0.004913000000000001
scala-spoapa01,-3,prop_construida_urbana,0.006085000000000007
scala-spoapa01,-3,prop_agua,0.003373999999999988
scala-spoapa01,-3,lst_media_celsius,-0.4731999999999985
scala-spoapa01,-3,populacao,145706.0
scala-spoapa01,-3,emprego_formal_total,-20581.0
scala-spoapa01,-3,pib_mil_reais,-13352238.0
scala-spoapa01,-3,numero_empresas,-46787.0
scala-spoapa01,-2,prop_vegetacao_densa,-0.005608999999999989
scala-spoapa01,-2,prop_vegetacao_rala,0.003612000000000032
scala-spoapa01,-2,prop_solo_exposto_obras,-0.0003899999999999876
scala-spoapa01,-2,prop_construida_urbana,-0.0018999999999999573
scala-spoapa01,-2,prop_agua,0.004287000000000003
scala-spoapa01,-2,lst_media_celsius,-0.6786999999999992
scala-spoapa01,-2,populacao,149284.0
scala-spoapa01,-2,emprego_formal_total,-14720.0
scala-spoapa01,-2,pib_mil_reais,-8477090.0
scala-spoapa01,-2,numero_empresas,-44083.0
scala-spoapa01,-1,prop_vegetacao_densa,0.0
scala-spoapa01,-1,prop_vegetacao_rala,0.0
scala-spoapa01,-1,prop_solo_exposto_obras,0.0
scala-spoapa01,-1,prop_construida_urbana,0.0
scala-spoapa01,-1,prop_agua,0.0
scala-spoapa01,-1,lst_media_celsius,0.0
scala-spoapa01,-1,populacao,0.0
scala-spoapa01,-1,emprego_formal_total,0.0
scala-spoapa01,-1,pib_mil_reais,0.0
scala-spoapa01,-1,numero_empresas,0.0
scala-spoapa01,0,prop_vegetacao_densa,-0.002030000000000004
scala-spoapa01,0,prop_vegetacao_rala,0.0006540000000000157
scala-spoapa01,0,prop_solo_exposto_obras,0.001137000000000013
scala-spoapa01,0,prop_construida_urbana,-0.0011200000000000099
scala-spoapa01,0,prop_agua,0.0013569999999999832
scala-spoapa01,0,lst_media_celsius,-0.3363999999999976
scala-spoapa01,0,populacao,
scala-spoapa01,0,emprego_formal_total,23480.0
scala-spoapa01,0,pib_mil_reais,14177797.0
scala-spoapa01,0,numero_empresas,5514.0
scala-spoapa01,1,prop_vegetacao_densa,-0.040828999999999976
scala-spoapa01,1,prop_vegetacao_rala,-0.03246699999999997
scala-spoapa01,1,prop_solo_exposto_obras,0.01084700000000001
scala-spoapa01,1,prop_construida_urbana,0.008398000000000017
scala-spoapa01,1,prop_agua,0.05405000000000002
scala-spoapa01,1,lst_media_celsius,0.565100000000001
scala-spoapa01,1,populacao,52042.0
scala-spoapa01,1,emprego_formal_total,38733.0
scala-spoapa01,1,pib_mil_reais,
scala-spoapa01,1,numero_empresas,9901.0
scala-spoapa01,2,prop_vegetacao_densa,-0.022428999999999977
scala-spoapa01,2,prop_vegetacao_rala,0.0042400000000000215
scala-spoapa01,2,prop_solo_exposto_obras,0.0038710000000000133
scala-spoapa01,2,prop_construida_urbana,0.00020300000000000873
scala-spoapa01,2,prop_agua,0.014113
scala-spoapa01,2,lst_media_celsius,0.6491000000000007
scala-spoapa01,2,populacao,51484.0
scala-spoapa01,2,emprego_formal_total,
scala-spoapa01,2,pib_mil_reais,
scala-spoapa01,2,numero_empresas,
scala-tambore,-3,prop_vegetacao_densa,0.05197599999999994
scala-tambore,-3,prop_vegetacao_rala,-0.031225999999999948
scala-tambore,-3,prop_solo_exposto_obras,-0.004915999999999999
scala-tambore,-3,prop_construida_urbana,-0.015081000000000067
scala-tambore,-3,prop_agua,-0.0007520000000000044
scala-tambore,-3,lst_media_celsius,0.26119999999999877
scala-tambore,-3,populacao,-5102.0
scala-tambore,-3,emprego_formal_total,-23492.0
scala-tambore,-3,pib_mil_reais,-969688.0
scala-tambore,-3,numero_empresas,-4266.0
scala-tambore,-2,prop_vegetacao_densa,-0.02165500000000009
scala-tambore,-2,prop_vegetacao_rala,0.03409400000000001
scala-tambore,-2,prop_solo_exposto_obras,-0.0014070000000000003
scala-tambore,-2,prop_construida_urbana,-0.006736000000000034
scala-tambore,-2,prop_agua,-0.004296000000000003
scala-tambore,-2,lst_media_celsius,0.6672000000000011
scala-tambore,-2,populacao,-2517.0
scala-tambore,-2,emprego_formal_total,-8679.0
scala-tambore,-2,pib_mil_reais,1135162.0
scala-tambore,-2,numero_empresas,-1285.0
scala-tambore,-1,prop_vegetacao_densa,0.0
scala-tambore,-1,prop_vegetacao_rala,0.0
scala-tambore,-1,prop_solo_exposto_obras,0.0
scala-tambore,-1,prop_construida_urbana,0.0
scala-tambore,-1,prop_agua,0.0
scala-tambore,-1,lst_media_celsius,0.0
scala-tambore,-1,populacao,0.0
scala-tambore,-1,emprego_formal_total,0.0
scala-tambore,-1,pib_mil_reais,0.0
scala-tambore,-1,numero_empresas,0.0
scala-tambore,0,prop_vegetacao_densa,0.041904
scala-tambore,0,prop_vegetacao_rala,-0.039365999999999984
scala-tambore,0,prop_solo_exposto_obras,-0.0010249999999999999
scala-tambore,0,prop_construida_urbana,-0.003886000000000056
scala-tambore,0,prop_agua,0.0023729999999999966
scala-tambore,0,lst_media_celsius,0.1342999999999961
scala-tambore,0,populacao,2447.0
scala-tambore,0,emprego_formal_total,25849.0
scala-tambore,0,pib_mil_reais,6117052.0
scala-tambore,0,numero_empresas,1677.0
scala-tambore,1,prop_vegetacao_densa,0.06775499999999998
scala-tambore,1,prop_vegetacao_rala,-0.06892699999999996
scala-tambore,1,prop_solo_exposto_obras,-0.0006369999999999995
scala-tambore,1,prop_construida_urbana,-0.0012379999999999752
scala-tambore,1,prop_agua,0.0030459999999999984
scala-tambore,1,lst_media_celsius,-0.3351000000000006
scala-tambore,1,populacao,40299.0
scala-tambore,1,emprego_formal_total,63850.0
scala-tambore,1,pib_mil_reais,17868441.0
scala-tambore,1,numero_empresas,14312.0
scala-tambore,2,prop_vegetacao_densa,0.005284999999999929
scala-tambore,2,prop_vegetacao_rala,0.004650000000000015
scala-tambore,2,prop_solo_exposto_obras,-0.0027329999999999993
scala-tambore,2,prop_construida_urbana,0.0006919999999999704
scala-tambore,2,prop_agua,-0.007894
scala-tambore,2,lst_media_celsius,0.1983999999999959
scala-tambore,2,populacao,
scala-tambore,2,emprego_formal_total,84518.0
scala-tambore,2,pib_mil_reais,19869453.0
scala-tambore,2,numero_empresas,17773.0
scala-tambore,3,prop_vegetacao_densa,0.027561999999999948
scala-tambore,3,prop_vegetacao_rala,-0.013872999999999969
scala-tambore,3,prop_solo_exposto_obras,-0.0013869999999999993
scala-tambore,3,prop_construida_urbana,-0.002905999999999964
scala-tambore,3,prop_agua,-0.009396999999999997
scala-tambore,3,lst_media_celsius,-0.48340000000000316
scala-tambore,3,populacao,53699.0
scala-tambore,3,emprego_formal_total,94900.0
scala-tambore,3,pib_mil_reais,
scala-tambore,3,numero_empresas,22435.0
