cnpj_distribuidora,ano,sigla_distribuidora,consumo_kwh
1229747000189,2010,CERGAPA,14586205.0
1229747000189,2011,CERGAPA,21170832.0
1229747000189,2012,CERGAPA,20953196.0
1229747000189,2013,CERGAPA,21308298.0
1229747000189,2014,CERGAPA,23975480.0
1229747000189,2015,CERGAPA,25023673.0
1229747000189,2016,CERGAPA,26278802.0
1229747000189,2017,CERGAPA,29038443.0
1229747000189,2018,CERGAPA,30462064.0
1229747000189,2019,CERGAPA,31279177.0
1229747000189,2020,CERGAPA,31630908.0
1229747000189,2021,CERGAPA,30428647.0
1229747000189,2022,CERGAPA,28550383.0
1229747000189,2023,CERGAPA,29542912.0
1377555000110,2010,CHESP,89284780.0
1377555000110,2011,CHESP,94129611.0
1377555000110,2012,CHESP,102049222.0
1377555000110,2013,CHESP,108133265.0
1377555000110,2014,CHESP,114877343.0
1377555000110,2015,CHESP,116182195.0
1377555000110,2016,CHESP,115840239.0
1377555000110,2017,CHESP,117471492.0
1377555000110,2018,CHESP,120288009.0
1377555000110,2019,CHESP,125132991.0
1377555000110,2020,CHESP,127477000.0
1377555000110,2021,CHESP,125776712.0
1377555000110,2022,CHESP,125315320.0
1377555000110,2023,CHESP,127325514.0
1543032000104,2010,EQUATORIAL GO,10147828739.0
1543032000104,2011,EQUATORIAL GO,10510500954.0
1543032000104,2012,EQUATORIAL GO,11228704877.0
1543032000104,2013,EQUATORIAL GO,11964654132.05
1543032000104,2014,EQUATORIAL GO,12623071235.0
1543032000104,2015,EQUATORIAL GO,12970085117.0
1543032000104,2016,EQUATORIAL GO,12901169842.855
1543032000104,2017,EQUATORIAL GO,13361186273.48
1543032000104,2018,EQUATORIAL GO,13742868046.0
1543032000104,2019,EQUATORIAL GO,14199059763.0
1543032000104,2020,EQUATORIAL GO,14158743857.0
1543032000104,2021,EQUATORIAL GO,14072833552.0
1543032000104,2022,EQUATORIAL GO,14490604565.0
1543032000104,2023,EQUATORIAL GO,14857838107.0
2016439000138,2010,RGE,7847700936.0
2016439000138,2011,RGE,8017437277.0
2016439000138,2012,RGE,8148822108.0
2016439000138,2013,RGE,8707447453.0
2016439000138,2014,RGE,9072776685.0
2016439000138,2015,RGE,8653828024.0
2016439000138,2016,RGE,8664848210.0
2016439000138,2017,RGE,8938561067.0
2016439000138,2018,RGE,9196348638.0
2016439000138,2019,RGE,3835172015.0
2016440000162,2010,RGE SUL,7907768912.0
2016440000162,2011,RGE SUL,8092158159.0
2016440000162,2012,RGE SUL,8353113278.0
2016440000162,2013,RGE SUL,8475116968.0
2016440000162,2014,RGE SUL,8992235041.0
2016440000162,2015,RGE SUL,8315455609.0
2016440000162,2016,RGE SUL,8244693956.0
2016440000162,2017,RGE SUL,8370281363.0
2016440000162,2018,RGE SUL,8723978279.0
2016440000162,2019,RGE SUL,13920075310.0
2016440000162,2020,RGE SUL,16951703481.0
2016440000162,2021,RGE SUL,17407319466.0
2016440000162,2022,RGE SUL,17211395749.0
2016440000162,2023,RGE SUL,16894456518.0
2302100000106,2010,EDP SP,18021903572.0
2302100000106,2011,EDP SP,14436920358.0
2302100000106,2012,EDP SP,14527834689.0
2302100000106,2013,EDP SP,15165337819.0
2302100000106,2014,EDP SP,15327078194.0
2302100000106,2015,EDP SP,14488185746.0
2302100000106,2016,EDP SP,14171362392.0
2302100000106,2017,EDP SP,14543916336.0
2302100000106,2018,EDP SP,14901515975.0
2302100000106,2019,EDP SP,15020723071.0
2302100000106,2020,EDP SP,14355874629.0
2302100000106,2021,EDP SP,15125772055.0
2302100000106,2022,EDP SP,15506063540.0
2302100000106,2023,EDP SP,15689157326.0
2328280000197,2010,ELEKTRO,15130560920.0
2328280000197,2011,ELEKTRO,15693513626.17
2328280000197,2012,ELEKTRO,16175860495.0
2328280000197,2013,ELEKTRO,16954411251.0
2328280000197,2014,ELEKTRO,19409227065.0
2328280000197,2015,ELEKTRO,17422892152.0
2328280000197,2016,ELEKTRO,16101698550.0
2328280000197,2017,ELEKTRO,16811650228.0
2328280000197,2018,ELEKTRO,17225059276.0
2328280000197,2019,ELEKTRO,17753270908.0
2328280000197,2020,ELEKTRO,17448060101.0
2328280000197,2021,ELEKTRO,18876077910.0
2328280000197,2022,ELEKTRO,18447486392.0
2328280000197,2023,ELEKTRO,18358802178.0
2341467000120,2015,Âmbar Amazonas,3588661038.0
2341467000120,2016,Âmbar Amazonas,4859682313.0
2341467000120,2017,Âmbar Amazonas,4649656576.0
2341467000120,2018,Âmbar Amazonas,4725327461.0
2341467000120,2019,Âmbar Amazonas,5048288690.0
2341467000120,2020,Âmbar Amazonas,5148593496.0
2341467000120,2021,Âmbar Amazonas,5178957919.0
2341467000120,2022,Âmbar Amazonas,5391415761.0
2341467000120,2023,Âmbar Amazonas,5734144057.0
3467321000199,2010,EMT,5784630388.0
3467321000199,2011,EMT,6193344036.0
3467321000199,2012,EMT,6837903294.0
3467321000199,2013,EMT,7430280461.0
3467321000199,2014,EMT,7984571562.0
3467321000199,2015,EMT,8131782821.0
3467321000199,2016,EMT,8020383342.0
3467321000199,2017,EMT,8511695294.0
3467321000199,2018,EMT,8784989209.0
3467321000199,2019,EMT,9283115222.0
3467321000199,2020,EMT,9411143104.0
3467321000199,2021,EMT,9215726903.0
3467321000199,2022,EMT,9280759585.0
3467321000199,2023,EMT,9444945812.0
4065033000170,2011,EAC,400984121.0
4065033000170,2012,EAC,690712111.0
4065033000170,2013,EAC,704519868.591
4065033000170,2014,EAC,737889205.0
4065033000170,2015,EAC,777211372.0
4065033000170,2016,EAC,780951550.0
4065033000170,2017,EAC,811399400.0
4065033000170,2018,EAC,850223543.0
4065033000170,2019,EAC,885644905.0
4065033000170,2020,EAC,881753448.0
4065033000170,2021,EAC,883300310.0
4065033000170,2022,EAC,905047238.0
4065033000170,2023,EAC,965635025.0
4172213000151,2010,CPFL-PIRATINING,14017716597.0
4172213000151,2011,CPFL-PIRATINING,14618491097.0
4172213000151,2012,CPFL-PIRATINING,15193135328.0
4172213000151,2013,CPFL-PIRATINING,15497833827.0
4172213000151,2014,CPFL-PIRATINING,15463386895.0
4172213000151,2015,CPFL-PIRATINING,14763878369.0
4172213000151,2016,CPFL-PIRATINING,13436587239.0
4172213000151,2017,CPFL-PIRATINING,13653229038.0
4172213000151,2018,CPFL-PIRATINING,14064297247.0
4172213000151,2019,CPFL-PIRATINING,13960696701.0
4172213000151,2020,CPFL-PIRATINING,13689069567.0
4172213000151,2021,CPFL-PIRATINING,14605806634.0
4172213000151,2022,CPFL-PIRATINING,14720559939.0
4172213000151,2023,CPFL-PIRATINING,15033572089.0
4368898000106,2010,COPEL-DIS,24529534309.0
4368898000106,2011,COPEL-DIS,25933969418.0
4368898000106,2012,COPEL-DIS,28277013318.0
4368898000106,2013,COPEL-DIS,27760380879.0
4368898000106,2014,COPEL-DIS,29237942977.0
4368898000106,2015,COPEL-DIS,29379535371.0
4368898000106,2016,COPEL-DIS,29567565019.0
4368898000106,2017,COPEL-DIS,30039776743.0
4368898000106,2018,COPEL-DIS,29919582599.0
4368898000106,2019,COPEL-DIS,30871422735.0
4368898000106,2020,COPEL-DIS,30300418368.0
4368898000106,2021,COPEL-DIS,30835304221.0
4368898000106,2022,COPEL-DIS,30649790028.0
4368898000106,2023,COPEL-DIS,30687885114.0
4895728000180,2010,EQUATORIAL PA,6498850595.0
4895728000180,2011,EQUATORIAL PA,6314518938.0
4895728000180,2012,EQUATORIAL PA,6566052502.0
4895728000180,2013,EQUATORIAL PA,7179185883.0
4895728000180,2014,EQUATORIAL PA,8159704982.0
4895728000180,2015,EQUATORIAL PA,8400901691.0
4895728000180,2016,EQUATORIAL PA,9255751845.0
4895728000180,2017,EQUATORIAL PA,9888287207.0
4895728000180,2018,EQUATORIAL PA,8689110372.0
4895728000180,2019,EQUATORIAL PA,8689486230.0
4895728000180,2020,EQUATORIAL PA,8761963237.0
4895728000180,2021,EQUATORIAL PA,8935317377.0
4895728000180,2022,EQUATORIAL PA,11763615301.0
4895728000180,2023,EQUATORIAL PA,9558792541.0
5914650000166,2010,ERO,1572374611.0
5914650000166,2011,ERO,2214096608.0
5914650000166,2012,ERO,2548700359.0
5914650000166,2013,ERO,2644536446.0
5914650000166,2014,ERO,2875496040.0
5914650000166,2015,ERO,2800742460.0
5914650000166,2016,ERO,2721333883.0
5914650000166,2017,ERO,2817501768.0
5914650000166,2018,ERO,2901578462.0
5914650000166,2019,ERO,2975565814.0
5914650000166,2020,ERO,3072901329.0
5914650000166,2021,ERO,3083485334.0
5914650000166,2022,ERO,3234165553.0
5914650000166,2023,ERO,3386231748.0
5965546000109,2020,CEA,266629.0
5965546000109,2021,CEA,95967171.0
5965546000109,2022,CEA,1145271399.0
5965546000109,2023,CEA,1273751124.0
6272793000184,2010,EQUATORIAL MA,4248013459.0
6272793000184,2011,EQUATORIAL MA,4503432570.0
6272793000184,2012,EQUATORIAL MA,4984866961.0
6272793000184,2013,EQUATORIAL MA,5492309488.0
6272793000184,2014,EQUATORIAL MA,5849189013.0
6272793000184,2015,EQUATORIAL MA,6036637186.0
6272793000184,2016,EQUATORIAL MA,6881457284.0
6272793000184,2017,EQUATORIAL MA,6390327135.0
6272793000184,2018,EQUATORIAL MA,6475931724.0
6272793000184,2019,EQUATORIAL MA,6523892162.0
6272793000184,2020,EQUATORIAL MA,6799162151.0
6272793000184,2021,EQUATORIAL MA,6871990359.0
6272793000184,2022,EQUATORIAL MA,7004873778.0
6272793000184,2023,EQUATORIAL MA,7476703424.0
6840748000189,2010,EQUATORIAL PI,2242921702.0
6840748000189,2011,EQUATORIAL PI,2321241967.0
6840748000189,2012,EQUATORIAL PI,2702937670.0
6840748000189,2013,EQUATORIAL PI,2938133715.0
6840748000189,2014,EQUATORIAL PI,3124781359.0
6840748000189,2015,EQUATORIAL PI,3264552237.0
6840748000189,2016,EQUATORIAL PI,3212142909.0
6840748000189,2017,EQUATORIAL PI,3530027710.0
6840748000189,2018,EQUATORIAL PI,3572735470.0
6840748000189,2019,EQUATORIAL PI,3640479360.0
6840748000189,2020,EQUATORIAL PI,3626026623.0
6840748000189,2021,EQUATORIAL PI,3750149079.0
6840748000189,2022,EQUATORIAL PI,3649404681.0
6840748000189,2023,EQUATORIAL PI,3840510617.0
6981180000116,2010,CEMIG-D,42204576518.0
6981180000116,2011,CEMIG-D,44530441224.0
6981180000116,2012,CEMIG-D,44430417334.0
6981180000116,2013,CEMIG-D,45127159412.0
6981180000116,2014,CEMIG-D,44167285700.0
6981180000116,2015,CEMIG-D,41813312894.0
6981180000116,2016,CEMIG-D,43174004054.0
6981180000116,2017,CEMIG-D,42508442980.0
6981180000116,2018,CEMIG-D,44057950757.0
6981180000116,2019,CEMIG-D,44384040229.0
6981180000116,2020,CEMIG-D,43671884697.0
6981180000116,2021,CEMIG-D,45783764053.0
6981180000116,2022,CEMIG-D,45391518056.0
6981180000116,2023,CEMIG-D,46098632526.0
7047251000170,2010,ENEL CE,8868604235.0
7047251000170,2011,ENEL CE,9065598310.0
7047251000170,2012,ENEL CE,9927251885.0
7047251000170,2013,ENEL CE,10705370642.0
7047251000170,2014,ENEL CE,11321457116.0
7047251000170,2015,ENEL CE,11405157611.0
7047251000170,2016,ENEL CE,11649310064.0
7047251000170,2017,ENEL CE,11488478812.0
7047251000170,2018,ENEL CE,11820221283.0
7047251000170,2019,ENEL CE,12014006570.0
7047251000170,2020,ENEL CE,11902956428.0
7047251000170,2021,ENEL CE,12659264987.0
7047251000170,2022,ENEL CE,12447048801.0
7047251000170,2023,ENEL CE,14829001741.0
7282377000120,2010,ESS,1031836251.0
7282377000120,2011,ESS,1049250232.0
7282377000120,2012,ESS,1122182188.0
7282377000120,2013,ESS,1132930915.0
7282377000120,2014,ESS,1180474559.0
7282377000120,2015,ESS,1155491025.0
7282377000120,2016,ESS,1126211677.0
7282377000120,2017,ESS,1161587987.0
7282377000120,2018,ESS,2689212004.0
7282377000120,2019,ESS,4430023388.0
7282377000120,2020,ESS,4338710334.0
7282377000120,2021,ESS,4412060103.0
7282377000120,2022,ESS,4352194703.0
7282377000120,2023,ESS,4393898982.0
7297359000111,2010,EDEVP,731847816.0
7297359000111,2011,EDEVP,766887695.0
7297359000111,2012,EDEVP,850808781.0
7297359000111,2013,EDEVP,889281683.0
7297359000111,2014,EDEVP,928880539.0
7297359000111,2015,EDEVP,921652987.0
7297359000111,2016,EDEVP,900770019.0
7297359000111,2017,EDEVP,915671896.0
7297359000111,2018,EDEVP,506197717.0
7522669000192,2010,Neoenergia Brasília,5580398974.0
7522669000192,2011,Neoenergia Brasília,5893998632.0
7522669000192,2012,Neoenergia Brasília,6161572216.0
7522669000192,2013,Neoenergia Brasília,6476979736.0
7522669000192,2014,Neoenergia Brasília,6753903897.0
7522669000192,2015,Neoenergia Brasília,6597150368.0
7522669000192,2016,Neoenergia Brasília,6465932356.0
7522669000192,2017,Neoenergia Brasília,6073372622.0
7522669000192,2018,Neoenergia Brasília,6126395313.0
7522669000192,2019,Neoenergia Brasília,6013709113.0
7522669000192,2020,Neoenergia Brasília,6033223331.0
7522669000192,2021,Neoenergia Brasília,6350625094.0
7522669000192,2022,Neoenergia Brasília,6254109268.0
7522669000192,2023,Neoenergia Brasília,6206869146.0
8324196000181,2010,COSERN,4621900232.0
8324196000181,2011,COSERN,4627392852.0
8324196000181,2012,COSERN,4916390884.77
8324196000181,2013,COSERN,5178128839.0
8324196000181,2014,COSERN,5474519020.0
8324196000181,2015,COSERN,5542309518.0
8324196000181,2016,COSERN,5584987638.0
8324196000181,2017,COSERN,5602798384.0
8324196000181,2018,COSERN,5661470810.0
8324196000181,2019,COSERN,5746131384.0
8324196000181,2020,COSERN,5614330476.0
8324196000181,2021,COSERN,5991533526.0
8324196000181,2022,COSERN,5734228504.0
8324196000181,2023,COSERN,5706483739.0
8336783000190,2010,CELESC,18367921773.0
8336783000190,2011,CELESC,19119992447.0
8336783000190,2012,CELESC,20097417787.0
8336783000190,2013,CELESC,20784402298.0
8336783000190,2014,CELESC,22445875056.0
8336783000190,2015,CELESC,22105291939.0
8336783000190,2016,CELESC,22000697004.0
8336783000190,2017,CELESC,22585150072.0
8336783000190,2018,CELESC,22835216631.59
8336783000190,2019,CELESC,23348587986.76
8336783000190,2020,CELESC,25082379281.0
8336783000190,2021,CELESC,24676858338.0
8336783000190,2022,CELESC,24483468283.0
8336783000190,2023,CELESC,24778838669.0
8467115000100,2010,CEEE-D,7711901015.0
8467115000100,2011,CEEE-D,8073339425.0
8467115000100,2012,CEEE-D,8352844809.0
8467115000100,2013,CEEE-D,8538184234.0
8467115000100,2014,CEEE-D,8901361861.0
8467115000100,2015,CEEE-D,8434061401.0
8467115000100,2016,CEEE-D,8156295243.0
8467115000100,2017,CEEE-D,8942359794.0
8467115000100,2018,CEEE-D,8849110638.0
8467115000100,2019,CEEE-D,8835401323.0
8467115000100,2020,CEEE-D,8378562730.0
8467115000100,2021,CEEE-D,7947089844.0
8467115000100,2022,CEEE-D,8016989163.0
8467115000100,2023,CEEE-D,8103681861.0
8826596000195,2010,EBO,622962491.0
8826596000195,2011,EBO,606467966.0
8826596000195,2012,EBO,641638942.0
8826596000195,2013,EBO,692824818.0
8826596000195,2014,EBO,711182200.0
8826596000195,2015,EBO,673147528.0
8826596000195,2016,EBO,626202316.0
8826596000195,2017,EBO,640475651.0
8826596000195,2018,EBO,654693100.0
8826596000195,2019,EBO,662265322.0
8826596000195,2020,EBO,664667238.0
8826596000195,2021,EBO,679435483.0
8826596000195,2022,EBO,688218412.0
8826596000195,2023,EBO,458776790.0
9095183000140,2010,EPB,3615386340.0
9095183000140,2011,EPB,3727348394.0
9095183000140,2012,EPB,4018367100.0
9095183000140,2013,EPB,4244787418.0
9095183000140,2014,EPB,4340859587.0
9095183000140,2015,EPB,4369615266.0
9095183000140,2016,EPB,4254619477.0
9095183000140,2017,EPB,4304478791.0
9095183000140,2018,EPB,4399106081.0
9095183000140,2019,EPB,4427764203.0
9095183000140,2020,EPB,4354172159.0
9095183000140,2021,EPB,4487641288.0
9095183000140,2022,EPB,4496507316.0
9095183000140,2023,EPB,4922486227.0
9257558000121,2010,CERTEL ENERGIA,141394790.0
9257558000121,2011,CERTEL ENERGIA,299695324.0
9257558000121,2012,CERTEL ENERGIA,322784359.0
9257558000121,2013,CERTEL ENERGIA,328193321.0
9257558000121,2014,CERTEL ENERGIA,361522959.0
9257558000121,2015,CERTEL ENERGIA,362171206.0
9257558000121,2016,CERTEL ENERGIA,374752275.0
9257558000121,2017,CERTEL ENERGIA,381790682.0
9257558000121,2018,CERTEL ENERGIA,399734923.0
9257558000121,2019,CERTEL ENERGIA,411593689.0
9257558000121,2020,CERTEL ENERGIA,431915213.0
9257558000121,2021,CERTEL ENERGIA,426294390.0
9257558000121,2022,CERTEL ENERGIA,427843787.0
9257558000121,2023,CERTEL ENERGIA,404726085.0
9364804000144,2010,Ceraçá,47656395.0
9364804000144,2011,Ceraçá,53676722.0
9364804000144,2012,Ceraçá,58394623.0
9364804000144,2013,Ceraçá,60555547.0
9364804000144,2014,Ceraçá,68521460.0
9364804000144,2015,Ceraçá,71565879.0
9364804000144,2016,Ceraçá,73840662.0
9364804000144,2017,Ceraçá,78917714.0
9364804000144,2018,Ceraçá,80249723.0
9364804000144,2019,Ceraçá,86831110.0
9364804000144,2020,Ceraçá,90243057.0
9364804000144,2021,Ceraçá,89888364.0
9364804000144,2022,Ceraçá,85596015.0
9364804000144,2023,Ceraçá,83475799.0
10532365000110,2010,CERAL-DIS,18501692.0
10532365000110,2011,CERAL-DIS,19795730.0
10532365000110,2012,CERAL-DIS,20608289.0
10532365000110,2013,CERAL-DIS,21394624.0
10532365000110,2014,CERAL-DIS,21759888.0
10532365000110,2015,CERAL-DIS,22418446.0
10532365000110,2016,CERAL-DIS,23449800.0
10532365000110,2017,CERAL-DIS,25469793.0
10532365000110,2018,CERAL-DIS,25791649.0
10532365000110,2019,CERAL-DIS,26904081.0
10532365000110,2020,CERAL-DIS,29203355.0
10532365000110,2021,CERAL-DIS,30629922.0
10532365000110,2022,CERAL-DIS,32002199.0
10532365000110,2023,CERAL-DIS,32160354.0
10835932000108,2010,Neoenergia PE,10740979095.0
10835932000108,2011,Neoenergia PE,11206064846.0
10835932000108,2012,Neoenergia PE,11654065422.0
10835932000108,2013,Neoenergia PE,12701157802.0
10835932000108,2014,Neoenergia PE,13292327576.0
10835932000108,2015,Neoenergia PE,13485133653.0
10835932000108,2016,Neoenergia PE,13378763600.0
10835932000108,2017,Neoenergia PE,13396286099.0
10835932000108,2018,Neoenergia PE,13771107658.0
10835932000108,2019,Neoenergia PE,14008762645.0
10835932000108,2020,Neoenergia PE,13603130458.0
10835932000108,2021,Neoenergia PE,14347797664.0
10835932000108,2022,Neoenergia PE,13984327923.0
10835932000108,2023,Neoenergia PE,14000909966.0
11615872000180,2018,CERSAD DISTRIBUI,715301.0
11615872000180,2019,CERSAD DISTRIBUI,8765605.0
11615872000180,2020,CERSAD DISTRIBUI,8900261.0
11615872000180,2021,CERSAD DISTRIBUI,9651892.0
11615872000180,2022,CERSAD DISTRIBUI,9042248.0
11615872000180,2023,CERSAD DISTRIBUI,8181059.0
11810343000138,2019,CODESAM,52309702.0
11810343000138,2020,CODESAM,51310293.0
11810343000138,2021,CODESAM,57358424.0
11810343000138,2022,CODESAM,56014056.0
11810343000138,2023,CODESAM,55880466.0
12272084000100,2010,EQUATORIAL AL,2618346294.0
12272084000100,2011,EQUATORIAL AL,2765850948.0
12272084000100,2012,EQUATORIAL AL,3110132014.0
12272084000100,2013,EQUATORIAL AL,3409759059.0
12272084000100,2014,EQUATORIAL AL,3554453505.0
12272084000100,2015,EQUATORIAL AL,3556027961.0
12272084000100,2016,EQUATORIAL AL,3515500915.0
12272084000100,2017,EQUATORIAL AL,3565744793.0
12272084000100,2018,EQUATORIAL AL,3687607916.0
12272084000100,2019,EQUATORIAL AL,3763607023.0
12272084000100,2020,EQUATORIAL AL,3848140930.0
12272084000100,2021,EQUATORIAL AL,3881021098.0
12272084000100,2022,EQUATORIAL AL,3930244264.0
12272084000100,2023,EQUATORIAL AL,4122141548.0
13017462000163,2010,ESE,2721714610.0
13017462000163,2011,ESE,2884499843.0
13017462000163,2012,ESE,2991883689.0
13017462000163,2013,ESE,3151144718.408
13017462000163,2014,ESE,3228213333.0
13017462000163,2015,ESE,3175686505.0
13017462000163,2016,ESE,3072947633.0
13017462000163,2017,ESE,3046526837.0
13017462000163,2018,ESE,3120785279.0
13017462000163,2019,ESE,3021815842.0
13017462000163,2020,ESE,2824852670.0
13017462000163,2021,ESE,2824493759.0
13017462000163,2022,ESE,2785906952.0
13017462000163,2023,ESE,2882231256.0
13107842000199,2010,CERCOS,5749948.0
13107842000199,2011,CERCOS,6185805.0
13107842000199,2012,CERCOS,7175897.0
13107842000199,2013,CERCOS,7798735.0
13107842000199,2014,CERCOS,8337266.0
13107842000199,2015,CERCOS,8973568.0
13107842000199,2016,CERCOS,9780932.0
13107842000199,2017,CERCOS,9603305.0
13107842000199,2018,CERCOS,9937916.0
13107842000199,2019,CERCOS,10110973.0
13107842000199,2020,CERCOS,10499242.0
13107842000199,2021,CERCOS,10984170.0
13107842000199,2022,CERCOS,11253072.0
13107842000199,2023,CERCOS,11994258.0
13255658000196,2010,SULGIPE,285573385.0
13255658000196,2011,SULGIPE,302011201.0
13255658000196,2012,SULGIPE,322065400.0
13255658000196,2013,SULGIPE,332757056.0
13255658000196,2014,SULGIPE,355404553.0
13255658000196,2015,SULGIPE,354953901.0
13255658000196,2016,SULGIPE,370333752.0
13255658000196,2017,SULGIPE,369500423.0
13255658000196,2018,SULGIPE,377970983.0
13255658000196,2019,SULGIPE,416425360.0
13255658000196,2020,SULGIPE,425387713.0
13255658000196,2021,SULGIPE,485950924.0
13255658000196,2022,SULGIPE,489525972.0
13255658000196,2023,SULGIPE,507268660.0
15139629000194,2010,COELBA,15428280499.0
15139629000194,2011,COELBA,15882487092.0
15139629000194,2012,COELBA,16255866049.0
15139629000194,2013,COELBA,17942491093.0
15139629000194,2014,COELBA,19164217993.0
15139629000194,2015,COELBA,18964298653.0
15139629000194,2016,COELBA,19575171320.0
15139629000194,2017,COELBA,19592739515.0
15139629000194,2018,COELBA,20142224821.0
15139629000194,2019,COELBA,21240272842.0
15139629000194,2020,COELBA,19991090850.0
15139629000194,2021,COELBA,21178451828.0
15139629000194,2022,COELBA,21179963060.0
15139629000194,2023,COELBA,21987088980.0
15413826000150,2010,EMS,3893994682.0
15413826000150,2011,EMS,4004525650.0
15413826000150,2012,EMS,4587073993.0
15413826000150,2013,EMS,4589844683.0
15413826000150,2014,EMS,4934931620.0
15413826000150,2015,EMS,5073458498.0
15413826000150,2016,EMS,5000443653.0
15413826000150,2017,EMS,5242459064.0
15413826000150,2018,EMS,5449222407.0
15413826000150,2019,EMS,5652834437.0
15413826000150,2020,EMS,5676759475.0
15413826000150,2021,EMS,5644159751.0
15413826000150,2022,EMS,5504057915.0
15413826000150,2023,EMS,5455233071.0
19527639000158,2010,EMR,1402956817.0
19527639000158,2011,EMR,1403759466.0
19527639000158,2012,EMR,1432903071.0
19527639000158,2013,EMR,1509352015.0
19527639000158,2014,EMR,1582229249.0
19527639000158,2015,EMR,1559551579.0
19527639000158,2016,EMR,1464483994.0
19527639000158,2017,EMR,1489310140.0
19527639000158,2018,EMR,1501274019.0
19527639000158,2019,EMR,1515219478.0
19527639000158,2020,EMR,1496735422.0
19527639000158,2021,EMR,1489643028.0
19527639000158,2022,EMR,1502602485.0
19527639000158,2023,EMR,1657657515.0
23664303000104,2010,DMED,412280849.0
23664303000104,2011,DMED,426117140.0
23664303000104,2012,DMED,441825442.0
23664303000104,2013,DMED,456728956.0
23664303000104,2014,DMED,478371425.0
23664303000104,2015,DMED,457122956.0
23664303000104,2016,DMED,451234489.0
23664303000104,2017,DMED,474299565.0
23664303000104,2018,DMED,538979172.0
23664303000104,2019,DMED,541374392.0
23664303000104,2020,DMED,510017871.0
23664303000104,2021,DMED,579550952.0
23664303000104,2022,DMED,574564176.0
23664303000104,2023,DMED,532471137.0
25086034000171,2010,ETO,1481763706.0
25086034000171,2011,ETO,1526929135.0
25086034000171,2012,ETO,1658837251.0
25086034000171,2013,ETO,1838801961.0
25086034000171,2014,ETO,1980328814.0
25086034000171,2015,ETO,2108883445.0
25086034000171,2016,ETO,2215735107.0
25086034000171,2017,ETO,2275869873.0
25086034000171,2018,ETO,2342266099.0
25086034000171,2019,ETO,2419351873.0
25086034000171,2020,ETO,2429809933.0
25086034000171,2021,ETO,2436651353.0
25086034000171,2022,ETO,2549100072.0
25086034000171,2023,ETO,2668062859.0
27485069000109,2010,ELFSM,419002107.0
27485069000109,2011,ELFSM,418501789.0
27485069000109,2012,ELFSM,459143695.0
27485069000109,2013,ELFSM,497079050.0
27485069000109,2014,ELFSM,524723274.0
27485069000109,2015,ELFSM,561147323.0
27485069000109,2016,ELFSM,526122177.0
27485069000109,2017,ELFSM,496980000.0
27485069000109,2018,ELFSM,506598751.0
27485069000109,2019,ELFSM,574508767.0
27485069000109,2020,ELFSM,569601899.0
27485069000109,2021,ELFSM,579069777.0
27485069000109,2022,ELFSM,578540419.0
27485069000109,2023,ELFSM,587561995.0
27707397000102,2018,CERCI,10068493.0
27707397000102,2019,CERCI,41907375.0
27707397000102,2020,CERCI,43537659.0
27707397000102,2021,CERCI,43167436.0
27707397000102,2022,CERCI,41917666.0
27707397000102,2023,CERCI,41758819.0
28152650000171,2010,EDP ES,8978360577.0
28152650000171,2011,EDP ES,9682199845.0
28152650000171,2012,EDP ES,9658848139.0
28152650000171,2013,EDP ES,11118114368.0
28152650000171,2014,EDP ES,10418065505.0
28152650000171,2015,EDP ES,10625538717.0
28152650000171,2016,EDP ES,9457839829.0
28152650000171,2017,EDP ES,9296214851.0
28152650000171,2018,EDP ES,9650658528.0
28152650000171,2019,EDP ES,9789554240.0
28152650000171,2020,EDP ES,9016495102.0
28152650000171,2021,EDP ES,16464218041.0
28152650000171,2022,EDP ES,9774384202.0
28152650000171,2023,EDP ES,10235408459.0
28610236000169,2018,CERAL ARARUAMA,2740971.0
28610236000169,2019,CERAL ARARUAMA,17205724.0
28610236000169,2020,CERAL ARARUAMA,18223727.0
28610236000169,2021,CERAL ARARUAMA,19080810.0
28610236000169,2022,CERAL ARARUAMA,19464405.0
28610236000169,2023,CERAL ARARUAMA,20582778.0
30460297000139,2018,CASTRO-DIS,6450082.0
30460297000139,2019,CASTRO-DIS,41416181.0
30460297000139,2020,CASTRO-DIS,43855097.0
30460297000139,2021,CASTRO-DIS,52648070.0
30460297000139,2022,CASTRO-DIS,52010931.0
30460297000139,2023,CASTRO-DIS,48117454.0
31465487000101,2010,CERES,13338648.0
31465487000101,2011,CERES,14431200.0
31465487000101,2012,CERES,15295452.0
31465487000101,2013,CERES,15777469.0
31465487000101,2014,CERES,17598180.0
31465487000101,2015,CERES,18887236.0
31465487000101,2016,CERES,18113057.0
31465487000101,2017,CERES,18632299.0
31465487000101,2018,CERES,18570120.0
31465487000101,2019,CERES,18822701.0
31465487000101,2020,CERES,18971262.0
31465487000101,2021,CERES,19991960.0
31465487000101,2022,CERES,19819459.0
31465487000101,2023,CERES,19868386.0
33050071000158,2010,ENEL RJ,9724503161.0
33050071000158,2011,ENEL RJ,10044494406.0
33050071000158,2012,ENEL RJ,10528983246.0
33050071000158,2013,ENEL RJ,10838185755.0
33050071000158,2014,ENEL RJ,11429121965.0
33050071000158,2015,ENEL RJ,11377732568.0
33050071000158,2016,ENEL RJ,11148520052.0
33050071000158,2017,ENEL RJ,10954406214.0
33050071000158,2018,ENEL RJ,10933188184.0
33050071000158,2019,ENEL RJ,10912460415.0
33050071000158,2020,ENEL RJ,10622026074.0
33050071000158,2021,ENEL RJ,10427020179.0
33050071000158,2022,ENEL RJ,11604820541.0
33050071000158,2023,ENEL RJ,14960963508.0
33050196000188,2010,CPFL-PAULISTA,27047660702.0
33050196000188,2011,CPFL-PAULISTA,28310363475.0
33050196000188,2012,CPFL-PAULISTA,29315230817.0
33050196000188,2013,CPFL-PAULISTA,30189897187.0
33050196000188,2014,CPFL-PAULISTA,31438347161.0
33050196000188,2015,CPFL-PAULISTA,29875630336.0
33050196000188,2016,CPFL-PAULISTA,29227504122.0
33050196000188,2017,CPFL-PAULISTA,29954369561.0
33050196000188,2018,CPFL-PAULISTA,30520854048.0
33050196000188,2019,CPFL-PAULISTA,31277253139.55
33050196000188,2020,CPFL-PAULISTA,30008230756.0
33050196000188,2021,CPFL-PAULISTA,31635663898.0
33050196000188,2022,CPFL-PAULISTA,31533712567.0
33050196000188,2023,CPFL-PAULISTA,31799472816.0
33249046000106,2010,ENF,341375223.0
33249046000106,2011,ENF,333172375.0
33249046000106,2012,ENF,340794670.0
33249046000106,2013,ENF,339394815.0
33249046000106,2014,ENF,343699341.0
33249046000106,2015,ENF,329948891.0
33249046000106,2016,ENF,324949023.0
33249046000106,2017,ENF,325080394.0
33249046000106,2018,ENF,321492135.0
33249046000106,2019,ENF,327922112.0
33249046000106,2020,ENF,318209300.0
33249046000106,2021,ENF,325183572.0
33249046000106,2022,ENF,313695481.0
33249046000106,2023,ENF,150239035.0
44560381000139,2010,CERPRO,22567849.0
44560381000139,2011,CERPRO,23676490.0
44560381000139,2012,CERPRO,23498157.0
44560381000139,2013,CERPRO,24238900.0
44560381000139,2014,CERPRO,25813433.0
44560381000139,2015,CERPRO,22189752.0
44560381000139,2016,CERPRO,21845478.0
44560381000139,2017,CERPRO,51234872.0
44560381000139,2018,CERPRO,51100754.0
44560381000139,2019,CERPRO,49977811.0
44560381000139,2020,CERPRO,49622941.0
44560381000139,2021,CERPRO,51285113.0
44560381000139,2022,CERPRO,55151136.0
44560381000139,2023,CERPRO,53597710.0
46598678000119,2010,CERRP,34622380.0
46598678000119,2011,CERRP,38546452.0
46598678000119,2012,CERRP,42536198.0
46598678000119,2013,CERRP,43929504.0
46598678000119,2014,CERRP,47210183.0
46598678000119,2015,CERRP,48149017.0
46598678000119,2016,CERRP,50047908.0
46598678000119,2017,CERRP,55798601.0
46598678000119,2018,CERRP,57767984.0
46598678000119,2019,CERRP,66065918.0
46598678000119,2020,CERRP,67582931.0
46598678000119,2021,CERRP,71364990.0
46598678000119,2022,CERRP,73255687.0
46598678000119,2023,CERRP,76058084.0
49313653000110,2010,CETRIL,55979069.0
49313653000110,2011,CETRIL,58595881.0
49313653000110,2012,CETRIL,62112789.0
49313653000110,2013,CETRIL,61199162.0
49313653000110,2014,CETRIL,69018683.0
49313653000110,2015,CETRIL,68803096.0
49313653000110,2016,CETRIL,68847489.0
49313653000110,2017,CETRIL,70854405.0
49313653000110,2018,CETRIL,72070911.56
49313653000110,2019,CETRIL,74115758.0
49313653000110,2020,CETRIL,81724562.0
49313653000110,2021,CETRIL,81817375.0
49313653000110,2022,CETRIL,79573854.0
49313653000110,2023,CETRIL,80614897.0
49606312000132,2010,CERIPa,98422412.0
49606312000132,2011,CERIPa,103228684.0
49606312000132,2012,CERIPa,118956662.0
49606312000132,2013,CERIPa,113877641.0
49606312000132,2014,CERIPa,131234029.0
49606312000132,2015,CERIPa,106600154.0
49606312000132,2016,CERIPa,132352350.0
49606312000132,2017,CERIPa,137231775.0
49606312000132,2018,CERIPa,138235415.0
49606312000132,2019,CERIPa,162807552.0
49606312000132,2020,CERIPa,172931646.0
49606312000132,2021,CERIPa,175877361.0
49606312000132,2022,CERIPa,161286218.0
49606312000132,2023,CERIPa,144003705.0
50105865000190,2010,CEDRI,6499660.0
50105865000190,2011,CEDRI,6571674.0
50105865000190,2012,CEDRI,7031445.0
50105865000190,2013,CEDRI,7406047.0
50105865000190,2014,CEDRI,13444325.0
50105865000190,2015,CEDRI,17782725.0
50105865000190,2016,CEDRI,18124497.0
50105865000190,2017,CEDRI,18999306.0
50105865000190,2018,CEDRI,20388830.0
50105865000190,2019,CEDRI,19661019.0
50105865000190,2020,CEDRI,21187385.0
50105865000190,2021,CEDRI,22746101.0
50105865000190,2022,CEDRI,22242852.0
50105865000190,2023,CEDRI,23199782.0
50235449000107,2010,CERIM,26886481.0
50235449000107,2011,CERIM,30737698.0
50235449000107,2012,CERIM,32583445.0
50235449000107,2013,CERIM,31467745.0
50235449000107,2014,CERIM,33714056.0
50235449000107,2015,CERIM,33790339.0
50235449000107,2016,CERIM,34498648.0
50235449000107,2017,CERIM,36088714.0
50235449000107,2018,CERIM,37965591.0
50235449000107,2019,CERIM,41011444.0
50235449000107,2020,CERIM,46157152.0
50235449000107,2021,CERIM,48565248.0
50235449000107,2022,CERIM,51734726.0
50235449000107,2023,CERIM,54003167.0
52503802000118,2010,CPFL MOCOCA,208278158.0
52503802000118,2011,CPFL MOCOCA,212105621.0
52503802000118,2012,CPFL MOCOCA,217985891.0
52503802000118,2013,CPFL MOCOCA,227644773.0
52503802000118,2014,CPFL MOCOCA,237654542.0
52503802000118,2015,CPFL MOCOCA,230268806.0
52503802000118,2016,CPFL MOCOCA,232226128.0
52503802000118,2017,CPFL MOCOCA,242507743.0
52503802000118,2018,CPFL MOCOCA,39492196.0
52548732000114,2010,CERMC,18621085.0
52548732000114,2011,CERMC,19923215.0
52548732000114,2012,CERMC,20852195.0
52548732000114,2013,CERMC,20692113.0
52548732000114,2014,CERMC,21297417.0
52548732000114,2015,CERMC,21702093.0
52548732000114,2016,CERMC,21133178.0
52548732000114,2017,CERMC,22145716.0
52548732000114,2018,CERMC,22696843.0
52548732000114,2019,CERMC,22585681.0
52548732000114,2020,CERMC,22050474.0
52548732000114,2021,CERMC,22215644.0
52548732000114,2022,CERMC,21939747.0
52548732000114,2023,CERMC,21944939.0
52777034000190,2019,CEMIRIM,107859548.0
52777034000190,2020,CEMIRIM,172408953.0
52777034000190,2021,CEMIRIM,168077290.0
52777034000190,2022,CEMIRIM,164640119.0
52777034000190,2023,CEMIRIM,170241058.0
53176038000186,2010,CERNHE,8605503.0
53176038000186,2011,CERNHE,9335757.0
53176038000186,2012,CERNHE,10407449.0
53176038000186,2013,CERNHE,10929193.0
53176038000186,2014,CERNHE,12674669.0
53176038000186,2015,CERNHE,12111691.0
53176038000186,2016,CERNHE,13163127.0
53176038000186,2017,CERNHE,14335540.0
53176038000186,2018,CERNHE,16320469.0
53176038000186,2019,CERNHE,17317280.0
53176038000186,2020,CERNHE,21115642.0
53176038000186,2021,CERNHE,22256058.0
53176038000186,2022,CERNHE,17776783.0
53176038000186,2023,CERNHE,17503423.0
53859112000169,2010,CPFL JAGUARI,486583841.0
53859112000169,2011,CPFL JAGUARI,485906608.0
53859112000169,2012,CPFL JAGUARI,523797859.0
53859112000169,2013,CPFL JAGUARI,577704830.0
53859112000169,2014,CPFL JAGUARI,572848505.0
53859112000169,2015,CPFL JAGUARI,566142870.0
53859112000169,2016,CPFL JAGUARI,560750861.0
53859112000169,2017,CPFL JAGUARI,565385909.0
53859112000169,2018,CPFL JAGUARI,2395650265.0
53859112000169,2019,CPFL JAGUARI,2974784929.0
53859112000169,2020,CPFL JAGUARI,2894907193.0
53859112000169,2021,CPFL JAGUARI,3012099056.0
53859112000169,2022,CPFL JAGUARI,2995520570.0
53859112000169,2023,CPFL JAGUARI,3037737892.0
55188502000180,2019,CERVAM,31089575.0
55188502000180,2020,CERVAM,33201679.0
55188502000180,2021,CERVAM,36381265.0
55188502000180,2022,CERVAM,34627897.0
55188502000180,2023,CERVAM,30686249.0
57384943000182,2010,CERIS,12627187.0
57384943000182,2011,CERIS,13870509.0
57384943000182,2012,CERIS,14790871.0
57384943000182,2013,CERIS,15222542.0
57384943000182,2014,CERIS,15596585.0
57384943000182,2015,CERIS,15911119.0
57384943000182,2016,CERIS,15588632.0
57384943000182,2017,CERIS,16077981.0
57384943000182,2018,CERIS,15929851.0
57384943000182,2019,CERIS,16050560.0
57384943000182,2020,CERIS,16758192.0
57384943000182,2021,CERIS,16292072.0
57384943000182,2022,CERIS,16755398.0
57384943000182,2023,CERIS,17558487.0
60196987000193,2010,CEDRAP,25892111.0
60196987000193,2011,CEDRAP,30499711.0
60196987000193,2012,CEDRAP,34727793.0
60196987000193,2013,CEDRAP,38871469.0
60196987000193,2014,CEDRAP,37506212.0
60196987000193,2015,CEDRAP,33960563.0
60196987000193,2016,CEDRAP,33753448.0
60196987000193,2017,CEDRAP,36538660.0
60196987000193,2018,CEDRAP,37364970.0
60196987000193,2019,CEDRAP,37860354.0
60196987000193,2020,CEDRAP,37634443.0
60196987000193,2021,CEDRAP,37509259.0
60196987000193,2022,CEDRAP,37450318.0
60196987000193,2023,CEDRAP,32728826.0
60444437000146,2010,LIGHT SESA,24770362634.0
60444437000146,2011,LIGHT SESA,24775787511.0
60444437000146,2012,LIGHT SESA,25064093461.0
60444437000146,2013,LIGHT SESA,25789094797.0
60444437000146,2014,LIGHT SESA,26545053242.0
60444437000146,2015,LIGHT SESA,26376233035.0
60444437000146,2016,LIGHT SESA,25739994891.0
60444437000146,2017,LIGHT SESA,25265903154.0
60444437000146,2018,LIGHT SESA,25368392964.0
60444437000146,2019,LIGHT SESA,25316025515.0
60444437000146,2020,LIGHT SESA,23508728314.0
60444437000146,2021,LIGHT SESA,23976085443.0
60444437000146,2022,LIGHT SESA,23691431319.0
60444437000146,2023,LIGHT SESA,23835969848.0
60855608000120,2010,CPFL SUL PAULIST,437412880.0
60855608000120,2011,CPFL SUL PAULIST,470223142.0
60855608000120,2012,CPFL SUL PAULIST,477317995.0
60855608000120,2013,CPFL SUL PAULIST,517961199.0
60855608000120,2014,CPFL SUL PAULIST,600885990.0
60855608000120,2015,CPFL SUL PAULIST,595421961.0
60855608000120,2016,CPFL SUL PAULIST,478149466.0
60855608000120,2017,CPFL SUL PAULIST,483149018.0
60855608000120,2018,CPFL SUL PAULIST,82530659.0
60942281000123,2010,EEB,968139130.0
60942281000123,2011,EEB,1013718102.0
60942281000123,2012,EEB,1061294491.0
60942281000123,2013,EEB,1098912705.0
60942281000123,2014,EEB,1114409624.0
60942281000123,2015,EEB,1082626989.0
60942281000123,2016,EEB,1131128918.0
60942281000123,2017,EEB,1137216153.0
60942281000123,2018,EEB,587243217.0
61015582000174,2010,CPFL LESTE PAULI,305602580.0
61015582000174,2011,CPFL LESTE PAULI,311659469.0
61015582000174,2012,CPFL LESTE PAULI,317851435.0
61015582000174,2013,CPFL LESTE PAULI,328744200.0
61015582000174,2014,CPFL LESTE PAULI,342815710.0
61015582000174,2015,CPFL LESTE PAULI,334235590.0
61015582000174,2016,CPFL LESTE PAULI,344456466.0
61015582000174,2017,CPFL LESTE PAULI,360561051.0
61015582000174,2018,CPFL LESTE PAULI,58686697.0
61116265000144,2010,CPFL SANTA CRUZ,839649752.0
61116265000144,2011,CPFL SANTA CRUZ,855000275.0
61116265000144,2012,CPFL SANTA CRUZ,927942727.0
61116265000144,2013,CPFL SANTA CRUZ,957349646.0
61116265000144,2014,CPFL SANTA CRUZ,1005217136.0
61116265000144,2015,CPFL SANTA CRUZ,975500836.0
61116265000144,2016,CPFL SANTA CRUZ,958865379.0
61116265000144,2017,CPFL SANTA CRUZ,985991667.0
61116265000144,2018,CPFL SANTA CRUZ,167474671.0
61416244000144,2010,CNEE,506164162.0
61416244000144,2011,CNEE,495576358.0
61416244000144,2012,CNEE,535819603.0
61416244000144,2013,CNEE,557820893.0
61416244000144,2014,CNEE,594271630.0
61416244000144,2015,CNEE,599834242.0
61416244000144,2016,CNEE,590372278.0
61416244000144,2017,CNEE,607037027.0
61416244000144,2018,CNEE,314491805.0
61695227000193,2010,ELETROPAULO,42380007299.0
61695227000193,2011,ELETROPAULO,44020254953.0
61695227000193,2012,ELETROPAULO,44293025146.0
61695227000193,2013,ELETROPAULO,45204632897.0
61695227000193,2014,ELETROPAULO,45381359442.0
61695227000193,2015,ELETROPAULO,43317163949.0
61695227000193,2016,ELETROPAULO,41969474690.0
61695227000193,2017,ELETROPAULO,42230096829.0
61695227000193,2018,ELETROPAULO,42287551245.84
61695227000193,2019,ELETROPAULO,42610754223.0
61695227000193,2020,ELETROPAULO,39698931525.0
61695227000193,2021,ELETROPAULO,39706959968.8
61695227000193,2022,ELETROPAULO,40274360393.0
61695227000193,2023,ELETROPAULO,41793508259.0
75568154000183,2010,COOPERMILA,7999769.0
75568154000183,2011,COOPERMILA,9943274.0
75568154000183,2012,COOPERMILA,11278883.0
75568154000183,2013,COOPERMILA,11942250.0
75568154000183,2014,COOPERMILA,11560650.0
75568154000183,2015,COOPERMILA,12306355.0
75568154000183,2016,COOPERMILA,13165569.0
75568154000183,2017,COOPERMILA,13310139.0
75568154000183,2018,COOPERMILA,15461645.0
75568154000183,2019,COOPERMILA,18422260.0
75568154000183,2020,COOPERMILA,18223110.0
75568154000183,2021,COOPERMILA,15803003.0
75568154000183,2022,COOPERMILA,17935365.0
75568154000183,2023,COOPERMILA,18683131.0
75805895000130,2010,COCEL,247344489.0
75805895000130,2011,COCEL,268397419.0
75805895000130,2012,COCEL,282602997.0
75805895000130,2013,COCEL,296932279.0
75805895000130,2014,COCEL,306233559.0
75805895000130,2015,COCEL,312593509.0
75805895000130,2016,COCEL,297755107.0
75805895000130,2017,COCEL,313869489.0
75805895000130,2018,COCEL,316835806.0
75805895000130,2019,COCEL,317859323.0
75805895000130,2020,COCEL,319870464.0
75805895000130,2021,COCEL,347541772.0
75805895000130,2022,COCEL,343563581.0
75805895000130,2023,COCEL,341821507.0
75826404000138,2010,CERAL ANITÁPOLIS,6518081.0
75826404000138,2011,CERAL ANITÁPOLIS,6897140.0
75826404000138,2012,CERAL ANITÁPOLIS,7725489.0
75826404000138,2013,CERAL ANITÁPOLIS,7918883.0
75826404000138,2014,CERAL ANITÁPOLIS,8442097.0
75826404000138,2015,CERAL ANITÁPOLIS,8675882.0
75826404000138,2016,CERAL ANITÁPOLIS,9013747.0
75826404000138,2017,CERAL ANITÁPOLIS,9426010.0
75826404000138,2018,CERAL ANITÁPOLIS,9873516.0
75826404000138,2019,CERAL ANITÁPOLIS,10565437.0
75826404000138,2020,CERAL ANITÁPOLIS,10728623.0
75826404000138,2021,CERAL ANITÁPOLIS,11377865.0
75826404000138,2022,CERAL ANITÁPOLIS,12490289.0
75826404000138,2023,CERAL ANITÁPOLIS,13363304.0
76583962000182,2010,CERTREL,18159733.0
76583962000182,2011,CERTREL,27477894.0
76583962000182,2012,CERTREL,33810578.0
76583962000182,2013,CERTREL,37040749.0
76583962000182,2014,CERTREL,41809744.0
76583962000182,2015,CERTREL,43314130.0
76583962000182,2016,CERTREL,43939929.0
76583962000182,2017,CERTREL,41701615.0
76583962000182,2018,CERTREL,41628690.0
76583962000182,2019,CERTREL,41034477.0
76583962000182,2020,CERTREL,40783068.0
76583962000182,2021,CERTREL,45547660.0
76583962000182,2022,CERTREL,43847694.0
76583962000182,2023,CERTREL,41281258.0
77882504000107,2010,CFLO,260537312.0
77882504000107,2011,CFLO,269131268.0
77882504000107,2012,CFLO,284862200.0
77882504000107,2013,CFLO,295790697.0
77882504000107,2014,CFLO,309048009.0
77882504000107,2015,CFLO,291109956.0
77882504000107,2016,CFLO,282853410.0
77882504000107,2017,CFLO,291394572.0
77882504000107,2018,CFLO,147668691.0
78274610000170,2010,CEPRAG,22270705.0
78274610000170,2011,CEPRAG,29502491.0
78274610000170,2012,CEPRAG,32363371.0
78274610000170,2013,CEPRAG,35319671.0
78274610000170,2014,CEPRAG,38451969.0
78274610000170,2015,CEPRAG,39767660.0
78274610000170,2016,CEPRAG,41645030.0
78274610000170,2017,CEPRAG,44857590.0
78274610000170,2018,CEPRAG,46297575.0
78274610000170,2019,CEPRAG,49385091.0
78274610000170,2020,CEPRAG,51143056.0
78274610000170,2021,CEPRAG,54278951.0
78274610000170,2022,CEPRAG,56047464.0
78274610000170,2023,CEPRAG,59108621.0
78829843000192,2018,COOPERZEM,3790899.0
78829843000192,2019,COOPERZEM,46426101.0
78829843000192,2020,COOPERZEM,47207402.0
78829843000192,2021,COOPERZEM,48840549.0
78829843000192,2022,COOPERZEM,47032745.0
78829843000192,2023,COOPERZEM,48211826.0
79850574000109,2010,PACTO ENERGIA PR,39846386.0
79850574000109,2011,PACTO ENERGIA PR,43003641.0
79850574000109,2012,PACTO ENERGIA PR,47252205.0
79850574000109,2013,PACTO ENERGIA PR,52656052.0
79850574000109,2014,PACTO ENERGIA PR,55454199.0
79850574000109,2015,PACTO ENERGIA PR,55398938.0
79850574000109,2016,PACTO ENERGIA PR,57234522.0
79850574000109,2017,PACTO ENERGIA PR,64210529.0
79850574000109,2018,PACTO ENERGIA PR,65650032.0
79850574000109,2019,PACTO ENERGIA PR,68916646.0
79850574000109,2020,PACTO ENERGIA PR,69308832.0
79850574000109,2021,PACTO ENERGIA PR,69737280.0
79850574000109,2022,PACTO ENERGIA PR,70353033.0
79850574000109,2023,PACTO ENERGIA PR,74960047.0
82574864000181,2010,CEREJ,24780935.0
82574864000181,2011,CEREJ,26541444.0
82574864000181,2012,CEREJ,28753585.0
82574864000181,2013,CEREJ,31248342.0
82574864000181,2014,CEREJ,37403157.0
82574864000181,2015,CEREJ,38195759.0
82574864000181,2016,CEREJ,38610088.0
82574864000181,2017,CEREJ,40066486.0
82574864000181,2018,CEREJ,42502283.0
82574864000181,2019,CEREJ,45201453.0
82574864000181,2020,CEREJ,49512101.0
82574864000181,2021,CEREJ,50426667.0
82574864000181,2022,CEREJ,52110766.0
82574864000181,2023,CEREJ,56138325.0
83646653000170,2010,COOPERA,171749036.0
83646653000170,2011,COOPERA,194445093.0
83646653000170,2012,COOPERA,202128772.0
83646653000170,2013,COOPERA,211704304.0
83646653000170,2014,COOPERA,237496371.0
83646653000170,2015,COOPERA,269634269.0
83646653000170,2016,COOPERA,274407160.0
83646653000170,2017,COOPERA,281857219.0
83646653000170,2018,COOPERA,294740601.0
83646653000170,2019,COOPERA,307424524.0
83646653000170,2020,COOPERA,306772327.0
83646653000170,2021,COOPERA,335546992.0
83646653000170,2022,COOPERA,333371137.0
83646653000170,2023,COOPERA,335330069.0
83647990000181,2010,COOPERALIANÇA,159962303.0
83647990000181,2011,COOPERALIANÇA,165108719.0
83647990000181,2012,COOPERALIANÇA,183356652.0
83647990000181,2013,COOPERALIANÇA,191834030.0
83647990000181,2014,COOPERALIANÇA,202354340.0
83647990000181,2015,COOPERALIANÇA,186944510.0
83647990000181,2016,COOPERALIANÇA,188166744.0
83647990000181,2017,COOPERALIANÇA,200573993.0
83647990000181,2018,COOPERALIANÇA,208376193.0
83647990000181,2019,COOPERALIANÇA,221075881.0
83647990000181,2020,COOPERALIANÇA,223267494.0
83647990000181,2021,COOPERALIANÇA,245025804.0
83647990000181,2022,COOPERALIANÇA,251107924.0
83647990000181,2023,COOPERALIANÇA,260093057.0
83855973000130,2010,DCELT,204011728.0
83855973000130,2011,DCELT,212012551.0
83855973000130,2012,DCELT,215406038.0
83855973000130,2013,DCELT,211064835.0
83855973000130,2014,DCELT,237655684.0
83855973000130,2015,DCELT,245960075.0
83855973000130,2016,DCELT,260908162.0
83855973000130,2017,DCELT,268037904.0
83855973000130,2018,DCELT,271588127.0
83855973000130,2019,DCELT,270642264.0
83855973000130,2020,DCELT,278912648.0
83855973000130,2021,DCELT,288367933.0
83855973000130,2022,DCELT,283678296.0
83855973000130,2023,DCELT,298418255.0
85318640000105,2010,CERPALO,31296122.0
85318640000105,2011,CERPALO,32618504.0
85318640000105,2012,CERPALO,35045026.0
85318640000105,2013,CERPALO,36542799.0
85318640000105,2014,CERPALO,40872981.0
85318640000105,2015,CERPALO,42371825.0
85318640000105,2016,CERPALO,45064183.0
85318640000105,2017,CERPALO,49172355.0
85318640000105,2018,CERPALO,51583554.0
85318640000105,2019,CERPALO,51884123.0
85318640000105,2020,CERPALO,52499158.0
85318640000105,2021,CERPALO,56758278.0
85318640000105,2022,CERPALO,58363072.0
85318640000105,2023,CERPALO,61656653.0
85665990000130,2010,CEJAMA,24208236.0
85665990000130,2011,CEJAMA,27129675.0
85665990000130,2012,CEJAMA,29029288.0
85665990000130,2013,CEJAMA,29558594.0
85665990000130,2014,CEJAMA,31908882.0
85665990000130,2015,CEJAMA,30780551.0
85665990000130,2016,CEJAMA,29919969.0
85665990000130,2017,CEJAMA,31521368.0
85665990000130,2018,CEJAMA,31370084.0
85665990000130,2019,CEJAMA,33201769.0
85665990000130,2020,CEJAMA,35778115.0
85665990000130,2021,CEJAMA,37785693.0
85665990000130,2022,CEJAMA,41939460.0
85665990000130,2023,CEJAMA,43187826.0
86301124000122,2010,EFLJC,11551200.0
86301124000122,2011,EFLJC,12398591.12
86301124000122,2012,EFLJC,13188954.0
86301124000122,2013,EFLJC,13658903.0
86301124000122,2014,EFLJC,16379389.77996
86301124000122,2015,EFLJC,16730642.0
86301124000122,2016,EFLJC,16958093.0
86301124000122,2017,EFLJC,17206280.0
86301124000122,2018,EFLJC,17424185.0
86301124000122,2019,EFLJC,18425480.0
86301124000122,2020,EFLJC,20641503.0
86301124000122,2021,EFLJC,20478708.0
86301124000122,2022,EFLJC,21205559.0
86301124000122,2023,EFLJC,22138463.0
86433042000131,2010,CERBRANORTE,83890774.0
86433042000131,2011,CERBRANORTE,88622126.0
86433042000131,2012,CERBRANORTE,110678285.0
86433042000131,2013,CERBRANORTE,102263989.0
86433042000131,2014,CERBRANORTE,112992143.0
86433042000131,2015,CERBRANORTE,116227036.0
86433042000131,2016,CERBRANORTE,115918756.0
86433042000131,2017,CERBRANORTE,122070041.0
86433042000131,2018,CERBRANORTE,128087808.0
86433042000131,2019,CERBRANORTE,133564169.0
86433042000131,2020,CERBRANORTE,133094451.0
86433042000131,2021,CERBRANORTE,132558851.0
86433042000131,2022,CERBRANORTE,128718757.0
86433042000131,2023,CERBRANORTE,131644173.0
86439510000185,2010,CERGAL,49036260.0
86439510000185,2011,CERGAL,51841188.0
86439510000185,2012,CERGAL,55001686.48858
86439510000185,2013,CERGAL,58369620.30206
86439510000185,2014,CERGAL,62093107.77314
86439510000185,2015,CERGAL,62803367.14124
86439510000185,2016,CERGAL,63600225.497999996
86439510000185,2017,CERGAL,64460456.0
86439510000185,2018,CERGAL,67528079.0
86439510000185,2019,CERGAL,69539472.0
86439510000185,2020,CERGAL,72105424.0
86439510000185,2021,CERGAL,69972963.0
86439510000185,2022,CERGAL,69519638.0
86439510000185,2023,CERGAL,72207065.0
86444163000189,2018,CEGERO,12684750.0
86444163000189,2019,CEGERO,161546153.0
86444163000189,2020,CEGERO,160754627.0
86444163000189,2021,CEGERO,171935015.0
86444163000189,2022,CEGERO,170327758.0
86444163000189,2023,CEGERO,174643802.0
86448057000173,2010,COORSEL,34593842.0
86448057000173,2011,COORSEL,36140623.0
86448057000173,2012,COORSEL,37111232.96953
86448057000173,2013,COORSEL,39303401.92484
86448057000173,2014,COORSEL,44826134.25428
86448057000173,2015,COORSEL,41896836.94379
86448057000173,2016,COORSEL,44309333.026
86448057000173,2017,COORSEL,47390917.0
86448057000173,2018,COORSEL,50201274.0
86448057000173,2019,COORSEL,54379869.0
86448057000173,2020,COORSEL,56636954.0
86448057000173,2021,COORSEL,51523516.0
86448057000173,2022,COORSEL,48373048.0
86448057000173,2023,COORSEL,51216450.0
86449170000173,2010,CERGRAL,18134877.0
86449170000173,2011,CERGRAL,18840787.0
86449170000173,2012,CERGRAL,20385067.0
86449170000173,2013,CERGRAL,20787822.0
86449170000173,2014,CERGRAL,22938703.0
86449170000173,2015,CERGRAL,23015064.0
86449170000173,2016,CERGRAL,23750840.0
86449170000173,2017,CERGRAL,24683862.0
86449170000173,2018,CERGRAL,25872217.0
86449170000173,2019,CERGRAL,27300734.0
86449170000173,2020,CERGRAL,26585282.0
86449170000173,2021,CERGRAL,27695383.0
86449170000173,2022,CERGRAL,27805439.0
86449170000173,2023,CERGRAL,29147677.0
86512670000102,2010,CERSUL,104889071.0
86512670000102,2011,CERSUL,117958040.0
86512670000102,2012,CERSUL,126118839.0
86512670000102,2013,CERSUL,127269508.0
86512670000102,2014,CERSUL,138904792.0
86512670000102,2015,CERSUL,144203668.0
86512670000102,2016,CERSUL,142568496.0
86512670000102,2017,CERSUL,140366823.0
86512670000102,2018,CERSUL,132832604.0
86512670000102,2019,CERSUL,128935878.0
86512670000102,2020,CERSUL,131139269.0
86512670000102,2021,CERSUL,133922967.0
86512670000102,2022,CERSUL,128271442.0
86512670000102,2023,CERSUL,128513584.0
86531175000140,2010,EFLUL,82980055.0
86531175000140,2011,EFLUL,88194470.0
86531175000140,2012,EFLUL,93447586.0
86531175000140,2013,EFLUL,97480634.0
86531175000140,2014,EFLUL,102055870.797
86531175000140,2015,EFLUL,98414860.48900001
86531175000140,2016,EFLUL,95129604.825
86531175000140,2017,EFLUL,94375580.8
86531175000140,2018,EFLUL,96953941.61
86531175000140,2019,EFLUL,98530008.439
86531175000140,2020,EFLUL,109600616.101
86531175000140,2021,EFLUL,108860520.09
86531175000140,2022,EFLUL,102162234.51
86531175000140,2023,EFLUL,96203821.11
86532348000145,2010,COOPERCOCAL,13866245.0
86532348000145,2011,COOPERCOCAL,43436038.0
86532348000145,2012,COOPERCOCAL,49726058.0
86532348000145,2013,COOPERCOCAL,52785677.0
86532348000145,2014,COOPERCOCAL,57375334.0
86532348000145,2015,COOPERCOCAL,68148487.0
86532348000145,2016,COOPERCOCAL,81974269.0
86532348000145,2017,COOPERCOCAL,88776814.0
86532348000145,2018,COOPERCOCAL,92258687.0
86532348000145,2019,COOPERCOCAL,96192285.0
86532348000145,2020,COOPERCOCAL,100925294.0
86532348000145,2021,COOPERCOCAL,108976258.0
86532348000145,2022,COOPERCOCAL,108281291.0
86532348000145,2023,COOPERCOCAL,105370208.0
86533346000170,2010,CERMOFUL,34581294.0
86533346000170,2011,CERMOFUL,89871876.0
86533346000170,2012,CERMOFUL,96849410.0
86533346000170,2013,CERMOFUL,104342693.0
86533346000170,2014,CERMOFUL,116317912.0
86533346000170,2015,CERMOFUL,113045419.0
86533346000170,2016,CERMOFUL,107234628.0
86533346000170,2017,CERMOFUL,109991349.0
86533346000170,2018,CERMOFUL,109530980.0
86533346000170,2019,CERMOFUL,116681790.0
86533346000170,2020,CERMOFUL,127305871.0
86533346000170,2021,CERMOFUL,140200124.0
86533346000170,2022,CERMOFUL,146125265.0
86533346000170,2023,CERMOFUL,153259379.0
87462750000163,2019,COOPERSUL,15951596.0
87462750000163,2020,COOPERSUL,20031140.0
87462750000163,2021,COOPERSUL,19376864.0
87462750000163,2022,COOPERSUL,19993044.0
87462750000163,2023,COOPERSUL,20810800.0
87656989000174,2010,CERILUZ,47261421.0
87656989000174,2011,CERILUZ,92966211.0
87656989000174,2012,CERILUZ,99158555.0
87656989000174,2013,CERILUZ,107349620.0
87656989000174,2014,CERILUZ,119901374.0
87656989000174,2015,CERILUZ,115123275.0
87656989000174,2016,CERILUZ,122088423.0
87656989000174,2017,CERILUZ,121702512.0
87656989000174,2018,CERILUZ,128737020.0
87656989000174,2019,CERILUZ,137345048.0
87656989000174,2020,CERILUZ,151343415.0
87656989000174,2021,CERILUZ,154761218.0
87656989000174,2022,CERILUZ,147551819.0
87656989000174,2023,CERILUZ,155049979.0
87776043000141,2020,CELETRO,8813221.0
87776043000141,2021,CELETRO,87452424.0
87776043000141,2022,CELETRO,89609886.0
87776043000141,2023,CELETRO,80323064.0
88022918000182,2019,COOPERNORTE,12109446.0
88022918000182,2020,COOPERNORTE,16790462.0
88022918000182,2021,COOPERNORTE,16891089.0
88022918000182,2022,COOPERNORTE,15950327.0
88022918000182,2023,COOPERNORTE,15680208.0
88446034000155,2010,ELETROCAR,144850638.0
88446034000155,2011,ELETROCAR,153716305.0
88446034000155,2012,ELETROCAR,162995053.0
88446034000155,2013,ELETROCAR,173154172.0
88446034000155,2014,ELETROCAR,184476930.0
88446034000155,2015,ELETROCAR,173863385.0
88446034000155,2016,ELETROCAR,177236998.0
88446034000155,2017,ELETROCAR,182655146.0
88446034000155,2018,ELETROCAR,183837875.0
88446034000155,2019,ELETROCAR,185084790.0
88446034000155,2020,ELETROCAR,185149706.0
88446034000155,2021,ELETROCAR,194127586.0
88446034000155,2022,ELETROCAR,187010396.0
88446034000155,2023,ELETROCAR,179354181.0
89435598000155,2010,Não Informado,10578542.0
89435598000155,2011,Não Informado,32061154.0
89435598000155,2012,Não Informado,35331284.0
89435598000155,2013,Não Informado,37486499.0
89435598000155,2014,Não Informado,45952008.0
89435598000155,2015,Não Informado,53028233.0
89435598000155,2016,Não Informado,53866434.0
89435598000155,2017,Não Informado,56207444.0
89435598000155,2018,Não Informado,55780647.0
89435598000155,2019,Não Informado,65230497.0
89435598000155,2020,Não Informado,69822511.0
89435598000155,2021,Não Informado,70397554.0
89435598000155,2022,Não Informado,71851292.0
89435598000155,2023,Não Informado,82399861.0
89889604000144,2010,UHENPAL,57983413.0
89889604000144,2011,UHENPAL,63709603.0
89889604000144,2012,UHENPAL,61967458.0
89889604000144,2013,UHENPAL,61658534.0
89889604000144,2014,UHENPAL,67776517.0
89889604000144,2015,UHENPAL,63217122.0
89889604000144,2016,UHENPAL,63662046.0
89889604000144,2017,UHENPAL,67755664.0
89889604000144,2018,UHENPAL,71126923.0
89889604000144,2019,UHENPAL,75952132.0
89889604000144,2020,UHENPAL,80315623.0
89889604000144,2021,UHENPAL,74877494.0
89889604000144,2022,UHENPAL,77886106.0
89889604000144,2023,UHENPAL,76336531.0
90660754000160,2010,COPREL,218201477.0
90660754000160,2011,COPREL,286867801.0
90660754000160,2012,COPREL,315769418.0
90660754000160,2013,COPREL,324642219.0
90660754000160,2014,COPREL,370744517.0
90660754000160,2015,COPREL,374107213.0
90660754000160,2016,COPREL,378908273.0
90660754000160,2017,COPREL,395089709.0
90660754000160,2018,COPREL,408947396.0
90660754000160,2019,COPREL,430812527.0
90660754000160,2020,COPREL,474721249.0
90660754000160,2021,COPREL,498617815.0
90660754000160,2022,COPREL,504329360.0
90660754000160,2023,COPREL,496362484.0
91950261000128,2010,CRELUZ-D,35902102.0
91950261000128,2011,CRELUZ-D,67329228.0
91950261000128,2012,CRELUZ-D,73856083.0
91950261000128,2013,CRELUZ-D,76100101.0
91950261000128,2014,CRELUZ-D,83330570.0
91950261000128,2015,CRELUZ-D,83874164.0
91950261000128,2016,CRELUZ-D,87175383.0
91950261000128,2017,CRELUZ-D,91913807.0
91950261000128,2018,CRELUZ-D,96032566.0
91950261000128,2019,CRELUZ-D,100616759.0
91950261000128,2020,CRELUZ-D,110685442.0
91950261000128,2021,CRELUZ-D,112292423.0
91950261000128,2022,CRELUZ-D,117423533.0
91950261000128,2023,CRELUZ-D,106857559.0
91982348000187,2010,HIDROPAN,92705372.0
91982348000187,2011,HIDROPAN,101257031.0
91982348000187,2012,HIDROPAN,104872377.0
91982348000187,2013,HIDROPAN,114809501.0
91982348000187,2014,HIDROPAN,120010665.0
91982348000187,2015,HIDROPAN,106082660.0
91982348000187,2016,HIDROPAN,103838067.0
91982348000187,2017,HIDROPAN,112312335.0
91982348000187,2018,HIDROPAN,118417408.0
91982348000187,2019,HIDROPAN,119544677.0
91982348000187,2020,HIDROPAN,112959350.0
91982348000187,2021,HIDROPAN,121322752.0
91982348000187,2022,HIDROPAN,125711337.0
91982348000187,2023,HIDROPAN,120506902.0
95289500000100,2010,DEMEI,109133015.0
95289500000100,2011,DEMEI,121753788.0
95289500000100,2012,DEMEI,133296862.0
95289500000100,2013,DEMEI,124642815.0
95289500000100,2014,DEMEI,138289155.0
95289500000100,2015,DEMEI,128452929.0
95289500000100,2016,DEMEI,135655241.0
95289500000100,2017,DEMEI,135516394.0
95289500000100,2018,DEMEI,134535611.0
95289500000100,2019,DEMEI,137989690.0
95289500000100,2020,DEMEI,143271381.0
95289500000100,2021,DEMEI,141633922.0
95289500000100,2022,DEMEI,138945167.0
95289500000100,2023,DEMEI,138495141.0
95824322000161,2010,COOPERLUZ,20315726.0
95824322000161,2011,COOPERLUZ,44825905.0
95824322000161,2012,COOPERLUZ,47594130.0
95824322000161,2013,COOPERLUZ,48010012.0
95824322000161,2014,COOPERLUZ,53088272.0
95824322000161,2015,COOPERLUZ,53871478.0
95824322000161,2016,COOPERLUZ,55301754.0
95824322000161,2017,COOPERLUZ,58135697.0
95824322000161,2018,COOPERLUZ,60450240.0
95824322000161,2019,COOPERLUZ,64274594.0
95824322000161,2020,COOPERLUZ,69781985.0
95824322000161,2021,COOPERLUZ,70322643.0
95824322000161,2022,COOPERLUZ,70481382.0
95824322000161,2023,COOPERLUZ,67947979.0
97081434000103,2010,CERMISSÕES,45366610.0
97081434000103,2011,CERMISSÕES,83684023.0
97081434000103,2012,CERMISSÕES,88552080.0
97081434000103,2013,CERMISSÕES,87533363.0
97081434000103,2014,CERMISSÕES,98771847.0
97081434000103,2015,CERMISSÕES,97492673.0
97081434000103,2016,CERMISSÕES,106883292.0
97081434000103,2017,CERMISSÕES,111644116.0
97081434000103,2018,CERMISSÕES,116014435.0
97081434000103,2019,CERMISSÕES,120056808.0
97081434000103,2020,CERMISSÕES,141456848.0
97081434000103,2021,CERMISSÕES,132591013.0
97081434000103,2022,CERMISSÕES,137453672.0
97081434000103,2023,CERMISSÕES,124784784.0
97505838000179,2018,CERFOX,10180878.0
97505838000179,2019,CERFOX,59444075.0
97505838000179,2020,CERFOX,63339407.0
97505838000179,2021,CERFOX,62918588.0
97505838000179,2022,CERFOX,63094895.0
97505838000179,2023,CERFOX,59727940.0
97578090000134,2010,MUXENERGIA,52624877.0
97578090000134,2011,MUXENERGIA,55181960.0
97578090000134,2012,MUXENERGIA,58428621.0
97578090000134,2013,MUXENERGIA,59169255.0
97578090000134,2014,MUXENERGIA,62061096.0
97578090000134,2015,MUXENERGIA,61517006.0
97578090000134,2016,MUXENERGIA,66507038.0
97578090000134,2017,MUXENERGIA,67211868.0
97578090000134,2018,MUXENERGIA,69110843.0
97578090000134,2019,MUXENERGIA,74658116.0
97578090000134,2020,MUXENERGIA,75786278.0
97578090000134,2021,MUXENERGIA,74372166.0
97578090000134,2022,MUXENERGIA,73157934.0
97578090000134,2023,MUXENERGIA,72444917.0
97839922000129,2010,CERTAJA,83353696.0
97839922000129,2011,CERTAJA,84539352.0
97839922000129,2012,CERTAJA,89532568.0
97839922000129,2013,CERTAJA,90914163.0
97839922000129,2014,CERTAJA,99496179.0
97839922000129,2015,CERTAJA,96709074.0
97839922000129,2016,CERTAJA,99335726.0
97839922000129,2017,CERTAJA,104397173.0
97839922000129,2018,CERTAJA,105173662.0
97839922000129,2019,CERTAJA,110155715.0
97839922000129,2020,CERTAJA,112791913.0
97839922000129,2021,CERTAJA,113003732.0
97839922000129,2022,CERTAJA,114371381.0
97839922000129,2023,CERTAJA,121389691.0
98042963000152,2018,CERTHIL,10236709.0
98042963000152,2019,CERTHIL,61952667.0
98042963000152,2020,CERTHIL,70743224.0
98042963000152,2021,CERTHIL,72218964.0
98042963000152,2022,CERTHIL,73233779.0
98042963000152,2023,CERTHIL,74145871.0
